frame,track_id,class,team,x1,y1,x2,y2,pitch_x_m,pitch_y_m
0,1,player,1,44.8,252.6,72.2,310.7,16.18,41.4
0,2,player,1,121.1,202.5,151.1,245.8,39.99,30.57
0,3,player,1,262.0,240.6,291.4,290.8,82.9,37.87
0,4,player,1,121.5,259.2,152.5,316.5,40.23,42.29
0,5,player,1,282.8,246.8,326.3,298.4,91.38,39.11
0,6,player,1,230.2,5.0,266.7,53.4,74.07,-1.02
0,7,player,1,85.4,6.3,120.7,53.9,30.09,-0.88
0,8,player,1,19.8,5.1,52.2,54.0,9.73,-0.83
0,9,player,2,157.0,8.7,188.8,53.7,51.24,-0.94
0,10,player,1,295.7,6.1,329.8,54.5,93.45,-0.87
1,1,player,1,45.2,252.7,72.2,310.2,16.23,41.32
1,2,player,1,125.6,202.4,155.7,245.9,41.39,30.58
1,3,player,1,268.2,241.2,292.6,283.2,84.02,36.62
1,4,player,1,125.8,259.0,156.6,315.7,41.51,42.15
1,5,player,1,289.1,245.5,332.4,296.9,93.28,38.85
1,6,player,1,230.3,5.0,266.8,53.4,74.1,-1.02
1,7,player,1,85.4,6.3,120.7,54.0,30.09,-0.87
1,8,player,1,19.9,5.1,52.2,53.9,9.74,-0.85
1,9,player,2,157.0,8.6,189.0,53.9,51.27,-0.92
1,10,player,1,295.5,6.1,329.6,54.5,93.41,-0.88
2,1,player,1,49.8,251.0,71.5,297.3,16.85,39.18
2,2,player,1,129.7,203.0,159.8,246.5,42.63,30.68
2,3,player,1,269.0,242.0,292.0,282.0,84.04,36.41
2,4,player,1,127.9,258.6,159.7,317.0,42.31,42.35
2,5,player,1,290.1,244.4,333.9,296.5,93.66,38.79
2,6,player,1,230.3,5.0,266.8,53.4,74.11,-1.03
2,7,player,1,85.4,6.4,120.7,54.0,30.08,-0.86
2,8,player,1,19.9,5.1,52.2,53.9,9.76,-0.85
2,9,player,2,157.0,8.5,189.0,53.8,51.26,-0.93
2,10,player,1,295.5,6.2,329.6,54.5,93.41,-0.88
3,1,player,1,51.1,250.6,71.0,293.2,16.98,38.5
3,2,player,1,130.5,203.3,160.6,246.7,42.88,30.71
3,3,player,1,269.1,242.3,291.7,281.9,84.0,36.4
3,4,player,1,128.4,258.5,160.8,317.3,42.55,42.42
3,5,player,1,290.1,244.0,334.1,296.5,93.69,38.78
3,6,player,1,230.4,5.0,266.8,53.4,74.12,-1.03
3,7,player,1,85.4,6.4,120.7,54.0,30.07,-0.86
3,8,player,1,19.9,5.1,52.3,53.9,9.76,-0.85
3,9,player,2,157.0,8.5,189.0,53.8,51.26,-0.93
3,10,player,1,295.5,6.2,329.6,54.5,93.4,-0.88
3,14,player,1,0.0,323.2,12.2,385.9,-0.09,54.03
4,1,player,1,54.1,249.6,79.2,303.0,18.69,40.12
4,2,player,1,132.9,203.2,162.8,246.5,43.57,30.67
4,3,player,1,270.4,241.9,297.2,289.2,85.05,37.6
4,4,player,1,129.0,258.6,162.6,318.4,42.93,42.6
4,5,player,1,285.6,243.4,329.4,297.1,92.28,38.89
4,6,player,1,230.2,5.0,266.7,53.4,74.06,-1.02
4,7,player,1,85.5,6.4,120.6,53.8,30.08,-0.89
4,8,player,1,19.8,5.1,52.2,53.9,9.74,-0.85
4,9,player,2,157.0,8.6,188.9,53.7,51.27,-0.94
4,10,player,1,295.2,6.2,329.3,54.5,93.32,-0.88
5,1,player,1,55.0,248.3,80.7,301.6,19.05,39.89
5,2,player,1,133.9,203.7,163.2,246.5,43.8,30.67
5,3,player,1,271.6,241.5,300.3,291.5,85.71,37.98
5,4,player,1,131.0,259.9,165.1,320.1,43.62,42.87
5,5,player,1,288.2,243.6,331.2,297.4,92.95,38.94
5,6,player,1,230.2,5.1,266.6,53.4,74.06,-1.02
5,7,player,1,85.5,6.4,120.6,53.9,30.09,-0.88
5,8,player,1,19.8,5.1,52.1,53.9,9.72,-0.85
5,9,player,2,157.1,8.6,189.0,53.7,51.29,-0.94
5,10,player,1,295.1,6.2,329.3,54.6,93.29,-0.86
5,14,player,1,1.2,313.0,11.2,364.3,-0.0,50.4
6,1,player,1,55.4,247.2,82.7,302.1,19.42,39.97
6,2,player,1,137.7,204.4,165.9,246.2,44.79,30.62
6,3,player,1,268.7,241.7,298.1,293.2,84.93,38.27
6,4,player,1,130.9,260.8,164.8,320.3,43.54,42.9
6,5,player,1,288.1,242.9,329.8,296.5,92.73,38.79
6,6,player,1,230.3,5.0,266.7,53.3,74.08,-1.03
6,7,player,1,85.5,6.4,120.8,53.9,30.11,-0.87
6,8,player,1,19.8,5.1,52.1,53.9,9.72,-0.85
6,9,player,2,157.1,8.6,189.1,53.7,51.3,-0.94
6,10,player,1,295.3,6.1,329.5,54.5,93.37,-0.87
6,14,player,1,5.3,309.8,16.0,362.0,1.36,50.02
7,1,player,1,55.9,246.3,82.1,298.8,19.41,39.42
7,2,player,1,142.4,204.0,170.9,246.3,46.27,30.63
7,3,player,1,267.4,242.0,297.1,295.2,84.6,38.6
7,4,player,1,127.4,262.0,161.1,320.9,42.45,43.02
7,5,player,1,289.2,241.5,330.6,295.7,93.01,38.66
7,6,player,1,230.3,5.0,266.8,53.4,74.1,-1.03
7,7,player,1,85.5,6.4,120.8,54.0,30.11,-0.86
7,8,player,1,19.9,5.1,52.4,53.9,9.78,-0.84
7,9,player,2,157.0,8.6,188.9,53.7,51.25,-0.94
7,10,player,1,295.2,6.1,329.5,54.6,93.35,-0.86
8,1,player,1,57.3,246.0,80.3,291.9,19.37,38.27
8,2,player,1,145.5,203.8,173.7,245.0,47.17,30.42
8,3,player,1,269.4,241.8,298.3,295.8,85.08,38.7
8,4,player,1,128.1,262.6,162.2,321.2,42.72,43.05
8,5,player,1,291.2,240.1,329.5,290.7,93.14,37.83
8,6,player,1,230.3,5.0,266.7,53.4,74.09,-1.02
8,7,player,1,85.5,6.4,120.7,53.9,30.09,-0.88
8,8,player,1,19.9,5.1,52.3,53.9,9.77,-0.84
8,9,player,2,156.9,8.5,188.9,53.7,51.24,-0.95
8,10,player,1,295.3,6.2,329.5,54.6,93.36,-0.87
8,14,player,1,5.8,308.6,19.6,373.7,1.98,51.97
9,1,player,1,56.6,246.0,83.4,300.0,19.72,39.61
9,2,player,1,146.1,203.7,174.5,244.6,47.39,30.35
9,3,player,1,270.4,241.8,298.3,296.0,85.24,38.73
9,4,player,1,128.2,262.9,162.7,321.2,42.81,43.07
9,5,player,1,291.9,239.6,329.0,288.9,93.17,37.53
9,6,player,1,230.3,5.0,266.8,53.4,74.1,-1.02
9,7,player,1,85.4,6.4,120.6,53.9,30.08,-0.88
9,8,player,1,19.9,5.1,52.3,53.9,9.76,-0.84
9,9,player,2,156.9,8.5,188.9,53.7,51.24,-0.95
9,10,player,1,295.3,6.2,329.5,54.5,93.36,-0.87
9,14,player,1,5.5,308.1,20.5,376.1,2.06,52.38
10,1,player,1,57.2,245.3,85.3,301.7,20.09,39.9
10,2,player,1,148.6,203.6,177.8,245.6,48.26,30.51
10,3,player,1,271.5,241.3,296.6,291.3,85.14,37.95
10,4,player,1,129.1,262.1,164.8,320.8,43.29,42.99
10,5,player,1,292.9,239.4,327.6,286.0,93.11,37.05
10,6,player,1,230.3,5.0,266.8,53.4,74.1,-1.02
10,7,player,1,85.4,6.4,120.6,53.8,30.07,-0.89
10,8,player,1,19.9,5.1,52.3,53.9,9.76,-0.84
10,9,player,2,157.0,8.5,188.9,53.7,51.25,-0.94
10,10,player,1,295.5,6.1,329.6,54.5,93.41,-0.87
10,14,player,1,7.8,306.5,23.9,376.6,2.93,52.46
11,1,player,1,59.9,244.4,88.2,301.4,20.97,39.84
11,2,player,1,150.3,203.7,180.0,246.7,48.86,30.69
11,3,player,1,273.4,240.9,296.6,286.6,85.41,37.17
11,4,player,1,131.6,262.4,168.0,320.9,44.14,43.0
11,5,player,1,289.1,238.1,322.9,284.0,91.82,36.71
11,6,player,1,230.4,5.1,266.8,53.4,74.11,-1.02
11,7,player,1,85.5,6.4,120.6,53.8,30.08,-0.9
11,8,player,1,19.8,5.1,52.3,53.9,9.75,-0.85
11,9,player,2,157.0,8.6,188.9,53.7,51.26,-0.95
11,10,player,1,295.5,6.1,329.7,54.5,93.42,-0.87
11,14,player,1,10.1,304.6,27.2,374.8,3.79,52.16
12,1,player,1,63.7,243.4,90.5,296.9,21.89,39.09
12,2,player,1,150.3,203.9,179.6,247.4,48.79,30.8
12,3,player,1,273.2,240.4,299.6,290.9,85.85,37.88
12,4,player,1,131.4,262.7,169.1,321.6,44.3,43.12
12,5,player,1,286.5,237.5,322.1,286.3,91.29,37.1
12,6,player,1,230.5,5.1,266.8,53.4,74.14,-1.02
12,7,player,1,85.5,6.4,120.7,53.8,30.1,-0.89
12,8,player,1,19.8,5.1,52.3,54.0,9.75,-0.84
12,9,player,2,157.1,8.5,189.0,53.7,51.28,-0.94
12,10,player,1,295.5,6.1,329.6,54.6,93.41,-0.87
12,14,player,1,13.4,302.8,30.9,369.7,4.88,51.3
13,1,player,1,64.1,241.9,90.9,295.3,22.02,38.83
13,2,player,1,151.6,204.0,180.3,247.6,49.11,30.83
13,3,player,1,269.0,240.2,296.4,293.0,84.73,38.24
13,4,player,1,131.0,263.6,168.9,322.5,44.2,43.27
13,5,player,1,289.1,237.7,324.6,287.2,92.06,37.24
13,6,player,1,230.3,5.1,266.7,53.4,74.09,-1.02
13,7,player,1,85.5,6.4,120.6,53.7,30.08,-0.9
13,8,player,1,19.8,5.1,52.2,53.8,9.73,-0.85
13,9,player,2,157.1,8.5,189.1,53.7,51.29,-0.94
13,10,player,1,295.4,6.1,329.5,54.5,93.38,-0.87
13,14,player,1,16.5,301.2,34.7,367.0,5.97,50.83
14,1,player,1,65.9,240.8,93.8,295.9,22.74,38.92
14,2,player,1,154.4,204.0,183.5,248.1,50.03,30.92
14,3,player,1,265.9,240.5,293.6,295.1,83.83,38.58
14,4,player,1,129.3,264.0,166.8,323.1,43.62,43.36
14,5,player,1,290.4,238.2,326.1,287.8,92.49,37.35
14,6,player,1,230.3,5.1,266.7,53.4,74.09,-1.02
14,7,player,1,85.4,6.4,120.6,53.8,30.06,-0.89
14,8,player,1,19.7,5.1,52.2,53.9,9.71,-0.85
14,9,player,2,157.0,8.6,188.9,53.7,51.26,-0.95
14,10,player,1,295.5,6.1,329.6,54.5,93.4,-0.88
14,14,player,1,19.9,300.2,38.6,365.9,7.09,50.64
15,1,player,1,67.5,240.4,95.3,295.8,23.23,38.9
15,2,player,1,156.4,204.0,185.3,247.5,50.6,30.81
15,3,player,1,266.7,241.4,293.7,297.3,83.98,38.95
15,4,player,1,127.2,264.1,163.7,323.1,42.81,43.37
15,5,player,1,289.5,239.5,325.7,289.5,92.3,37.63
15,6,player,1,230.3,5.1,266.7,53.4,74.09,-1.02
15,7,player,1,85.4,6.4,120.6,53.9,30.06,-0.88
15,8,player,1,19.7,5.1,52.1,53.9,9.71,-0.85
15,9,player,2,157.0,8.5,189.0,53.7,51.26,-0.94
15,10,player,1,295.6,6.1,329.6,54.4,93.42,-0.88
15,14,player,1,21.7,299.2,41.2,365.7,7.75,50.62
15,18,player,1,0.4,244.1,16.1,284.9,0.8,37.17
16,1,player,1,68.0,240.3,95.6,295.8,23.34,38.9
16,2,player,1,156.9,204.1,185.8,247.2,50.76,30.77
16,3,player,1,267.4,241.8,293.4,298.2,84.03,39.09
16,4,player,1,126.6,264.1,162.1,323.1,42.49,43.38
16,5,player,1,289.1,240.0,325.5,290.2,92.21,37.74
16,6,player,1,230.4,5.1,266.7,53.4,74.1,-1.02
16,7,player,1,85.4,6.4,120.6,53.9,30.06,-0.87
16,8,player,1,19.7,5.1,52.1,53.9,9.71,-0.85
16,9,player,2,157.0,8.5,189.0,53.7,51.27,-0.94
16,10,player,1,295.6,6.1,329.6,54.4,93.43,-0.89
16,14,player,1,21.8,298.6,42.0,365.6,7.89,50.59
16,18,player,1,0.5,244.0,16.1,284.6,0.81,37.13
17,1,player,1,68.0,240.0,95.1,295.9,23.27,38.93
17,2,player,1,156.3,204.3,185.4,247.9,50.59,30.88
17,3,player,1,267.4,242.6,292.9,298.1,83.96,39.09
17,4,player,1,127.6,264.1,162.9,322.8,42.75,43.33
17,5,player,1,288.6,241.3,324.2,291.5,91.93,37.95
17,6,player,1,230.4,5.1,266.7,53.4,74.1,-1.02
17,7,player,1,85.4,6.3,120.7,53.9,30.08,-0.88
17,8,player,1,19.8,5.1,52.3,54.0,9.75,-0.83
17,9,player,2,156.9,8.5,188.9,53.7,51.25,-0.94
17,10,player,1,295.5,6.1,329.6,54.4,93.41,-0.88
17,14,player,1,24.4,297.6,45.0,365.0,8.77,50.5
18,1,player,1,69.8,239.8,95.5,294.5,23.61,38.7
18,2,player,1,156.0,205.6,184.2,248.5,50.37,30.99
18,3,player,1,267.8,243.4,293.2,298.1,84.07,39.08
18,4,player,1,127.2,263.6,162.4,321.4,42.63,43.09
18,5,player,1,286.1,242.2,319.9,291.7,90.91,38.0
18,6,player,1,230.3,5.1,266.7,53.4,74.1,-1.02
18,7,player,1,85.5,6.4,120.7,53.8,30.09,-0.89
18,8,player,1,19.8,5.1,52.2,53.8,9.75,-0.86
18,9,player,2,156.9,8.5,188.9,53.7,51.23,-0.94
18,10,player,1,295.5,6.1,329.5,54.5,93.4,-0.87
18,14,player,1,26.5,295.8,47.6,364.6,9.49,50.42
19,1,player,1,72.2,238.0,95.5,287.6,23.98,37.55
19,2,player,1,155.1,205.9,182.0,248.5,49.9,30.98
19,3,player,1,264.6,243.4,290.2,296.8,83.11,38.87
19,4,player,1,125.6,265.1,161.1,321.1,42.17,43.04
19,5,player,1,285.6,242.8,319.0,292.5,90.7,38.13
19,6,player,1,230.3,5.0,266.7,53.4,74.08,-1.03
19,7,player,1,85.4,6.4,120.6,53.9,30.07,-0.88
19,8,player,1,19.8,5.1,52.3,53.8,9.75,-0.86
19,9,player,2,157.0,8.6,188.8,53.6,51.24,-0.95
19,10,player,1,295.5,6.1,329.6,54.5,93.4,-0.88
19,14,player,1,28.9,294.3,50.2,361.3,10.26,49.86
20,1,player,1,73.6,236.5,97.6,287.4,24.53,37.5
20,2,player,1,156.1,206.3,183.7,250.0,50.32,31.23
20,3,player,1,261.8,243.8,288.0,296.8,82.35,38.87
20,4,player,1,121.9,263.5,160.0,322.1,41.45,43.22
20,5,player,1,281.6,242.8,315.8,292.5,89.61,38.14
20,6,player,1,230.2,5.1,266.6,53.4,74.07,-1.03
20,7,player,1,85.4,6.4,120.6,53.9,30.06,-0.88
20,8,player,1,20.0,5.1,52.4,53.7,9.79,-0.87
20,9,player,2,157.0,8.6,188.9,53.7,51.25,-0.95
20,10,player,1,295.5,6.1,329.5,54.4,93.4,-0.89
20,14,player,1,30.3,292.7,51.9,356.5,10.75,49.07
21,1,player,1,75.2,235.8,100.2,287.6,25.16,37.53
21,2,player,1,155.7,205.9,183.4,248.7,50.2,31.01
21,3,player,1,260.4,244.6,287.5,299.7,82.08,39.35
21,4,player,1,119.0,263.4,158.2,323.9,40.73,43.51
21,5,player,1,281.3,242.9,316.0,292.7,89.58,38.16
21,6,player,1,230.2,5.0,266.6,53.4,74.05,-1.03
21,7,player,1,85.4,6.4,120.6,53.9,30.06,-0.88
21,8,player,1,19.8,5.1,52.3,53.8,9.76,-0.86
21,9,player,2,157.1,8.6,188.9,53.6,51.27,-0.95
21,10,player,1,295.5,6.1,329.6,54.4,93.41,-0.88
21,14,player,1,31.7,291.9,54.2,354.8,11.33,48.77
22,1,player,1,75.4,235.6,101.0,287.7,25.31,37.55
22,2,player,1,155.2,205.9,183.4,248.4,50.13,30.97
22,3,player,1,259.8,244.6,287.3,300.7,81.95,39.51
22,4,player,1,117.8,263.4,157.4,324.7,40.4,43.65
22,5,player,1,280.9,242.7,316.4,292.7,89.59,38.17
22,6,player,1,230.1,5.0,266.6,53.4,74.05,-1.03
22,7,player,1,85.3,6.4,120.6,53.9,30.06,-0.88
22,8,player,1,19.8,5.1,52.3,53.9,9.75,-0.85
22,9,player,2,157.1,8.6,189.0,53.6,51.28,-0.95
22,10,player,1,295.6,6.1,329.6,54.5,93.42,-0.88
22,14,player,1,31.8,291.7,55.2,354.1,11.49,48.66
23,1,player,1,74.1,235.3,99.6,288.0,24.9,37.6
23,2,player,1,155.6,205.8,184.3,248.1,50.33,30.92
23,3,player,1,257.9,246.0,284.3,302.2,81.21,39.77
23,4,player,1,113.5,264.6,152.3,324.8,38.98,43.68
23,5,player,1,280.3,242.5,315.1,290.7,89.29,37.84
23,6,player,1,230.3,5.0,266.7,53.4,74.09,-1.03
23,7,player,1,85.4,6.4,120.7,53.9,30.09,-0.87
23,8,player,1,19.7,5.1,52.2,53.8,9.73,-0.85
23,9,player,2,157.1,8.6,188.9,53.5,51.26,-0.97
23,10,player,1,295.5,6.1,329.6,54.5,93.41,-0.87
23,14,player,1,32.8,291.9,57.1,354.1,11.93,48.65
24,1,player,1,75.6,235.1,100.4,288.1,25.24,37.62
24,2,player,1,155.8,205.9,184.8,248.8,50.43,31.04
24,3,player,1,257.2,247.1,278.9,293.6,80.26,38.35
24,4,player,1,109.6,264.0,148.5,325.1,37.8,43.73
24,5,player,1,279.6,242.8,313.9,291.0,88.99,37.88
24,6,player,1,230.4,5.0,266.9,53.4,74.13,-1.02
24,7,player,1,85.5,6.4,120.8,53.9,30.1,-0.87
24,8,player,1,19.8,5.1,52.5,54.0,9.78,-0.83
24,9,player,2,157.1,8.6,188.9,53.5,51.27,-0.97
24,10,player,1,295.5,6.1,329.5,54.4,93.39,-0.89
24,14,player,1,36.8,292.0,61.8,354.9,13.27,48.79
25,1,player,1,77.4,234.7,101.9,288.0,25.75,37.6
25,2,player,1,156.4,206.1,185.2,249.9,50.57,31.21
25,3,player,1,258.2,247.4,282.9,299.3,81.03,39.29
25,4,player,1,110.1,264.2,149.2,325.2,37.97,43.74
25,5,player,1,277.3,242.8,309.9,290.2,88.05,37.76
25,6,player,1,230.4,5.1,266.8,53.4,74.12,-1.02
25,7,player,1,85.5,6.4,120.7,53.8,30.09,-0.89
25,8,player,1,19.8,5.1,52.4,54.0,9.76,-0.83
25,9,player,2,157.1,8.7,188.9,53.6,51.28,-0.96
25,10,player,1,295.5,6.1,329.5,54.5,93.39,-0.87
25,14,player,1,42.0,291.0,67.7,354.9,14.98,48.78
26,1,player,1,80.9,233.6,105.8,287.7,26.89,37.54
26,2,player,1,157.0,207.2,184.3,250.2,50.54,31.26
26,3,player,1,258.6,247.7,284.2,299.2,81.29,39.27
26,4,player,1,113.4,263.7,152.9,324.9,39.04,43.69
26,5,player,1,276.9,242.7,310.8,292.6,88.12,38.16
26,6,player,1,230.4,5.0,266.8,53.4,74.13,-1.02
26,7,player,1,85.4,6.4,120.7,53.9,30.08,-0.88
26,8,player,1,19.7,5.1,52.3,53.9,9.74,-0.84
26,9,player,2,157.1,8.6,189.1,53.7,51.29,-0.94
26,10,player,1,295.5,6.1,329.4,54.3,93.38,-0.9
26,14,player,1,48.6,289.7,74.7,353.9,17.07,48.61
26,18,player,1,0.0,240.2,13.5,288.3,0.34,37.74
27,1,player,1,83.5,232.7,106.5,282.5,27.39,36.68
27,2,player,1,159.4,207.4,186.4,250.1,51.23,31.25
27,3,player,1,255.9,248.3,280.9,299.2,80.39,39.28
27,4,player,1,114.6,269.6,151.2,323.8,38.96,43.51
27,5,player,1,277.3,242.3,311.2,291.9,88.24,38.03
27,6,player,1,230.5,5.0,266.8,53.4,74.14,-1.02
27,7,player,1,85.4,6.4,120.7,53.8,30.08,-0.89
27,8,player,1,19.7,5.1,52.3,53.9,9.74,-0.84
27,9,player,2,157.0,8.5,189.0,53.7,51.28,-0.94
27,10,player,1,295.5,6.1,329.4,54.3,93.38,-0.91
27,14,player,1,55.0,288.2,81.2,351.8,19.05,48.25
27,18,player,1,0.0,239.3,15.3,288.3,0.61,37.74
28,1,player,1,84.3,232.4,106.5,280.2,27.52,36.3
28,2,player,1,160.1,207.5,186.9,250.1,51.4,31.24
28,3,player,1,254.8,248.5,279.5,299.5,80.0,39.33
28,4,player,1,113.5,268.1,151.7,323.3,38.89,43.42
28,5,player,1,276.8,242.1,310.9,291.4,88.13,37.95
28,6,player,1,230.5,5.0,266.8,53.4,74.14,-1.02
28,7,player,1,85.4,6.4,120.7,53.8,30.08,-0.89
28,8,player,1,19.7,5.1,52.3,53.9,9.74,-0.84
28,9,player,2,157.0,8.5,189.0,53.7,51.28,-0.94
28,10,player,1,295.5,6.1,329.4,54.3,93.38,-0.91
28,14,player,1,57.1,287.7,83.4,351.1,19.72,48.13
28,18,player,1,0.0,238.9,15.9,288.3,0.69,37.73
29,1,player,1,86.6,231.5,109.1,280.0,28.26,36.27
29,2,player,1,161.9,207.9,188.3,249.4,51.89,31.12
29,3,player,1,255.0,249.1,277.1,295.9,79.65,38.72
29,4,player,1,113.3,269.1,151.8,324.2,38.87,43.57
29,5,player,1,278.6,242.1,312.2,290.3,88.6,37.77
29,6,player,1,230.5,5.0,266.9,53.4,74.15,-1.02
29,7,player,1,85.4,6.4,120.7,53.8,30.08,-0.89
29,8,player,1,19.5,5.1,52.1,53.9,9.67,-0.84
29,9,player,2,157.0,8.5,189.0,53.7,51.26,-0.94
29,10,player,1,295.4,6.1,329.4,54.4,93.37,-0.89
29,14,player,1,61.7,287.0,87.9,349.6,21.12,47.87
29,18,player,1,1.0,238.9,18.5,287.1,1.25,37.53
30,1,player,1,90.4,230.8,110.4,274.3,29.07,35.33
30,2,player,1,162.5,207.9,189.7,250.0,52.2,31.22
30,3,player,1,255.1,250.0,278.7,301.9,79.93,39.72
30,4,player,1,111.3,266.0,151.6,325.0,38.53,43.71
30,5,player,1,277.6,242.3,310.6,288.8,88.19,37.52
30,6,player,1,230.4,5.0,266.7,53.4,74.1,-1.02
30,7,player,1,85.4,6.4,120.8,53.9,30.1,-0.88
30,8,player,1,19.6,5.1,52.1,53.9,9.7,-0.85
30,9,player,2,157.0,8.5,189.0,53.7,51.28,-0.94
30,10,player,1,295.4,6.1,329.4,54.4,93.37,-0.9
30,14,player,1,69.3,286.1,95.9,347.5,23.53,47.51
30,18,player,1,2.2,236.9,20.8,286.1,1.79,37.37
31,1,player,1,94.3,230.5,116.4,279.2,30.58,36.13
31,2,player,1,163.7,208.5,191.4,251.5,52.64,31.47
31,3,player,1,255.4,250.5,279.5,303.9,80.09,40.06
31,4,player,1,112.3,270.8,148.2,325.0,38.16,43.72
31,5,player,1,277.5,242.5,310.4,289.7,88.15,37.68
31,6,player,1,230.5,5.0,266.8,53.4,74.12,-1.02
31,7,player,1,85.5,6.4,120.9,54.0,30.12,-0.87
31,8,player,1,19.6,5.1,52.2,53.9,9.71,-0.84
31,9,player,2,157.0,8.5,189.0,53.7,51.26,-0.94
31,10,player,1,295.4,6.1,329.4,54.4,93.36,-0.88
31,14,player,1,74.5,285.2,101.0,345.4,25.1,47.16
31,18,player,1,2.5,236.1,22.5,287.6,2.09,37.62
32,1,player,1,98.6,230.4,117.2,271.9,31.35,34.91
32,2,player,1,165.0,209.1,192.6,253.0,53.03,31.73
32,3,player,1,256.0,251.5,281.5,306.2,80.5,40.44
32,4,player,1,113.2,267.8,150.7,324.9,38.68,43.69
32,5,player,1,276.6,242.9,309.1,291.1,87.82,37.9
32,6,player,1,230.5,5.0,266.8,53.5,74.14,-1.01
32,7,player,1,85.4,6.4,120.7,53.9,30.09,-0.88
32,8,player,1,19.7,5.1,52.3,53.9,9.73,-0.84
32,9,player,2,157.0,8.5,188.9,53.7,51.26,-0.94
32,10,player,1,295.5,6.1,329.5,54.4,93.39,-0.89
32,14,player,1,79.6,284.4,105.9,344.1,26.64,46.93
32,18,player,1,2.4,235.7,23.1,288.2,2.17,37.72
33,1,player,1,100.1,230.3,117.2,268.7,31.59,34.39
33,2,player,1,165.7,209.3,192.6,253.6,53.12,31.81
33,3,player,1,256.0,251.9,282.4,307.1,80.63,40.58
33,4,player,1,114.8,271.2,150.2,324.9,38.85,43.69
33,5,player,1,276.9,243.3,308.0,290.7,87.69,37.84
33,6,player,1,230.6,5.0,266.8,53.5,74.15,-1.01
33,7,player,1,85.4,6.4,120.7,53.9,30.08,-0.88
33,8,player,1,19.7,5.1,52.2,53.9,9.74,-0.84
33,9,player,2,157.0,8.5,188.9,53.7,51.27,-0.95
33,10,player,1,295.6,6.1,329.6,54.4,93.41,-0.9
33,14,player,1,81.3,284.1,107.5,343.7,27.16,46.86
33,18,player,1,2.1,235.3,23.4,288.5,2.18,37.76
34,1,player,1,103.7,230.3,119.3,265.4,32.47,33.83
34,2,player,1,166.9,209.8,192.4,252.5,53.27,31.63
34,3,player,1,254.3,252.7,281.7,307.4,80.27,40.63
34,4,player,1,116.1,273.3,150.8,324.4,39.13,43.6
34,5,player,1,275.3,243.2,309.6,297.3,87.71,38.93
34,6,player,1,230.6,5.0,266.8,53.4,74.15,-1.02
34,7,player,1,85.4,6.4,120.7,53.9,30.07,-0.87
34,8,player,1,19.8,5.1,52.2,53.9,9.74,-0.85
34,9,player,2,157.0,8.5,188.9,53.7,51.25,-0.94
34,10,player,1,295.3,6.1,329.3,54.3,93.33,-0.91
34,14,player,1,85.3,282.8,112.1,344.0,28.47,46.91
34,18,player,1,2.7,235.3,23.8,288.5,2.31,37.76
35,2,player,1,168.8,209.5,194.1,251.5,53.84,31.46
35,3,player,1,252.8,253.5,281.3,308.7,79.98,40.86
35,4,player,1,103.2,243.6,159.0,327.7,38.41,44.16
35,5,player,1,276.5,243.1,308.3,293.0,87.69,38.23
35,6,player,1,230.5,5.0,266.7,53.4,74.11,-1.03
35,7,player,1,85.3,6.4,120.7,54.0,30.06,-0.86
35,8,player,1,19.7,5.1,52.1,53.9,9.7,-0.85
35,9,player,2,157.0,8.5,188.8,53.6,51.23,-0.95
35,10,player,1,295.4,6.1,329.4,54.2,93.37,-0.92
35,14,player,1,91.3,281.5,117.4,341.1,30.21,46.41
35,18,player,1,3.7,234.9,24.2,287.7,2.54,37.62
36,2,player,1,170.4,209.2,196.2,251.0,54.4,31.39
36,5,player,1,273.0,243.1,309.2,299.1,87.3,39.24
36,6,player,1,230.4,5.0,266.6,53.3,74.1,-1.04
36,7,player,1,85.4,6.4,120.6,53.9,30.07,-0.87
36,8,player,1,19.7,5.1,52.1,53.8,9.7,-0.87
36,9,player,2,157.0,8.6,188.8,53.6,51.24,-0.95
36,10,player,1,295.4,6.1,329.4,54.3,93.37,-0.91
36,14,player,1,97.0,280.4,122.6,339.3,31.87,46.11
36,18,player,1,5.7,235.4,25.6,288.0,3.06,37.68
36,1,player,1,108.3,229.4,125.5,267.8,34.11,34.23
37,2,player,1,170.1,209.5,197.1,252.2,54.49,31.58
37,5,player,1,273.8,243.6,307.2,293.9,87.1,38.37
37,6,player,1,230.5,5.0,266.7,53.3,74.11,-1.04
37,7,player,1,85.3,6.4,120.6,54.0,30.07,-0.87
37,8,player,1,19.7,5.1,52.1,53.8,9.7,-0.86
37,9,player,2,157.1,8.6,188.9,53.7,51.26,-0.94
37,10,player,1,295.4,6.1,329.5,54.4,93.38,-0.88
37,14,player,1,101.5,276.4,128.4,339.2,33.45,46.08
37,18,player,1,7.0,235.8,26.4,287.7,3.39,37.63
37,1,player,1,110.7,228.9,127.3,265.6,34.76,33.85
38,2,player,1,169.6,210.3,197.5,254.1,54.47,31.9
38,5,player,1,272.9,244.4,305.1,292.5,86.65,38.15
38,6,player,1,230.4,5.0,266.6,53.3,74.1,-1.05
38,7,player,1,85.4,6.4,120.7,53.9,30.08,-0.87
38,8,player,1,19.7,5.1,52.1,53.9,9.7,-0.85
38,9,player,2,157.1,8.7,188.9,53.7,51.26,-0.93
38,10,player,1,295.4,6.1,329.5,54.3,93.38,-0.91
38,14,player,1,107.4,278.0,133.5,339.0,35.14,46.06
38,18,player,1,8.1,236.5,27.3,287.9,3.69,37.66
38,1,player,1,113.8,228.4,131.0,265.2,35.81,33.79
38,3,player,1,249.0,254.0,277.9,309.7,78.88,41.03
39,2,player,1,168.2,210.6,196.7,255.0,54.15,32.05
39,5,player,1,271.1,245.0,302.9,292.1,86.04,38.08
39,6,player,1,230.5,5.0,266.6,53.2,74.1,-1.05
39,7,player,1,85.4,6.4,120.7,53.9,30.08,-0.87
39,8,player,1,19.7,5.1,52.0,53.8,9.7,-0.86
39,9,player,2,157.0,8.7,188.8,53.8,51.25,-0.93
39,10,player,1,295.5,6.1,329.4,54.1,93.38,-0.94
39,14,player,1,106.5,278.3,133.0,339.2,34.94,46.08
39,18,player,1,7.1,235.6,26.9,288.1,3.47,37.69
39,1,player,1,113.8,228.3,131.3,264.6,35.83,33.7
39,3,player,1,247.8,254.0,276.9,309.7,78.53,41.02
40,2,player,1,168.7,211.8,196.3,255.9,54.15,32.19
40,5,player,1,270.2,245.4,301.2,293.1,85.65,38.25
40,6,player,1,230.5,5.0,266.7,53.3,74.12,-1.04
40,7,player,1,85.4,6.4,120.6,53.9,30.08,-0.88
40,8,player,1,19.8,5.1,52.1,53.8,9.71,-0.86
40,9,player,2,157.0,8.6,188.8,53.8,51.24,-0.93
40,10,player,1,295.4,6.1,329.4,54.1,93.37,-0.93
40,14,player,1,111.8,278.8,137.1,337.5,36.37,45.79
40,18,player,1,8.2,238.9,27.5,288.3,3.74,37.72
40,3,player,1,247.4,254.2,276.6,308.7,78.43,40.85
41,2,player,1,168.2,212.8,194.3,256.1,53.77,32.23
41,5,player,1,269.5,246.5,299.2,293.8,85.24,38.36
41,6,player,1,230.4,5.0,266.7,53.4,74.09,-1.03
41,7,player,1,85.4,6.4,120.7,54.0,30.07,-0.87
41,8,player,1,19.8,5.1,52.1,53.8,9.72,-0.86
41,9,player,2,157.0,8.6,188.7,53.7,51.23,-0.95
41,10,player,1,295.4,6.1,329.4,54.1,93.37,-0.93
41,18,player,1,10.9,241.5,30.7,288.5,4.64,37.75
41,3,player,1,247.8,254.5,276.6,306.8,78.5,40.53
41,1,player,1,114.3,229.8,130.6,264.3,35.82,33.64
42,2,player,1,170.1,213.5,195.9,256.5,54.3,32.3
42,5,player,1,269.6,246.8,299.8,295.3,85.35,38.61
42,6,player,1,230.4,5.0,266.7,53.4,74.1,-1.03
42,7,player,1,85.4,6.4,120.6,53.9,30.07,-0.87
42,8,player,1,19.8,5.1,52.1,53.9,9.73,-0.85
42,9,player,2,157.1,8.6,188.8,53.6,51.25,-0.96
42,10,player,1,295.4,6.1,329.4,54.3,93.36,-0.91
42,18,player,1,14.2,241.0,35.7,288.9,5.93,37.82
42,3,player,1,247.4,255.1,276.7,308.1,78.44,40.76
42,1,player,1,115.4,230.1,132.0,265.3,36.2,33.81
42,4,player,1,93.4,269.6,132.2,328.2,32.82,44.27
42,14,player,1,122.4,278.8,146.3,334.6,39.41,45.3
43,2,player,1,170.9,214.2,196.6,256.6,54.53,32.31
43,5,player,1,271.3,247.9,300.3,293.6,85.67,38.33
43,6,player,1,230.5,5.0,266.7,53.3,74.12,-1.04
43,7,player,1,85.4,6.4,120.7,53.9,30.08,-0.87
43,8,player,1,19.8,5.1,52.1,53.9,9.73,-0.85
43,9,player,2,157.3,8.6,189.2,53.6,51.36,-0.95
43,10,player,1,295.3,6.1,329.5,54.4,93.36,-0.88
43,18,player,1,17.0,241.9,39.2,289.3,6.88,37.89
43,3,player,1,246.6,256.0,270.5,300.8,77.38,39.56
43,1,player,1,115.2,229.8,133.2,266.8,36.34,34.05
43,4,player,1,91.0,273.6,126.8,330.1,31.61,44.59
43,14,player,1,127.8,279.2,151.7,335.4,41.07,45.43
44,2,player,1,170.6,214.4,196.3,256.3,54.45,32.26
44,5,player,1,271.1,248.2,300.0,292.9,85.59,38.21
44,6,player,1,230.5,5.0,266.7,53.3,74.12,-1.04
44,7,player,1,85.4,6.4,120.6,53.9,30.07,-0.88
44,8,player,1,19.8,5.1,52.1,54.0,9.72,-0.83
44,9,player,2,157.3,8.5,189.2,53.7,51.34,-0.95
44,10,player,1,295.2,6.1,329.4,54.5,93.34,-0.88
44,18,player,1,17.1,242.6,39.9,289.7,7.0,37.95
44,3,player,1,246.4,256.4,273.9,307.8,77.88,40.71
44,1,player,1,114.7,229.8,133.1,266.5,36.25,34.0
44,4,player,1,91.7,274.7,126.1,330.4,31.62,44.63
44,14,player,1,128.8,279.3,152.6,335.9,41.36,45.51
45,5,player,1,268.5,249.3,298.5,295.1,84.98,38.57
45,6,player,1,230.4,5.0,266.7,53.4,74.11,-1.03
45,7,player,1,85.4,6.4,120.6,53.8,30.07,-0.89
45,8,player,1,19.8,5.1,52.1,53.9,9.71,-0.84
45,9,player,2,157.1,8.5,189.1,53.7,51.29,-0.94
45,10,player,1,294.9,6.1,329.3,54.5,93.28,-0.87
45,18,player,1,20.3,242.7,42.2,289.8,7.85,37.95
45,3,player,1,244.4,258.4,272.0,311.0,77.27,41.25
45,1,player,1,119.5,229.9,137.1,265.7,37.6,33.87
45,4,player,1,93.6,276.3,126.4,330.7,31.95,44.68
45,14,player,1,138.4,279.0,162.2,335.8,44.3,45.49
46,5,player,1,266.5,249.9,297.0,295.7,84.44,38.69
46,6,player,1,230.4,5.0,266.7,53.4,74.12,-1.03
46,7,player,1,85.4,6.4,120.6,53.8,30.07,-0.89
46,8,player,1,19.7,5.1,52.1,53.9,9.71,-0.85
46,9,player,2,157.0,8.6,189.0,53.7,51.27,-0.93
46,10,player,1,294.9,6.1,329.3,54.5,93.27,-0.87
46,18,player,1,21.0,243.0,42.1,290.0,7.94,37.99
46,3,player,1,243.1,259.2,270.5,312.2,76.85,41.44
46,1,player,1,121.3,229.9,138.9,266.0,38.16,33.91
46,4,player,1,93.9,276.8,126.0,331.5,31.92,44.81
46,14,player,1,141.0,279.0,164.7,336.0,45.08,45.51
46,2,player,1,170.9,215.8,197.5,259.0,54.68,32.7
47,5,player,1,266.7,251.0,296.8,297.2,84.45,38.94
47,6,player,1,230.3,5.0,266.7,53.4,74.09,-1.02
47,7,player,1,85.4,6.4,120.6,53.9,30.07,-0.88
47,8,player,1,19.7,5.1,52.0,53.9,9.69,-0.85
47,9,player,2,156.9,8.5,188.9,53.8,51.25,-0.93
47,10,player,1,295.1,6.1,329.5,54.5,93.34,-0.87
47,18,player,1,24.7,242.2,46.4,289.9,9.18,37.97
47,3,player,1,243.6,260.0,270.9,312.9,76.99,41.56
47,1,player,1,123.0,230.2,140.6,266.7,38.68,34.04
47,4,player,1,96.5,280.1,126.7,330.4,32.43,44.62
47,14,player,1,145.5,277.3,169.5,334.9,46.5,45.32
47,2,player,1,172.9,217.0,197.9,258.8,55.03,32.67
48,5,player,1,266.2,252.3,294.9,298.7,84.08,39.17
48,6,player,1,230.4,5.0,266.8,53.4,74.12,-1.03
48,7,player,1,85.4,6.4,120.6,53.9,30.07,-0.88
48,8,player,1,19.8,5.1,52.1,53.9,9.71,-0.84
48,9,player,2,157.0,8.5,189.0,53.7,51.26,-0.93
48,10,player,1,295.2,6.1,329.6,54.5,93.37,-0.87
48,18,player,1,27.5,242.2,49.4,288.8,10.05,37.79
48,3,player,1,243.9,261.1,271.8,314.4,77.17,41.81
48,1,player,1,127.3,231.2,144.6,266.7,39.95,34.03
48,4,player,1,96.2,278.0,128.3,329.4,32.65,44.46
48,14,player,1,151.7,276.9,175.4,333.6,48.37,45.1
48,2,player,1,172.9,218.2,197.1,260.0,54.92,32.88
48,37,player,1,95.9,276.3,110.9,305.5,29.95,40.5
49,5,player,1,267.5,252.8,295.7,298.5,84.41,39.15
49,6,player,1,230.5,5.0,266.8,53.4,74.14,-1.03
49,7,player,1,85.4,6.4,120.6,53.9,30.07,-0.87
49,8,player,1,19.8,5.1,52.1,53.9,9.72,-0.84
49,9,player,2,157.0,8.5,189.0,53.7,51.28,-0.93
49,10,player,1,295.2,6.1,329.5,54.5,93.35,-0.87
49,18,player,1,29.9,242.3,52.3,288.2,10.88,37.69
49,3,player,1,246.8,262.3,271.6,309.5,77.59,40.99
49,1,player,1,129.9,231.1,148.0,268.1,40.85,34.26
49,4,player,1,92.8,277.5,127.4,330.1,31.97,44.59
49,14,player,1,157.7,276.1,181.6,333.1,50.22,45.01
49,2,player,1,175.7,219.2,198.9,258.8,55.62,32.67
49,37,player,1,94.9,276.7,110.2,306.6,29.69,40.67
50,5,player,1,270.7,253.0,299.6,299.3,85.5,39.28
50,6,player,1,230.5,5.0,266.8,53.4,74.14,-1.03
50,7,player,1,85.4,6.4,120.7,53.9,30.08,-0.87
50,8,player,1,19.7,5.1,52.0,53.9,9.7,-0.84
50,9,player,2,157.0,8.6,189.0,53.8,51.28,-0.93
50,10,player,1,295.3,6.1,329.6,54.6,93.37,-0.86
50,18,player,1,32.8,244.0,54.8,288.7,11.7,37.76
50,3,player,1,245.3,263.7,271.2,314.3,77.29,41.79
50,1,player,1,132.7,231.2,151.1,268.0,41.76,34.24
50,4,player,1,90.4,277.6,127.0,331.9,31.55,44.88
50,14,player,1,164.3,276.3,187.4,331.1,52.12,44.67
50,2,player,1,178.5,222.3,200.1,257.7,56.23,32.48
50,37,player,1,94.3,277.6,109.1,306.7,29.42,40.69
51,5,player,1,271.2,253.2,301.4,300.5,85.84,39.46
51,6,player,1,230.5,5.1,266.7,53.4,74.12,-1.03
51,7,player,1,85.4,6.4,120.7,53.9,30.09,-0.87
51,8,player,1,19.8,5.1,52.1,54.0,9.72,-0.84
51,9,player,2,157.0,8.6,188.9,53.8,51.27,-0.93
51,10,player,1,295.4,6.1,329.7,54.6,93.42,-0.86
51,18,player,1,36.6,245.4,58.3,289.8,12.82,37.94
51,3,player,1,246.5,264.8,273.1,316.9,77.78,42.22
51,1,player,1,137.0,231.6,154.7,266.2,42.96,33.93
51,4,player,1,91.6,278.4,127.3,332.6,31.78,45.0
51,14,player,1,171.6,275.8,194.7,330.6,54.36,44.58
51,2,player,1,180.3,223.5,199.1,254.8,56.36,32.0
52,5,player,1,270.5,253.4,301.7,300.8,85.79,39.51
52,6,player,1,230.5,5.1,266.7,53.4,74.12,-1.03
52,7,player,1,85.4,6.4,120.7,53.9,30.09,-0.87
52,8,player,1,19.8,5.1,52.1,53.9,9.72,-0.84
52,9,player,2,157.1,8.7,188.9,53.7,51.27,-0.94
52,10,player,1,295.5,6.1,329.8,54.6,93.44,-0.85
52,18,player,1,37.2,246.3,58.6,290.2,12.96,38.0
52,3,player,1,246.2,265.2,272.8,317.3,77.68,42.28
52,1,player,1,137.9,231.8,155.4,265.2,43.21,33.76
52,4,player,1,90.9,278.5,126.1,333.1,31.49,45.08
52,14,player,1,173.6,276.3,196.7,330.6,54.97,44.57
52,2,player,1,180.0,223.9,198.0,254.1,56.13,31.9
53,5,player,1,270.3,254.8,301.7,301.5,85.74,39.64
53,6,player,1,230.5,5.0,266.7,53.4,74.12,-1.02
53,7,player,1,85.4,6.4,120.7,53.9,30.09,-0.87
53,8,player,1,19.8,5.1,52.1,53.9,9.72,-0.84
53,9,player,2,157.0,8.6,189.0,53.7,51.27,-0.94
53,10,player,1,295.6,6.1,329.7,54.3,93.43,-0.9
53,18,player,1,41.3,247.7,62.1,290.5,14.12,38.06
53,3,player,1,247.9,266.1,275.2,319.2,78.33,42.6
53,1,player,1,142.0,232.2,159.6,264.9,44.47,33.71
53,14,player,1,179.4,276.3,202.6,330.7,56.76,44.6
53,37,player,1,92.9,279.6,112.2,317.9,29.68,42.56
54,5,player,1,271.3,256.6,302.6,303.1,86.03,39.91
54,6,player,1,230.5,5.0,266.8,53.4,74.13,-1.02
54,7,player,1,85.4,6.4,120.7,53.9,30.08,-0.87
54,8,player,1,19.7,5.1,52.1,54.0,9.7,-0.84
54,9,player,2,157.0,8.6,188.9,53.7,51.26,-0.94
54,10,player,1,295.5,6.2,329.6,54.4,93.4,-0.89
54,18,player,1,46.4,247.9,67.5,291.7,15.73,38.25
54,1,player,1,145.5,232.7,162.5,264.0,45.46,33.56
54,14,player,1,187.1,276.1,210.1,329.8,59.08,44.44
54,37,player,1,92.8,279.8,112.3,319.0,29.68,42.75
54,4,player,1,87.9,279.5,124.2,335.4,30.74,45.46
55,6,player,1,230.5,5.0,266.8,53.4,74.13,-1.03
55,7,player,1,85.4,6.4,120.7,53.9,30.08,-0.87
55,8,player,1,19.7,5.0,52.1,54.0,9.7,-0.83
55,9,player,2,157.1,8.6,188.9,53.7,51.26,-0.95
55,10,player,1,295.4,6.1,329.7,54.6,93.41,-0.86
55,18,player,1,52.6,247.8,74.1,292.3,17.69,38.34
55,14,player,1,196.5,276.6,219.1,328.6,61.9,44.22
55,40,player,1,194.2,225.6,209.8,264.2,60.11,33.54
55,4,player,1,90.2,279.7,125.3,332.3,31.26,44.95
56,6,player,1,229.9,5.0,266.3,53.4,73.96,-1.02
56,7,player,1,85.4,6.4,120.7,53.9,30.07,-0.87
56,8,player,1,19.8,5.1,52.1,53.9,9.71,-0.85
56,9,player,2,157.1,8.6,188.9,53.7,51.27,-0.94
56,10,player,1,295.5,6.1,329.7,54.6,93.42,-0.85
56,18,player,1,59.6,247.8,81.4,292.1,19.87,38.31
56,14,player,1,207.4,277.3,229.8,328.4,65.2,44.17
56,40,player,1,199.3,226.1,214.9,264.1,61.66,33.53
56,4,player,1,93.2,280.0,130.0,333.7,32.44,45.18
56,3,player,1,255.0,271.7,279.6,321.4,80.07,42.96
56,5,player,1,278.2,257.3,308.8,304.1,88.04,40.05
57,6,player,1,230.2,5.0,266.6,53.4,74.06,-1.02
57,7,player,1,85.4,6.4,120.7,53.9,30.09,-0.87
57,8,player,1,19.8,5.1,52.1,53.9,9.72,-0.85
57,9,player,2,157.0,8.5,188.9,53.7,51.26,-0.94
57,10,player,1,295.5,6.1,329.6,54.4,93.41,-0.89
57,18,player,1,65.4,248.2,87.2,292.2,21.66,38.31
57,14,player,1,217.3,277.4,240.2,328.6,68.31,44.2
57,40,player,1,204.2,226.3,217.2,257.4,62.76,32.42
57,4,player,1,94.3,280.5,132.5,335.1,32.99,45.41
57,3,player,1,256.8,272.4,280.5,320.3,80.47,42.78
57,5,player,1,284.2,257.4,314.7,304.2,89.85,40.07
58,6,player,1,230.4,5.0,266.7,53.4,74.1,-1.02
58,7,player,1,85.4,6.4,120.7,53.9,30.09,-0.87
58,8,player,1,19.8,5.1,52.1,53.9,9.73,-0.84
58,9,player,2,157.0,8.5,188.9,53.7,51.26,-0.94
58,10,player,1,295.4,6.2,329.5,54.3,93.38,-0.91
58,18,player,1,66.7,248.2,88.8,292.2,22.11,38.31
58,14,player,1,219.9,277.4,243.2,328.7,69.17,44.2
58,40,player,1,204.2,226.4,216.4,255.3,62.63,32.06
58,4,player,1,94.0,280.7,133.1,335.6,33.03,45.49
58,3,player,1,257.9,272.8,282.6,321.5,80.97,42.96
58,5,player,1,285.9,257.2,316.3,304.2,90.35,40.08
58,44,player,1,0.0,263.9,21.6,316.9,1.51,42.5
58,1,player,1,161.0,233.2,178.3,264.5,50.25,33.63
59,6,player,1,230.4,5.0,266.7,53.4,74.11,-1.02
59,7,player,1,85.4,6.4,120.7,53.9,30.08,-0.88
59,8,player,1,19.9,5.1,52.2,53.9,9.74,-0.84
59,9,player,2,157.0,8.5,188.9,53.7,51.25,-0.94
59,10,player,1,295.4,6.2,329.4,54.4,93.36,-0.89
59,18,player,1,71.9,248.6,94.0,292.6,23.71,38.37
59,14,player,1,227.0,277.2,250.6,328.5,71.38,44.17
59,4,player,1,95.1,281.5,133.7,336.4,33.3,45.63
59,3,player,1,259.0,273.0,286.0,322.8,81.65,43.19
59,5,player,1,290.5,257.8,320.7,304.0,91.72,40.03
59,44,player,1,2.1,264.6,24.6,318.7,2.28,42.79
60,6,player,1,230.1,5.1,266.5,53.5,74.03,-1.01
60,7,player,1,85.4,6.4,120.6,53.9,30.07,-0.88
60,8,player,1,19.8,5.1,52.1,53.9,9.72,-0.84
60,9,player,2,157.1,8.5,189.0,53.8,51.28,-0.93
60,10,player,1,295.2,6.2,329.4,54.4,93.34,-0.89
60,18,player,1,78.3,250.1,100.0,293.2,25.6,38.47
60,14,player,1,236.0,276.9,259.3,327.3,74.07,43.96
60,4,player,1,96.8,281.9,134.1,336.9,33.62,45.71
60,3,player,1,262.4,273.6,290.8,323.0,82.9,43.21
60,5,player,1,294.5,258.6,324.9,304.2,92.96,40.07
60,44,player,1,5.6,265.9,28.5,319.9,3.42,42.99
61,6,player,1,230.3,5.1,266.7,53.4,74.08,-1.02
61,7,player,1,85.3,6.4,120.6,53.9,30.06,-0.88
61,8,player,1,19.7,5.1,52.0,54.1,9.69,-0.82
61,9,player,2,157.1,8.6,188.9,53.7,51.28,-0.93
61,10,player,1,295.3,6.1,329.6,54.5,93.38,-0.87
61,18,player,1,84.5,253.2,104.8,292.9,27.28,38.41
61,14,player,1,244.1,276.7,266.1,323.8,76.34,43.37
61,4,player,1,99.4,282.5,136.8,338.3,34.43,45.94
61,3,player,1,267.2,274.3,291.6,318.1,83.77,42.39
61,44,player,1,9.3,266.9,32.7,320.3,4.64,43.05
61,49,player,1,213.7,229.0,231.9,263.4,66.45,33.4
62,6,player,1,230.3,5.1,266.7,53.4,74.1,-1.02
62,7,player,1,85.4,6.4,120.7,53.9,30.07,-0.88
62,8,player,1,19.7,5.1,52.1,54.0,9.7,-0.82
62,9,player,2,157.1,8.6,188.9,53.8,51.26,-0.93
62,10,player,1,295.3,6.2,329.4,54.4,93.35,-0.89
62,18,player,1,88.0,255.2,108.2,293.0,28.33,38.42
62,4,player,1,103.1,282.5,139.7,336.6,35.44,45.65
62,3,player,1,269.5,273.3,293.8,319.4,84.45,42.61
62,44,player,1,12.5,267.8,36.3,320.4,5.69,43.06
62,2,player,1,181.7,234.1,202.9,268.7,57.15,34.31
62,5,player,1,300.5,261.4,331.6,309.2,94.91,40.89
63,6,player,1,230.4,5.1,266.7,53.4,74.1,-1.03
63,7,player,1,85.4,6.3,120.7,53.9,30.08,-0.88
63,8,player,1,19.7,5.1,52.1,54.0,9.71,-0.82
63,9,player,2,157.1,8.7,188.8,53.8,51.26,-0.93
63,10,player,1,295.1,6.2,329.3,54.4,93.31,-0.89
63,18,player,1,88.2,255.9,108.7,292.8,28.44,38.39
63,4,player,1,103.5,282.8,140.0,335.9,35.55,45.53
63,3,player,1,270.3,273.0,293.7,319.8,84.55,42.68
63,44,player,1,12.4,268.0,37.2,320.8,5.81,43.13
64,6,player,1,230.4,5.0,266.8,53.4,74.13,-1.02
64,7,player,1,85.3,6.4,120.7,54.0,30.07,-0.86
64,8,player,1,19.7,5.1,52.1,54.1,9.71,-0.82
64,9,player,2,157.1,8.7,188.8,53.7,51.26,-0.93
64,10,player,1,295.2,6.1,329.5,54.5,93.35,-0.87
64,18,player,1,90.8,256.2,112.4,293.1,29.42,38.44
64,4,player,1,103.7,282.9,140.8,335.7,35.7,45.51
64,44,player,1,15.0,268.4,40.4,320.8,6.69,43.11
64,5,player,1,302.1,264.4,331.5,311.7,95.15,41.3
65,6,player,1,230.5,5.0,266.8,53.4,74.13,-1.02
65,7,player,1,85.3,6.4,120.7,53.9,30.07,-0.87
65,8,player,1,19.7,5.1,52.1,54.1,9.7,-0.82
65,9,player,2,157.0,8.6,188.8,53.7,51.24,-0.93
65,10,player,1,295.2,6.1,329.5,54.6,93.36,-0.87
65,4,player,1,95.2,265.5,145.4,337.3,35.11,45.76
65,44,player,1,19.3,269.4,45.7,322.0,8.16,43.31
65,5,player,1,301.0,264.8,330.2,312.1,94.77,41.36
65,2,player,1,184.0,235.2,204.0,269.0,57.67,34.36
65,3,player,1,269.9,272.8,297.4,325.1,85.06,43.55
66,6,player,1,230.5,5.0,266.8,53.4,74.14,-1.02
66,7,player,1,85.4,6.4,120.7,53.9,30.07,-0.87
66,8,player,1,19.7,5.1,52.0,54.0,9.7,-0.84
66,9,player,2,157.1,8.5,188.9,53.7,51.27,-0.94
66,10,player,1,295.3,6.1,329.6,54.6,93.37,-0.86
66,4,player,1,95.9,275.6,141.3,338.9,34.57,46.03
66,44,player,1,23.3,270.0,50.5,323.2,9.52,43.52
66,5,player,1,302.9,265.7,332.3,312.2,95.39,41.38
66,2,player,1,186.3,235.5,205.6,268.6,58.25,34.28
66,3,player,1,273.5,272.6,302.2,325.4,86.35,43.6
67,6,player,1,230.4,5.0,266.7,53.4,74.1,-1.03
67,7,player,1,85.4,6.4,120.6,53.9,30.07,-0.88
67,8,player,1,19.7,5.1,52.0,54.0,9.7,-0.83
67,9,player,2,157.1,8.5,188.9,53.7,51.27,-0.94
67,10,player,1,295.3,6.2,329.5,54.5,93.36,-0.88
67,4,player,1,90.0,263.2,143.9,341.0,34.07,46.39
67,44,player,1,26.2,271.4,52.8,324.1,10.31,43.65
67,5,player,1,303.6,265.9,333.4,312.6,95.67,41.44
67,2,player,1,188.8,236.0,208.5,268.5,59.08,34.27
67,3,player,1,273.9,274.0,300.1,323.1,86.08,43.22
67,18,player,1,106.8,257.1,128.9,295.1,34.38,38.76
68,6,player,1,230.4,5.0,266.7,53.3,74.1,-1.04
68,7,player,1,85.3,6.4,120.6,53.9,30.06,-0.87
68,8,player,1,19.7,5.1,52.0,54.0,9.69,-0.83
68,9,player,2,157.1,8.5,188.9,53.7,51.26,-0.94
68,10,player,1,295.3,6.2,329.4,54.4,93.34,-0.89
68,4,player,1,92.7,275.1,138.5,341.7,33.66,46.51
68,44,player,1,26.5,271.6,52.9,324.3,10.37,43.69
68,5,player,1,303.3,266.0,333.3,312.3,95.6,41.39
68,2,player,1,189.6,236.1,209.0,266.7,59.29,33.96
68,3,player,1,272.9,273.1,298.5,322.1,85.68,43.05
68,18,player,1,108.2,257.0,130.7,295.5,34.88,38.82
69,6,player,1,230.3,5.0,266.7,53.4,74.09,-1.03
69,7,player,1,85.4,6.4,120.6,53.8,30.07,-0.89
69,8,player,1,19.7,5.1,52.1,54.1,9.71,-0.82
69,9,player,2,157.0,8.5,188.8,53.7,51.25,-0.93
69,10,player,1,295.3,6.2,329.4,54.4,93.35,-0.89
69,4,player,1,93.8,280.8,135.1,342.6,33.3,46.67
69,44,player,1,27.5,272.3,53.1,324.4,10.56,43.7
69,5,player,1,300.2,266.3,328.7,311.8,94.43,41.31
69,2,player,1,190.8,236.1,210.4,265.5,59.68,33.76
69,3,player,1,276.1,272.9,302.8,323.7,86.82,43.31
69,18,player,1,109.9,256.5,132.6,296.4,35.42,38.96
69,58,player,1,225.3,232.4,240.5,264.3,69.53,33.54
70,6,player,1,230.4,5.0,266.7,53.4,74.1,-1.03
70,7,player,1,85.4,6.4,120.7,53.9,30.08,-0.88
70,8,player,1,19.8,5.1,52.1,54.0,9.71,-0.83
70,9,player,2,157.0,8.5,188.8,53.7,51.25,-0.93
70,10,player,1,295.2,6.2,329.4,54.4,93.33,-0.89
70,4,player,1,91.7,282.5,130.2,342.6,32.22,46.66
70,44,player,1,29.2,273.0,54.7,325.9,11.07,43.95
70,18,player,1,111.6,253.8,135.2,296.4,36.09,38.97
70,58,player,1,226.4,232.3,243.0,267.2,70.06,34.01
71,6,player,1,230.3,5.0,266.7,53.4,74.09,-1.03
71,7,player,1,85.5,6.4,120.8,53.9,30.11,-0.88
71,8,player,1,19.8,5.1,52.1,54.0,9.72,-0.83
71,9,player,2,157.0,8.5,188.8,53.7,51.25,-0.94
71,10,player,1,295.3,6.1,329.5,54.4,93.37,-0.88
71,4,player,1,91.3,282.7,126.2,338.7,31.56,46.02
71,44,player,1,30.6,273.7,55.9,326.8,11.46,44.11
71,18,player,1,113.8,252.6,137.4,296.3,36.76,38.94
71,58,player,1,226.7,232.3,245.7,272.3,70.55,34.85
71,60,player,1,190.7,237.1,201.5,263.7,58.31,33.47
71,5,player,1,297.5,266.9,326.2,315.5,93.64,41.92
71,3,player,1,282.8,275.4,302.8,314.7,87.84,41.81
72,6,player,1,230.4,5.0,266.7,53.4,74.1,-1.03
72,7,player,1,85.5,6.4,120.8,53.9,30.11,-0.87
72,8,player,1,19.8,5.1,52.1,54.0,9.72,-0.83
72,9,player,2,157.0,8.5,188.8,53.7,51.24,-0.93
72,10,player,1,295.4,6.1,329.5,54.4,93.38,-0.89
72,4,player,1,89.8,283.3,124.8,339.9,31.12,46.21
72,44,player,1,29.0,274.3,54.7,327.6,11.03,44.25
72,18,player,1,115.7,251.1,139.3,296.1,37.34,38.91
72,58,player,1,227.1,233.2,246.3,273.2,70.69,35.0
72,60,player,1,189.7,237.0,201.0,265.1,58.07,33.71
72,5,player,1,296.4,267.1,325.6,317.1,93.39,42.2
73,6,player,1,230.3,5.0,266.6,53.3,74.08,-1.03
73,7,player,1,85.4,6.4,120.8,53.9,30.11,-0.87
73,8,player,1,19.9,5.1,52.1,53.9,9.72,-0.84
73,9,player,2,157.1,8.6,188.8,53.8,51.25,-0.93
73,10,player,1,295.4,6.1,329.5,54.4,93.38,-0.89
73,4,player,1,85.0,283.6,120.8,340.3,29.77,46.29
73,44,player,1,27.5,274.9,53.5,328.0,10.61,44.3
73,18,player,1,117.4,251.5,140.3,296.0,37.75,38.89
73,60,player,1,188.6,236.6,200.7,266.7,57.86,33.97
73,5,player,1,294.0,267.2,326.1,322.0,93.12,43.01
73,61,player,1,273.3,272.2,293.1,317.6,84.92,42.3
74,6,player,1,230.3,5.0,266.6,53.3,74.08,-1.04
74,7,player,1,85.4,6.4,120.8,53.9,30.11,-0.87
74,8,player,1,19.9,5.1,52.1,53.9,9.73,-0.84
74,9,player,2,157.1,8.6,188.8,53.8,51.25,-0.93
74,10,player,1,295.3,6.1,329.6,54.5,93.38,-0.87
74,4,player,1,82.4,283.8,118.9,340.5,29.07,46.32
74,44,player,1,26.0,275.0,52.6,328.0,10.25,44.31
74,18,player,1,117.3,251.7,139.8,296.0,37.65,38.89
74,60,player,1,187.4,236.5,199.5,267.0,57.5,34.02
74,5,player,1,292.3,267.2,325.6,323.6,92.79,43.28
74,61,player,1,277.0,272.1,299.0,322.0,86.38,43.04
74,58,player,1,225.1,234.4,241.9,269.4,69.72,34.37
75,6,player,1,230.3,5.0,266.7,53.3,74.09,-1.03
75,7,player,1,85.5,6.4,120.9,54.0,30.12,-0.87
75,8,player,1,19.9,5.1,52.1,54.0,9.73,-0.84
75,9,player,2,157.1,8.7,188.8,53.8,51.25,-0.93
75,10,player,1,295.4,6.1,329.6,54.4,93.39,-0.89
75,4,player,1,77.3,284.0,114.3,340.5,27.59,46.32
75,44,player,1,26.5,274.8,54.3,328.3,10.58,44.36
75,18,player,1,117.1,251.7,139.4,295.5,37.58,38.81
75,60,player,1,186.2,236.2,198.7,267.6,57.19,34.12
75,58,player,1,221.3,235.2,241.3,277.5,69.05,35.71
76,6,player,1,230.3,5.1,266.7,53.3,74.09,-1.04
76,7,player,1,85.4,6.4,120.8,53.9,30.11,-0.88
76,8,player,1,19.9,5.1,52.1,54.0,9.74,-0.84
76,9,player,2,157.1,8.7,188.8,53.8,51.25,-0.92
76,10,player,1,295.5,6.1,329.6,54.5,93.4,-0.88
76,4,player,1,74.0,285.0,110.6,341.2,26.51,46.45
76,44,player,1,29.0,274.4,57.8,327.9,11.51,44.29
76,18,player,1,116.0,251.9,138.8,295.9,37.32,38.88
76,60,player,1,184.9,235.8,197.8,268.0,56.87,34.19
76,1,player,1,220.1,235.9,237.3,269.1,68.24,34.33
77,6,player,1,230.4,5.0,266.7,53.4,74.1,-1.03
77,7,player,1,85.5,6.4,120.9,54.0,30.12,-0.87
77,8,player,1,19.9,5.1,52.1,53.9,9.73,-0.84
77,9,player,2,157.1,8.7,188.8,53.8,51.26,-0.93
77,10,player,1,295.4,6.1,329.5,54.5,93.38,-0.87
77,4,player,1,72.9,285.4,108.4,341.4,26.01,46.49
77,44,player,1,31.4,274.2,60.7,328.0,12.32,44.3
77,18,player,1,118.9,253.2,140.5,295.2,38.0,38.75
77,60,player,1,183.9,235.7,197.0,268.5,56.57,34.26
77,49,player,1,216.2,235.9,233.8,269.2,67.12,34.34
77,61,player,1,286.0,268.4,311.3,325.8,89.64,43.66
78,6,player,1,230.3,5.0,266.6,53.3,74.08,-1.04
78,7,player,1,85.4,6.4,120.8,53.9,30.11,-0.88
78,8,player,1,19.8,5.1,52.0,53.9,9.72,-0.84
78,9,player,2,157.1,8.7,188.8,53.8,51.25,-0.93
78,10,player,1,295.4,6.1,329.5,54.4,93.39,-0.89
78,4,player,1,69.8,285.4,103.7,341.3,24.81,46.46
78,44,player,1,32.0,273.5,61.4,327.8,12.52,44.26
78,18,player,1,120.3,255.3,141.0,295.8,38.3,38.85
78,60,player,1,182.7,235.6,197.0,271.9,56.39,34.84
78,49,player,1,214.3,236.2,233.2,272.6,66.74,34.92
78,61,player,1,285.4,268.1,311.1,324.9,89.51,43.51
79,6,player,1,230.3,5.0,266.6,53.3,74.07,-1.04
79,7,player,1,85.4,6.4,120.8,53.9,30.1,-0.88
79,8,player,1,19.8,5.1,52.1,54.0,9.72,-0.84
79,9,player,2,157.1,8.7,188.8,53.8,51.24,-0.93
79,10,player,1,295.5,6.1,329.5,54.4,93.39,-0.89
79,4,player,1,68.0,285.2,100.9,341.5,24.1,46.5
79,44,player,1,31.8,273.0,61.2,327.7,12.46,44.25
79,18,player,1,120.2,256.5,140.4,295.8,38.19,38.86
79,60,player,1,182.2,235.6,195.9,270.4,56.15,34.58
79,49,player,1,213.5,236.3,232.2,272.8,66.47,34.96
79,61,player,1,284.7,269.0,310.5,324.7,89.32,43.47
80,6,player,1,230.2,5.0,266.6,53.3,74.05,-1.04
80,7,player,1,85.4,6.4,120.8,53.9,30.1,-0.88
80,8,player,1,19.9,5.1,52.1,53.9,9.73,-0.84
80,9,player,2,157.0,8.7,188.7,53.8,51.23,-0.93
80,10,player,1,295.4,6.2,329.5,54.4,93.38,-0.89
80,4,player,1,65.6,284.6,98.3,341.3,23.32,46.48
80,44,player,1,31.5,272.4,60.1,326.9,12.25,44.12
80,18,player,1,121.8,256.4,142.0,295.0,38.68,38.73
80,60,player,1,181.9,236.3,195.0,269.9,55.99,34.51
80,49,player,1,213.3,236.2,230.3,269.4,66.15,34.38
81,6,player,1,230.2,5.0,266.6,53.3,74.07,-1.04
81,7,player,1,85.4,6.4,120.8,53.9,30.11,-0.87
81,8,player,1,19.8,5.1,52.1,53.9,9.72,-0.84
81,9,player,2,157.0,8.6,188.8,53.8,51.23,-0.93
81,10,player,1,295.5,6.2,329.5,54.3,93.39,-0.91
81,4,player,1,62.3,284.1,95.4,340.2,22.37,46.3
81,44,player,1,32.4,271.7,60.6,326.3,12.46,44.02
81,18,player,1,123.7,256.7,144.7,295.1,39.39,38.73
81,60,player,1,182.8,236.8,195.3,268.8,56.16,34.32
81,49,player,1,212.8,236.4,229.2,268.6,65.9,34.26
81,3,player,1,293.1,272.5,314.1,312.9,91.13,41.5
82,6,player,1,230.4,5.1,266.8,53.3,74.11,-1.04
82,7,player,1,85.4,6.4,120.9,54.0,30.12,-0.86
82,8,player,1,19.8,5.1,52.0,53.9,9.71,-0.84
82,9,player,2,157.0,8.5,188.8,53.7,51.24,-0.94
82,10,player,1,295.4,6.2,329.5,54.4,93.38,-0.9
82,4,player,1,58.4,284.0,92.9,340.2,21.4,46.3
82,44,player,1,33.8,271.2,61.4,325.4,12.81,43.87
82,18,player,1,125.3,256.7,147.2,295.0,40.02,38.71
82,60,player,1,182.4,236.9,195.0,268.7,56.04,34.31
82,49,player,1,212.6,237.5,228.6,268.7,65.78,34.28
83,6,player,1,230.5,5.1,266.8,53.3,74.13,-1.04
83,7,player,1,85.4,6.4,120.9,54.0,30.12,-0.86
83,8,player,1,19.8,5.1,52.1,54.0,9.72,-0.83
83,9,player,2,157.1,8.6,188.8,53.7,51.25,-0.94
83,10,player,1,295.4,6.2,329.4,54.4,93.36,-0.9
83,4,player,1,54.5,284.0,90.2,340.5,20.38,46.35
83,44,player,1,34.7,270.7,62.1,324.9,13.05,43.78
83,18,player,1,127.3,253.5,151.1,295.1,40.92,38.74
83,60,player,1,184.0,236.8,196.4,267.4,56.5,34.09
83,49,player,1,210.8,238.0,231.4,279.8,65.95,36.11
83,61,player,1,298.0,271.7,321.0,320.6,92.94,42.78
84,6,player,1,230.4,5.0,266.7,53.3,74.1,-1.04
84,7,player,1,85.4,6.4,120.9,54.0,30.12,-0.86
84,8,player,1,19.8,5.1,52.1,54.0,9.72,-0.83
84,9,player,2,157.1,8.5,188.8,53.7,51.25,-0.94
84,10,player,1,295.4,6.2,329.4,54.4,93.36,-0.89
84,4,player,1,53.4,284.3,89.6,341.4,20.11,46.51
84,44,player,1,34.9,270.6,62.5,325.0,13.14,43.79
84,18,player,1,129.0,252.4,153.2,295.1,41.5,38.72
84,60,player,1,184.8,236.6,197.4,266.7,56.78,33.97
84,49,player,1,212.3,238.2,231.7,278.2,66.21,35.84
84,61,player,1,301.7,271.1,325.1,319.9,94.13,42.66
85,6,player,1,230.3,5.0,266.7,53.3,74.09,-1.04
85,7,player,1,85.4,6.4,120.9,54.0,30.12,-0.86
85,8,player,1,19.8,5.1,52.1,54.0,9.72,-0.83
85,9,player,2,157.1,8.5,188.8,53.7,51.25,-0.93
85,10,player,1,295.4,6.2,329.4,54.4,93.36,-0.89
85,4,player,1,52.4,284.3,89.1,342.1,19.9,46.62
85,44,player,1,34.4,270.5,62.2,325.1,13.01,43.81
85,18,player,1,129.2,251.8,153.5,295.0,41.58,38.71
85,60,player,1,184.5,236.5,197.3,266.6,56.72,33.96
85,49,player,1,213.0,238.4,231.4,277.3,66.28,35.69
85,61,player,1,302.3,271.0,326.1,319.6,94.36,42.6
85,74,player,1,258.4,269.6,278.4,312.8,80.4,41.52
86,6,player,1,230.3,5.1,266.7,53.3,74.09,-1.03
86,7,player,1,85.4,6.4,120.9,54.0,30.11,-0.86
86,8,player,1,19.8,5.1,52.1,54.0,9.72,-0.82
86,9,player,2,157.1,8.5,188.8,53.8,51.25,-0.93
86,10,player,1,295.4,6.2,329.5,54.4,93.37,-0.88
86,4,player,1,52.4,284.3,88.2,342.2,19.75,46.65
86,44,player,1,34.9,270.6,63.2,325.7,13.24,43.92
86,18,player,1,129.6,250.5,154.0,294.9,41.71,38.69
86,60,player,1,185.1,236.6,198.0,266.0,56.9,33.86
86,49,player,1,213.6,238.9,231.5,277.1,66.38,35.66
86,61,player,1,304.7,270.9,328.2,316.8,95.05,42.15
87,6,player,1,230.4,5.0,266.7,53.3,74.1,-1.04
87,7,player,1,85.4,6.4,120.9,54.0,30.11,-0.87
87,8,player,1,19.8,5.1,52.1,54.0,9.71,-0.83
87,9,player,2,157.1,8.6,188.8,53.7,51.25,-0.94
87,10,player,1,295.5,6.1,329.6,54.5,93.4,-0.87
87,4,player,1,53.0,284.2,87.7,341.9,19.76,46.6
87,44,player,1,35.1,270.7,63.3,325.4,13.29,43.86
87,18,player,1,130.9,250.0,154.8,295.2,42.04,38.75
87,60,player,1,186.0,236.6,199.1,265.8,57.23,33.82
87,49,player,1,214.9,239.0,230.8,271.9,66.48,34.81
87,61,player,1,308.5,271.1,332.9,316.3,96.35,42.06
87,74,player,1,264.0,267.6,285.6,313.8,82.34,41.68
88,6,player,1,230.4,5.0,266.7,53.4,74.1,-1.03
88,7,player,1,85.4,6.4,120.9,54.0,30.12,-0.87
88,8,player,1,19.8,5.1,52.1,54.0,9.73,-0.82
88,9,player,2,157.1,8.6,188.8,53.7,51.26,-0.95
88,10,player,1,295.5,6.1,329.6,54.6,93.4,-0.86
88,4,player,1,52.6,283.7,86.3,341.0,19.49,46.44
88,44,player,1,36.8,270.6,64.0,323.3,13.67,43.51
88,18,player,1,133.3,251.1,156.1,295.9,42.6,38.86
88,60,player,1,189.0,236.5,201.6,265.2,58.07,33.72
88,49,player,1,215.3,238.1,233.0,274.4,66.87,35.21
89,6,player,1,230.4,5.0,266.8,53.4,74.12,-1.03
89,7,player,1,85.4,6.4,120.9,54.0,30.11,-0.87
89,8,player,1,19.8,5.1,52.1,54.0,9.73,-0.83
89,9,player,2,157.1,8.6,188.8,53.7,51.25,-0.95
89,10,player,1,295.5,6.1,329.6,54.7,93.41,-0.85
89,4,player,1,49.4,283.9,82.6,340.1,18.43,46.29
89,44,player,1,40.3,269.7,67.1,321.9,14.69,43.27
89,18,player,1,136.3,250.6,158.9,296.4,43.48,38.93
89,60,player,1,191.3,235.9,204.7,266.6,58.88,33.94
89,49,player,1,213.0,239.1,233.7,280.8,66.62,36.28
89,61,player,1,313.3,272.3,337.8,315.8,97.82,41.96
90,6,player,1,230.4,5.0,266.8,53.4,74.12,-1.03
90,7,player,1,85.3,6.4,120.9,54.0,30.1,-0.87
90,8,player,1,19.8,5.1,52.1,54.0,9.73,-0.83
90,9,player,2,157.1,8.6,188.7,53.7,51.24,-0.95
90,10,player,1,295.5,6.1,329.6,54.7,93.4,-0.85
90,4,player,1,43.2,273.9,82.0,339.7,17.39,46.23
90,18,player,1,139.6,251.0,161.5,296.4,44.39,38.93
90,49,player,1,214.1,239.8,235.5,283.2,67.06,36.66
90,61,player,1,313.8,273.0,339.2,317.6,98.12,42.26
90,74,player,1,256.8,268.1,281.6,319.4,80.65,42.63
91,6,player,1,230.5,5.0,266.8,53.4,74.13,-1.02
91,7,player,1,85.3,6.4,120.8,53.9,30.1,-0.87
91,8,player,1,19.8,5.1,52.1,54.0,9.73,-0.83
91,9,player,2,157.1,8.6,188.7,53.7,51.24,-0.94
91,10,player,1,295.4,6.1,329.6,54.6,93.39,-0.85
91,4,player,1,40.6,270.8,81.0,339.5,16.84,46.21
91,18,player,1,140.8,251.1,162.0,296.4,44.66,38.93
91,49,player,1,215.3,240.1,234.9,279.4,67.15,36.04
91,61,player,1,313.6,273.2,339.3,317.8,98.1,42.3
91,74,player,1,254.8,268.1,280.8,320.0,80.22,42.73
91,44,player,1,50.1,281.2,70.7,321.2,16.73,43.15
91,60,player,1,190.8,235.1,207.3,273.3,59.21,35.05
92,6,player,1,230.4,5.0,266.8,53.4,74.11,-1.02
92,7,player,1,85.3,6.4,120.9,54.0,30.1,-0.87
92,8,player,1,19.8,5.1,52.1,54.0,9.73,-0.83
92,9,player,2,157.1,8.6,188.7,53.7,51.24,-0.94
92,10,player,1,295.5,6.1,329.7,54.8,93.42,-0.83
92,4,player,1,39.4,269.9,80.6,340.4,16.59,46.36
92,18,player,1,142.6,251.7,163.7,297.3,45.17,39.07
92,49,player,1,215.3,240.6,234.1,278.7,67.03,35.93
92,61,player,1,314.9,273.4,341.3,319.0,98.6,42.49
92,74,player,1,252.8,269.4,279.0,320.4,79.64,42.79
92,44,player,1,50.9,284.7,71.0,323.7,16.9,43.58
92,60,player,1,192.1,235.1,208.7,274.5,59.63,35.26
93,6,player,1,230.4,5.0,266.7,53.4,74.11,-1.03
93,7,player,1,85.3,6.4,120.8,53.9,30.09,-0.87
93,8,player,1,19.8,5.1,52.1,54.0,9.73,-0.83
93,9,player,2,157.1,8.6,188.8,53.8,51.25,-0.93
93,10,player,1,295.4,6.2,329.4,54.7,93.37,-0.85
93,4,player,1,40.4,269.7,81.0,341.4,16.8,46.51
93,18,player,1,144.5,254.5,165.2,297.7,45.7,39.15
93,49,player,1,215.5,240.9,234.7,280.4,67.15,36.21
93,61,player,1,317.5,272.9,345.0,319.5,99.57,42.57
93,60,player,1,193.7,234.8,210.5,275.5,60.15,35.41
94,6,player,1,230.3,5.0,266.7,53.3,74.08,-1.04
94,7,player,1,85.3,6.4,120.8,54.0,30.09,-0.86
94,8,player,1,19.8,5.1,52.2,54.0,9.73,-0.83
94,9,player,2,157.1,8.5,188.8,53.8,51.25,-0.93
94,10,player,1,295.4,6.2,329.4,54.6,93.36,-0.86
94,4,player,1,43.6,280.9,78.2,342.3,16.86,46.67
94,18,player,1,145.8,255.3,167.4,298.4,46.24,39.25
94,49,player,1,215.4,240.9,235.6,283.1,67.27,36.65
94,61,player,1,320.3,272.4,348.5,318.9,100.51,42.47
94,74,player,1,251.8,270.4,278.0,320.9,79.34,42.88
94,44,player,1,56.1,273.2,79.3,318.8,18.97,42.75
95,6,player,1,230.3,5.0,266.7,53.3,74.09,-1.04
95,7,player,1,85.3,6.4,120.8,54.0,30.09,-0.86
95,8,player,1,19.9,5.1,52.1,53.9,9.74,-0.84
95,9,player,2,157.0,8.5,188.8,53.8,51.25,-0.93
95,10,player,1,295.4,6.2,329.5,54.6,93.38,-0.86
95,4,player,1,43.7,285.5,75.3,342.6,16.43,46.73
95,18,player,1,147.5,257.6,169.1,298.7,46.76,39.31
95,61,player,1,322.6,272.2,349.9,316.0,101.08,41.98
95,44,player,1,58.1,270.7,83.4,321.3,19.92,43.16
96,6,player,1,230.3,5.0,266.7,53.4,74.08,-1.03
96,7,player,1,85.3,6.4,120.8,54.0,30.09,-0.87
96,8,player,1,19.9,5.1,52.2,54.0,9.74,-0.83
96,9,player,2,157.0,8.5,188.8,53.8,51.24,-0.93
96,10,player,1,295.4,6.2,329.4,54.6,93.36,-0.86
96,4,player,1,42.3,286.7,72.4,340.5,15.76,46.37
96,18,player,1,150.1,257.6,173.0,299.5,47.76,39.44
96,61,player,1,322.6,272.0,350.8,316.7,101.22,42.1
96,44,player,1,62.9,269.7,85.1,312.4,20.94,41.68
96,49,player,1,215.9,241.8,236.9,285.6,67.56,37.06
96,74,player,1,251.4,272.0,277.8,321.4,79.26,42.96
97,6,player,1,230.4,5.0,266.8,53.4,74.11,-1.03
97,7,player,1,85.4,6.4,120.9,54.0,30.1,-0.87
97,8,player,1,19.9,5.1,52.2,53.9,9.74,-0.84
97,9,player,2,157.0,8.5,188.8,53.8,51.24,-0.93
97,10,player,1,295.4,6.2,329.5,54.6,93.37,-0.86
97,4,player,1,41.0,287.2,71.9,339.9,15.49,46.28
97,18,player,1,153.8,257.6,178.2,300.6,49.11,39.62
97,61,player,1,323.7,272.1,352.3,317.6,101.62,42.25
97,44,player,1,64.2,270.1,89.5,318.7,21.78,42.72
97,49,player,1,219.1,242.4,240.6,285.8,68.62,37.09
97,74,player,1,249.1,271.8,276.0,321.3,78.62,42.95
98,6,player,1,230.5,5.0,266.9,53.4,74.13,-1.02
98,7,player,1,85.4,6.4,120.9,54.0,30.12,-0.87
98,8,player,1,19.9,5.1,52.2,53.9,9.74,-0.84
98,9,player,2,157.0,8.5,188.8,53.8,51.24,-0.93
98,10,player,1,295.4,6.1,329.6,54.6,93.39,-0.86
98,4,player,1,39.4,287.3,71.5,339.9,15.2,46.27
98,18,player,1,154.2,257.7,179.5,301.0,49.38,39.67
98,61,player,1,323.7,272.1,352.5,317.9,101.64,42.31
98,44,player,1,64.3,269.7,90.6,320.5,21.98,43.02
98,74,player,1,246.8,272.2,273.5,320.0,77.88,42.74
99,6,player,1,230.4,5.0,266.8,53.4,74.11,-1.03
99,7,player,1,85.4,6.4,120.9,54.0,30.11,-0.86
99,8,player,1,19.8,5.1,52.1,54.0,9.72,-0.83
99,9,player,2,157.0,8.5,188.7,53.8,51.23,-0.93
99,10,player,1,295.3,6.2,329.4,54.6,93.35,-0.85
99,4,player,1,38.6,287.5,71.8,339.3,15.11,46.18
99,18,player,1,156.7,258.0,183.1,302.2,50.31,39.87
99,61,player,1,322.9,272.7,351.5,319.3,101.38,42.54
99,44,player,1,63.9,270.1,91.2,322.6,22.0,43.37
99,74,player,1,244.4,272.2,271.6,320.9,77.24,42.88
99,60,player,1,206.7,239.1,222.2,276.8,63.92,35.62
99,49,player,1,220.4,243.5,241.2,286.1,68.9,37.14
100,6,player,1,230.4,5.0,266.8,53.3,74.12,-1.04
100,7,player,1,85.3,6.4,120.8,54.0,30.09,-0.86
100,8,player,1,19.8,5.1,52.1,54.0,9.73,-0.84
100,9,player,2,157.0,8.5,188.8,53.8,51.24,-0.92
100,10,player,1,295.3,6.2,329.4,54.6,93.35,-0.86
100,4,player,1,34.6,287.9,68.3,340.0,13.95,46.29
100,18,player,1,160.3,258.6,186.6,302.7,51.4,39.95
100,61,player,1,324.2,273.4,352.1,319.6,101.66,42.58
100,44,player,1,63.1,270.3,91.6,325.5,21.93,43.86
100,74,player,1,243.3,272.8,270.3,321.2,76.87,42.93
100,60,player,1,211.0,239.7,226.1,276.7,65.17,35.6
100,49,player,1,222.4,243.7,243.3,287.7,69.52,37.41
101,6,player,1,230.5,5.0,266.8,53.3,74.13,-1.04
101,7,player,1,85.4,6.4,120.8,53.9,30.1,-0.88
101,8,player,1,19.8,5.1,52.1,54.0,9.72,-0.84
101,9,player,2,157.0,8.5,188.8,53.8,51.24,-0.93
101,10,player,1,295.5,6.2,329.5,54.5,93.39,-0.88
101,4,player,1,34.2,288.1,67.5,339.9,13.77,46.28
101,18,player,1,162.5,258.5,188.3,302.3,51.99,39.89
101,61,player,1,326.5,273.2,354.7,319.7,102.4,42.59
101,44,player,1,62.5,270.3,91.0,325.7,21.75,43.89
101,74,player,1,245.3,273.2,272.1,321.0,77.44,42.91
101,60,player,1,212.3,240.1,227.8,276.8,65.6,35.61
101,49,player,1,224.6,243.7,244.9,287.4,70.09,37.36
102,6,player,1,230.5,5.0,266.8,53.3,74.13,-1.03
102,7,player,1,85.3,6.4,120.8,53.9,30.09,-0.87
102,8,player,1,19.8,5.1,52.1,54.0,9.72,-0.83
102,9,player,2,157.1,8.6,188.8,53.8,51.25,-0.93
102,10,player,1,295.4,6.2,329.5,54.5,93.39,-0.88
102,4,player,1,35.7,288.0,68.6,340.3,14.17,46.34
102,18,player,1,164.6,258.2,190.4,303.3,52.63,40.05
102,61,player,1,328.4,272.9,356.1,318.0,102.92,42.31
102,44,player,1,64.7,269.9,93.5,325.0,22.47,43.76
102,74,player,1,245.3,273.9,273.3,321.7,77.63,43.02
102,49,player,1,225.3,243.8,246.0,288.4,70.4,37.51
103,6,player,1,230.4,5.0,266.8,53.3,74.12,-1.03
103,7,player,1,85.3,6.4,120.7,53.9,30.08,-0.88
103,8,player,1,19.8,5.1,52.1,54.0,9.73,-0.84
103,9,player,2,157.1,8.6,188.7,53.8,51.25,-0.93
103,10,player,1,295.3,6.1,329.5,54.6,93.36,-0.85
103,4,player,1,37.0,287.6,69.2,340.1,14.47,46.31
103,18,player,1,166.6,257.6,192.5,304.2,53.25,40.2
103,61,player,1,329.7,272.9,357.9,318.3,103.39,42.37
103,44,player,1,67.4,269.2,97.1,324.9,23.44,43.75
103,49,player,1,225.6,243.8,246.9,288.9,70.56,37.6
104,6,player,1,230.4,5.0,266.7,53.3,74.11,-1.03
104,7,player,1,85.3,6.4,120.7,53.8,30.08,-0.89
104,8,player,1,19.8,5.1,52.1,54.0,9.73,-0.83
104,9,player,2,157.1,8.6,188.7,53.8,51.25,-0.93
104,10,player,1,295.2,6.1,329.5,54.7,93.35,-0.85
104,4,player,1,37.5,287.2,69.1,339.9,14.54,46.27
104,18,player,1,167.6,257.8,193.0,304.6,53.49,40.26
104,61,player,1,329.0,272.8,357.9,318.7,103.27,42.42
104,44,player,1,67.5,269.0,98.0,324.8,23.6,43.73
104,49,player,1,225.3,243.8,247.2,289.1,70.57,37.64
104,60,player,1,212.3,240.8,231.8,286.1,66.22,37.16
105,6,player,1,230.4,5.1,266.7,53.4,74.1,-1.03
105,7,player,1,85.3,6.4,120.7,53.9,30.08,-0.88
105,8,player,1,19.8,5.1,52.1,54.0,9.72,-0.83
105,9,player,2,157.1,8.7,188.7,53.8,51.24,-0.93
105,10,player,1,295.3,6.2,329.5,54.6,93.37,-0.86
105,4,player,1,40.8,286.9,70.8,338.8,15.31,46.1
105,18,player,1,170.1,258.2,195.2,305.5,54.2,40.41
105,61,player,1,329.5,273.2,358.9,319.5,103.5,42.55
105,44,player,1,68.3,268.8,99.4,324.9,23.93,43.74
105,49,player,1,225.5,244.3,247.8,289.6,70.69,37.71
106,6,player,1,230.4,5.1,266.7,53.4,74.11,-1.02
106,7,player,1,85.3,6.4,120.8,53.9,30.08,-0.88
106,8,player,1,19.8,5.1,52.1,54.0,9.72,-0.84
106,9,player,2,157.1,8.7,188.7,53.8,51.25,-0.93
106,10,player,1,295.5,6.1,329.6,54.5,93.4,-0.87
106,4,player,1,42.0,286.2,72.5,339.8,15.75,46.26
106,18,player,1,173.1,258.8,197.5,306.5,55.02,40.57
106,61,player,1,329.2,273.6,358.1,319.7,103.34,42.6
106,44,player,1,68.9,268.7,100.2,325.0,24.14,43.76
107,6,player,1,230.5,5.1,266.8,53.4,74.12,-1.03
107,7,player,1,85.4,6.4,120.8,53.9,30.09,-0.87
107,8,player,1,19.7,5.1,52.0,54.0,9.7,-0.83
107,9,player,2,157.0,8.6,188.8,53.9,51.24,-0.91
107,10,player,1,295.5,6.1,329.7,54.6,93.42,-0.86
107,4,player,1,42.7,286.3,72.8,339.7,15.9,46.25
107,18,player,1,176.1,259.7,199.7,307.8,55.81,40.78
107,61,player,1,328.8,274.7,356.2,319.9,103.0,42.62
107,44,player,1,70.3,268.6,101.3,325.2,24.53,43.79
107,74,player,1,241.7,275.6,267.4,320.5,76.18,42.81
107,49,player,1,227.4,244.4,249.8,288.2,71.27,37.48
108,6,player,1,230.5,5.0,266.8,53.4,74.14,-1.02
108,7,player,1,85.4,6.4,120.8,54.0,30.09,-0.86
108,8,player,1,19.7,5.1,52.0,54.0,9.7,-0.83
108,9,player,2,157.1,8.6,188.8,53.8,51.26,-0.92
108,10,player,1,295.5,6.1,329.6,54.5,93.4,-0.87
108,4,player,1,44.1,287.1,73.5,338.6,16.23,46.06
108,18,player,1,178.7,267.8,198.4,308.1,56.0,40.84
108,44,player,1,70.8,268.6,100.9,324.9,24.55,43.74
108,90,player,1,260.7,276.6,284.3,322.9,81.66,43.2
108,74,player,1,240.9,276.5,265.3,318.9,75.73,42.56
108,49,player,1,228.1,244.6,251.0,288.3,71.57,37.51
109,6,player,1,230.5,5.0,266.8,53.4,74.13,-1.02
109,7,player,1,85.4,6.4,120.8,54.0,30.1,-0.86
109,8,player,1,19.8,5.1,52.1,54.0,9.72,-0.83
109,9,player,2,157.1,8.6,188.8,53.8,51.25,-0.93
109,10,player,1,295.5,6.1,329.7,54.6,93.42,-0.86
109,4,player,1,49.3,287.7,78.3,337.0,17.77,45.79
109,18,player,1,178.9,270.0,198.2,308.7,56.02,40.94
109,44,player,1,72.0,268.4,101.4,324.4,24.82,43.65
109,90,player,1,262.7,276.9,287.1,324.4,82.38,43.44
109,74,player,1,238.5,276.7,263.4,319.0,75.08,42.58
110,6,player,1,230.5,5.0,266.8,53.4,74.12,-1.02
110,7,player,1,85.4,6.4,120.8,54.0,30.1,-0.86
110,8,player,1,19.8,5.1,52.1,54.0,9.73,-0.83
110,9,player,2,157.1,8.6,188.8,53.8,51.26,-0.93
110,10,player,1,295.5,6.1,329.7,54.6,93.42,-0.86
110,4,player,1,47.8,287.9,76.3,336.6,17.22,45.71
110,18,player,1,178.9,270.9,198.0,308.8,55.98,40.96
110,44,player,1,72.3,268.2,101.4,324.4,24.85,43.66
110,90,player,1,263.2,277.1,287.9,324.8,82.58,43.51
110,74,player,1,237.5,276.9,262.7,319.0,74.81,42.58
110,3,player,1,332.6,275.5,349.6,308.1,102.54,40.68
110,49,player,1,229.3,245.3,252.5,289.5,71.99,37.7
111,6,player,1,230.5,5.1,266.8,53.4,74.12,-1.02
111,7,player,1,85.3,6.4,120.8,54.0,30.09,-0.86
111,8,player,1,19.9,5.1,52.1,53.9,9.73,-0.84
111,9,player,2,157.1,8.6,188.9,53.8,51.27,-0.93
111,10,player,1,295.5,6.1,329.7,54.6,93.43,-0.85
111,4,player,1,51.1,287.9,79.7,336.4,18.25,45.67
111,18,player,1,181.0,273.7,200.1,309.6,56.62,41.09
111,44,player,1,73.4,268.9,101.7,324.0,25.07,43.59
111,90,player,1,263.0,277.6,288.1,325.6,82.6,43.65
111,74,player,1,236.9,277.7,262.3,319.8,74.67,42.71
111,49,player,1,230.5,245.4,253.6,290.3,72.34,37.83
111,61,player,1,330.3,275.8,356.7,318.6,103.29,42.41
112,6,player,1,230.5,5.1,266.7,53.4,74.11,-1.02
112,7,player,1,85.3,6.4,120.8,54.0,30.09,-0.86
112,8,player,1,19.8,5.1,52.1,53.9,9.72,-0.84
112,9,player,2,157.1,8.6,188.8,53.7,51.26,-0.93
112,10,player,1,295.5,6.2,329.6,54.5,93.41,-0.87
112,4,player,1,48.4,287.6,77.1,336.4,17.43,45.68
112,18,player,1,182.7,274.7,202.1,309.3,57.19,41.04
112,44,player,1,74.5,270.0,100.8,321.3,25.11,43.14
112,90,player,1,259.3,278.5,284.4,326.5,81.46,43.8
112,74,player,1,239.7,278.9,263.0,318.1,75.21,42.43
112,49,player,1,230.5,245.8,253.6,290.8,72.33,37.91
112,61,player,1,329.8,276.6,357.2,319.9,103.29,42.63
113,6,player,1,230.5,5.0,266.8,53.4,74.12,-1.02
113,7,player,1,85.3,6.4,120.8,54.0,30.09,-0.85
113,8,player,1,19.8,5.1,52.1,53.9,9.72,-0.85
113,9,player,2,157.1,8.6,188.8,53.7,51.26,-0.94
113,10,player,1,295.6,6.1,329.6,54.5,93.43,-0.87
113,4,player,1,46.3,287.0,75.6,336.4,16.89,45.68
113,18,player,1,183.5,267.8,207.3,309.2,58.09,41.01
113,44,player,1,76.6,271.4,102.1,321.2,25.63,43.11
113,90,player,1,255.1,279.5,280.6,327.4,80.25,43.95
113,74,player,1,239.8,278.6,263.3,319.2,75.27,42.6
113,49,player,1,230.2,246.0,254.0,291.7,72.35,38.05
113,61,player,1,327.7,277.5,351.7,317.2,102.14,42.17
114,6,player,1,230.5,5.0,266.7,53.4,74.12,-1.02
114,7,player,1,85.4,6.4,120.8,54.0,30.1,-0.85
114,8,player,1,19.9,5.1,52.1,53.9,9.74,-0.85
114,9,player,2,157.1,8.6,188.8,53.7,51.26,-0.94
114,10,player,1,295.5,6.1,329.5,54.6,93.4,-0.87
114,4,player,1,44.6,286.3,74.8,336.3,16.5,45.66
114,18,player,1,185.6,265.7,210.2,308.0,58.88,40.8
114,44,player,1,78.1,273.0,103.1,321.9,26.02,43.24
114,90,player,1,255.2,280.1,281.2,329.0,80.34,44.21
114,74,player,1,236.9,279.5,260.5,319.5,74.38,42.66
114,49,player,1,231.9,247.0,255.5,292.6,72.84,38.2
114,61,player,1,327.5,278.9,349.9,316.6,101.82,42.08
114,95,player,1,256.9,243.5,274.8,273.1,79.57,34.95
115,6,player,1,230.3,5.0,266.6,53.4,74.06,-1.02
115,7,player,1,85.4,6.4,120.9,54.0,30.11,-0.86
115,8,player,1,19.9,5.1,52.1,53.8,9.74,-0.85
115,9,player,2,157.1,8.6,188.8,53.7,51.25,-0.94
115,10,player,1,295.5,6.1,329.5,54.6,93.39,-0.87
115,4,player,1,44.5,286.7,75.1,336.4,16.55,45.69
115,18,player,1,187.4,264.5,213.5,310.2,59.64,41.17
115,44,player,1,78.6,273.7,103.5,322.7,26.14,43.36
115,90,player,1,256.9,280.4,283.4,329.9,80.95,44.36
115,74,player,1,235.9,278.5,260.9,319.6,74.29,42.67
115,49,player,1,235.9,247.8,258.5,291.7,73.91,38.05
115,61,player,1,326.8,279.7,350.7,320.3,101.86,42.69
115,95,player,1,260.9,242.6,280.6,275.3,81.06,35.32
116,6,player,1,230.2,5.0,266.5,53.4,74.05,-1.02
116,7,player,1,85.4,6.4,120.9,54.0,30.11,-0.86
116,8,player,1,19.9,5.1,52.1,53.9,9.74,-0.85
116,9,player,2,157.1,8.6,188.8,53.7,51.24,-0.95
116,10,player,1,295.5,6.1,329.5,54.6,93.39,-0.87
116,4,player,1,44.2,287.0,75.2,336.5,16.5,45.71
116,18,player,1,188.0,264.2,214.3,311.0,59.85,41.31
116,44,player,1,78.6,274.0,103.4,322.8,26.14,43.38
116,90,player,1,257.6,280.6,284.2,330.3,81.18,44.44
116,74,player,1,235.3,278.5,261.0,319.5,74.22,42.66
116,49,player,1,237.3,248.0,259.3,291.3,74.23,37.98
116,61,player,1,325.8,279.8,349.5,320.5,101.51,42.73
116,95,player,1,262.2,242.2,282.5,275.9,81.55,35.42
117,6,player,1,230.2,5.1,266.5,53.4,74.05,-1.02
117,7,player,1,85.4,6.4,120.9,54.0,30.11,-0.85
117,8,player,1,19.8,5.1,52.1,53.9,9.73,-0.84
117,9,player,2,157.1,8.6,188.8,53.7,51.25,-0.94
117,10,player,1,295.4,6.1,329.5,54.6,93.39,-0.86
117,4,player,1,45.8,287.6,76.4,336.1,16.93,45.63
117,18,player,1,187.8,264.7,213.7,312.0,59.74,41.47
117,44,player,1,75.9,273.9,101.2,323.2,25.38,43.46
117,90,player,1,258.4,280.9,285.4,330.8,81.48,44.51
117,74,player,1,234.4,279.4,260.4,319.5,74.0,42.66
117,49,player,1,237.9,248.1,259.6,291.5,74.39,38.01
117,61,player,1,325.1,280.1,350.0,322.1,101.48,43.0
117,95,player,1,265.8,241.8,286.3,276.2,82.69,35.46
118,6,player,1,230.3,5.0,266.6,53.4,74.07,-1.03
118,7,player,1,85.3,6.4,120.8,54.0,30.09,-0.86
118,8,player,1,19.8,5.1,52.1,53.9,9.73,-0.85
118,9,player,2,157.1,8.6,188.8,53.7,51.25,-0.95
118,10,player,1,295.6,6.1,329.7,54.6,93.43,-0.86
118,4,player,1,47.4,287.8,77.8,336.1,17.4,45.64
118,18,player,1,188.7,268.5,212.5,311.7,59.69,41.42
118,44,player,1,75.3,273.7,102.0,324.1,25.4,43.6
118,74,player,1,232.2,279.6,258.2,320.3,73.32,42.8
118,49,player,1,239.5,247.4,261.4,291.1,74.91,37.96
118,61,player,1,323.8,280.2,349.6,322.3,101.22,43.03
118,95,player,1,267.0,241.6,292.3,284.9,83.78,36.89
119,6,player,1,230.3,5.0,266.6,53.4,74.07,-1.03
119,7,player,1,85.3,6.4,120.7,53.9,30.07,-0.87
119,8,player,1,19.9,5.1,52.2,53.9,9.74,-0.84
119,9,player,2,157.0,8.6,188.8,53.7,51.24,-0.94
119,10,player,1,295.6,6.1,329.6,54.5,93.42,-0.87
119,4,player,1,49.7,287.0,80.1,336.1,18.1,45.63
119,18,player,1,189.1,270.8,213.1,314.8,59.85,41.93
119,44,player,1,74.4,273.5,102.9,325.2,25.4,43.79
119,74,player,1,232.9,279.8,259.9,321.6,73.68,43.01
119,49,player,1,240.6,247.0,262.1,289.9,75.16,37.75
119,61,player,1,323.6,280.2,346.0,316.5,100.64,42.07
119,95,player,1,269.8,241.5,297.7,290.0,85.05,37.73
119,90,player,1,255.6,284.2,280.8,332.2,80.36,44.74
120,6,player,1,230.3,5.0,266.7,53.4,74.08,-1.03
120,7,player,1,85.2,6.4,120.7,53.9,30.05,-0.87
120,8,player,1,19.9,5.1,52.2,54.0,9.75,-0.83
120,9,player,2,157.0,8.6,188.7,53.7,51.24,-0.94
120,10,player,1,295.6,6.1,329.6,54.5,93.41,-0.88
120,18,player,1,190.7,271.4,214.7,315.8,60.32,42.09
120,44,player,1,68.2,273.6,102.4,333.0,24.37,45.09
120,74,player,1,232.0,280.2,258.5,322.2,73.35,43.12
120,49,player,1,241.9,247.1,262.8,288.3,75.48,37.48
120,61,player,1,319.4,280.6,340.9,316.6,99.23,42.09
120,95,player,1,273.3,241.7,301.8,292.3,86.21,38.11
120,90,player,1,251.7,284.7,277.1,332.8,79.2,44.85
121,6,player,1,230.3,5.0,266.6,53.3,74.07,-1.03
121,7,player,1,85.3,6.4,120.7,54.0,30.07,-0.87
121,8,player,1,19.9,5.1,52.3,54.0,9.76,-0.83
121,9,player,2,157.1,8.6,188.9,53.7,51.26,-0.94
121,10,player,1,295.6,6.1,329.5,54.5,93.41,-0.88
121,18,player,1,191.8,272.9,215.7,316.5,60.65,42.21
121,44,player,1,65.8,273.5,102.2,335.8,23.96,45.56
121,74,player,1,231.2,280.0,257.5,322.2,73.07,43.11
121,49,player,1,242.5,247.6,263.1,287.3,75.61,37.32
121,61,player,1,317.3,281.4,341.4,322.9,98.99,43.14
121,95,player,1,278.5,242.0,306.3,292.5,87.68,38.13
121,90,player,1,252.1,284.8,277.8,332.8,79.36,44.86
121,100,player,1,351.1,300.9,360.0,350.6,107.03,47.71
122,6,player,1,230.2,5.0,266.6,53.3,74.06,-1.03
122,7,player,1,85.3,6.4,120.7,54.0,30.07,-0.87
122,8,player,1,19.9,5.1,52.2,54.0,9.75,-0.83
122,9,player,2,157.1,8.6,188.9,53.7,51.27,-0.95
122,10,player,1,295.5,6.1,329.5,54.5,93.41,-0.87
122,18,player,1,192.3,273.6,216.0,316.6,60.78,42.23
122,44,player,1,64.6,273.5,102.1,336.8,23.76,45.73
122,74,player,1,231.0,280.1,256.8,321.9,72.92,43.07
122,49,player,1,242.3,247.7,263.0,287.0,75.57,37.27
122,61,player,1,316.4,281.8,341.0,325.2,98.79,43.52
122,95,player,1,280.1,242.0,307.2,292.4,88.07,38.12
122,90,player,1,251.9,284.7,278.2,333.3,79.41,44.93
122,100,player,1,351.0,300.3,360.0,350.8,107.01,47.74
123,6,player,1,230.2,5.0,266.6,53.4,74.07,-1.03
123,7,player,1,85.3,6.4,120.8,54.0,30.08,-0.86
123,8,player,1,19.9,5.1,52.3,54.0,9.77,-0.83
123,9,player,2,157.1,8.6,188.8,53.7,51.25,-0.95
123,10,player,1,295.5,6.1,329.5,54.5,93.4,-0.87
123,18,player,1,191.9,275.5,215.3,318.1,60.6,42.48
123,44,player,1,62.9,273.3,99.7,335.9,23.13,45.58
123,74,player,1,230.4,280.4,252.1,315.6,72.11,42.03
123,49,player,1,242.2,247.9,263.4,288.0,75.6,37.43
123,61,player,1,314.6,281.6,339.3,325.9,98.27,43.63
123,95,player,1,283.8,242.1,310.6,293.1,89.15,38.24
123,90,player,1,252.8,284.7,280.8,335.3,79.94,45.27
123,100,player,1,350.4,295.5,360.0,351.6,106.92,47.87
124,6,player,1,230.3,5.1,266.7,53.4,74.08,-1.03
124,7,player,1,85.3,6.4,120.8,54.0,30.09,-0.87
124,8,player,1,19.8,5.1,52.2,54.0,9.74,-0.83
124,9,player,2,157.0,8.6,188.8,53.7,51.24,-0.94
124,10,player,1,295.5,6.2,329.4,54.4,93.38,-0.89
124,18,player,1,191.7,276.5,215.2,319.7,60.56,42.74
124,44,player,1,62.1,273.0,98.6,335.8,22.85,45.56
124,74,player,1,227.4,281.1,252.9,321.7,71.78,43.04
124,49,player,1,241.6,248.2,263.0,288.7,75.47,37.55
124,61,player,1,313.3,281.4,336.5,322.8,97.64,43.13
124,95,player,1,288.2,242.4,314.6,293.7,90.44,38.32
124,90,player,1,252.0,285.4,280.8,334.2,79.8,45.09
125,6,player,1,230.3,5.0,266.7,53.4,74.09,-1.02
125,7,player,1,85.4,6.4,120.8,53.9,30.1,-0.88
125,8,player,1,19.8,5.1,52.2,54.0,9.74,-0.83
125,9,player,2,157.0,8.6,188.8,53.7,51.25,-0.94
125,10,player,1,295.6,6.1,329.5,54.4,93.4,-0.89
125,18,player,1,191.6,276.7,214.9,320.5,60.51,42.88
125,44,player,1,63.9,272.6,99.5,335.6,23.27,45.52
125,74,player,1,223.9,281.5,250.0,323.8,70.8,43.38
125,49,player,1,239.6,248.3,265.0,298.0,75.46,39.09
125,61,player,1,311.5,280.8,336.2,324.4,97.32,43.39
125,95,player,1,293.1,242.8,318.9,293.9,91.82,38.36
125,90,player,1,250.0,287.0,280.4,334.4,79.44,45.12
126,6,player,1,230.3,5.0,266.7,53.4,74.09,-1.03
126,7,player,1,85.4,6.4,120.9,53.9,30.12,-0.88
126,8,player,1,19.8,5.1,52.2,54.0,9.74,-0.83
126,9,player,2,157.1,8.6,188.8,53.7,51.26,-0.94
126,10,player,1,295.5,6.1,329.5,54.5,93.39,-0.88
126,18,player,1,191.6,276.8,215.2,321.7,60.55,43.07
126,44,player,1,66.5,272.4,100.5,334.4,23.81,45.32
126,74,player,1,220.9,281.8,247.6,325.3,69.98,43.64
126,49,player,1,240.6,248.5,263.4,293.9,75.37,38.42
126,61,player,1,307.2,280.8,334.0,327.5,96.33,43.91
126,95,player,1,299.8,243.2,319.6,283.2,92.94,36.59
126,90,player,1,242.0,285.6,274.4,336.1,77.31,45.42
126,100,player,1,343.5,294.4,354.1,348.6,104.98,47.38
127,6,player,1,230.3,5.0,266.8,53.4,74.11,-1.02
127,7,player,1,85.4,6.4,120.9,53.9,30.11,-0.87
127,8,player,1,19.8,5.1,52.2,54.0,9.74,-0.83
127,9,player,2,157.1,8.6,188.8,53.6,51.26,-0.95
127,10,player,1,295.5,6.1,329.5,54.4,93.4,-0.9
127,18,player,1,192.6,276.9,215.6,320.1,60.77,42.81
127,44,player,1,67.3,272.6,100.8,333.6,23.98,45.2
127,74,player,1,220.6,282.2,247.5,327.2,69.92,43.95
127,49,player,1,241.6,249.3,264.4,294.9,75.69,38.58
127,100,player,1,338.6,294.6,350.6,349.2,103.69,47.49
128,6,player,1,230.4,5.0,266.8,53.4,74.11,-1.02
128,7,player,1,85.2,6.4,120.8,54.0,30.08,-0.86
128,8,player,1,19.8,5.1,52.1,54.0,9.73,-0.83
128,9,player,2,157.1,8.6,188.8,53.7,51.25,-0.95
128,10,player,1,295.5,6.1,329.5,54.4,93.39,-0.89
128,18,player,1,193.6,278.0,217.0,320.7,61.13,42.91
128,44,player,1,66.6,273.6,96.5,327.7,23.22,44.22
128,74,player,1,219.5,282.5,246.9,328.0,69.66,44.09
128,49,player,1,243.0,249.5,265.6,294.7,76.09,38.55
128,100,player,1,338.1,295.6,348.8,340.4,103.32,46.03
128,103,player,1,81.8,282.5,102.7,332.7,26.49,45.03
128,61,player,1,302.4,280.5,332.0,331.3,95.31,44.55
128,95,player,1,309.8,243.8,332.0,289.5,96.36,37.62
129,6,player,1,230.4,5.0,266.8,53.4,74.11,-1.02
129,7,player,1,85.2,6.4,120.8,54.0,30.06,-0.86
129,8,player,1,19.8,5.1,52.1,54.0,9.72,-0.83
129,9,player,2,157.1,8.6,188.8,53.7,51.25,-0.94
129,10,player,1,295.5,6.1,329.5,54.4,93.39,-0.89
129,18,player,1,193.0,278.1,217.0,321.0,61.03,42.97
129,44,player,1,66.0,273.9,94.8,325.5,22.88,43.85
129,74,player,1,219.2,282.7,245.3,325.7,69.37,43.71
129,49,player,1,243.2,249.6,265.9,295.0,76.16,38.59
129,100,player,1,337.9,295.9,348.6,336.7,103.26,45.41
129,103,player,1,82.3,281.9,103.5,332.8,26.7,45.05
129,61,player,1,301.6,281.0,331.8,332.1,95.14,44.68
129,95,player,1,310.7,243.8,333.6,291.2,96.74,37.89
130,6,player,1,230.3,5.0,266.7,53.4,74.1,-1.02
130,7,player,1,85.2,6.4,120.7,54.0,30.05,-0.87
130,8,player,1,19.8,5.1,52.1,54.0,9.72,-0.83
130,9,player,2,157.1,8.6,188.8,53.7,51.25,-0.94
130,10,player,1,295.5,6.1,329.4,54.4,93.38,-0.89
130,18,player,1,191.1,277.5,216.8,321.9,60.72,43.12
130,44,player,1,65.0,275.3,93.9,326.4,22.59,43.99
130,74,player,1,218.1,282.6,243.7,323.9,68.96,43.41
130,49,player,1,243.5,249.7,266.6,296.3,76.31,38.8
130,100,player,1,335.2,296.4,346.4,336.6,102.5,45.39
130,103,player,1,86.2,280.7,108.0,333.2,27.99,45.11
130,61,player,1,302.1,281.9,330.7,331.1,95.06,44.52
130,95,player,1,314.3,244.4,337.8,293.9,97.94,38.33
131,6,player,1,230.3,5.0,266.7,53.4,74.09,-1.03
131,7,player,1,85.2,6.4,120.7,53.9,30.06,-0.88
131,8,player,1,19.8,5.1,52.1,54.0,9.73,-0.83
131,9,player,2,157.1,8.6,188.8,53.7,51.25,-0.95
131,10,player,1,295.5,6.1,329.5,54.4,93.39,-0.89
131,18,player,1,188.5,277.5,216.0,323.8,60.2,43.42
131,44,player,1,64.7,277.1,93.9,328.0,22.53,44.27
131,74,player,1,216.4,282.6,243.8,325.8,68.72,43.73
131,49,player,1,244.9,250.5,267.8,297.5,76.71,39.01
131,100,player,1,331.7,297.4,343.1,337.6,101.47,45.56
131,103,player,1,91.9,279.3,112.9,330.1,29.61,44.58
131,61,player,1,299.3,281.2,328.1,333.2,94.25,44.87
131,95,player,1,318.9,244.8,342.7,295.6,99.37,38.61
132,6,player,1,230.4,5.0,266.8,53.4,74.11,-1.02
132,7,player,1,85.3,6.4,120.8,53.8,30.08,-0.89
132,8,player,1,19.8,5.1,52.2,54.0,9.74,-0.83
132,9,player,2,157.1,8.6,188.9,53.6,51.26,-0.95
132,10,player,1,295.5,6.1,329.5,54.5,93.38,-0.88
132,18,player,1,187.9,277.1,216.3,324.9,60.16,43.61
132,44,player,1,65.5,278.8,94.7,329.1,22.78,44.44
132,74,player,1,212.4,282.8,240.7,325.4,67.63,43.67
132,49,player,1,245.6,251.4,269.0,300.5,77.0,39.5
132,103,player,1,96.4,278.4,117.5,329.7,31.01,44.51
132,61,player,1,300.1,280.8,324.1,325.4,93.74,43.58
132,90,player,1,241.2,292.4,272.4,340.2,76.88,46.09
133,6,player,1,230.5,5.0,266.9,53.4,74.14,-1.02
133,7,player,1,85.2,6.4,120.8,53.9,30.07,-0.88
133,8,player,1,19.8,5.1,52.1,53.9,9.73,-0.84
133,9,player,2,157.1,8.6,188.9,53.7,51.28,-0.95
133,10,player,1,295.5,6.1,329.5,54.5,93.38,-0.87
133,18,player,1,187.9,276.6,215.5,324.3,60.03,43.51
133,44,player,1,69.0,279.7,98.4,329.8,23.89,44.55
133,74,player,1,209.2,284.3,240.4,329.9,67.1,44.42
133,49,player,1,247.2,252.1,269.0,298.5,77.24,39.17
133,103,player,1,100.8,278.0,122.1,330.5,32.4,44.65
133,61,player,1,300.5,280.9,326.0,329.6,94.09,44.27
133,90,player,1,246.0,293.9,275.7,340.2,78.11,46.08
133,100,player,1,328.3,296.8,341.0,338.8,100.63,45.77
133,95,player,1,328.9,245.6,352.5,296.6,102.38,38.76
134,6,player,1,230.5,5.0,266.9,53.4,74.14,-1.02
134,7,player,1,85.2,6.4,120.7,53.9,30.06,-0.88
134,8,player,1,19.8,5.1,52.0,53.9,9.71,-0.84
134,9,player,2,157.1,8.6,188.9,53.7,51.28,-0.94
134,10,player,1,295.6,6.1,329.5,54.3,93.42,-0.9
134,18,player,1,188.7,276.2,217.7,327.2,60.48,43.99
134,44,player,1,72.9,280.2,102.3,330.0,25.07,44.59
134,74,player,1,207.7,285.1,240.5,331.6,66.89,44.7
134,49,player,1,248.5,252.6,270.5,300.7,77.66,39.53
134,103,player,1,105.6,278.8,126.6,331.1,33.83,44.74
134,61,player,1,299.2,281.8,326.0,334.0,93.91,45.0
134,90,player,1,248.7,294.9,277.5,340.2,78.8,46.08
134,100,player,1,325.6,296.2,341.3,346.4,100.28,47.04
134,95,player,1,334.0,245.9,356.8,296.4,103.82,38.73
135,6,player,1,230.5,5.0,267.0,53.4,74.16,-1.02
135,7,player,1,85.2,6.4,120.7,53.9,30.06,-0.87
135,8,player,1,19.7,5.1,52.0,54.0,9.69,-0.83
135,9,player,2,157.1,8.6,188.9,53.7,51.28,-0.95
135,10,player,1,295.7,6.1,329.5,54.3,93.42,-0.91
135,18,player,1,189.1,276.1,218.2,328.0,60.63,44.13
135,44,player,1,74.3,280.3,103.7,330.0,25.5,44.59
135,74,player,1,206.9,285.3,240.9,332.3,66.82,44.82
135,49,player,1,248.8,252.7,270.9,301.7,77.78,39.7
135,103,player,1,107.1,279.1,127.9,331.4,34.24,44.79
135,61,player,1,298.7,282.3,325.8,335.8,93.81,45.31
135,90,player,1,249.6,295.2,278.0,340.2,79.02,46.08
135,100,player,1,324.0,296.0,341.6,350.6,100.09,47.74
135,95,player,1,335.8,246.1,358.0,296.4,104.27,38.73
136,6,player,1,230.3,5.0,266.9,53.4,74.1,-1.02
136,7,player,1,85.2,6.4,120.7,54.0,30.05,-0.87
136,8,player,1,19.6,5.1,52.0,54.0,9.67,-0.82
136,9,player,2,157.1,8.6,188.9,53.7,51.28,-0.94
136,10,player,1,295.6,6.1,329.5,54.4,93.41,-0.89
136,18,player,1,191.2,275.9,217.8,323.8,60.88,43.43
136,44,player,1,77.1,279.7,106.7,330.5,26.38,44.66
136,74,player,1,206.0,285.1,242.1,335.2,66.86,45.29
136,49,player,1,251.0,252.8,271.9,299.7,78.26,39.37
136,103,player,1,110.7,278.1,131.8,331.8,35.4,44.85
136,61,player,1,296.7,282.8,324.6,338.1,93.31,45.68
136,90,player,1,256.0,295.9,282.0,337.3,80.61,45.6
136,100,player,1,322.7,295.6,341.5,351.3,99.88,47.85
136,95,player,1,339.1,246.4,360.0,296.5,105.09,38.75
137,6,player,1,230.2,5.0,266.8,53.4,74.09,-1.03
137,7,player,1,85.2,6.4,120.7,54.0,30.06,-0.86
137,8,player,1,19.7,5.1,52.0,54.0,9.7,-0.83
137,9,player,2,157.1,8.6,188.9,53.7,51.27,-0.95
137,10,player,1,295.5,6.1,329.4,54.3,93.38,-0.91
137,18,player,1,194.1,278.5,219.4,324.5,61.59,43.53
137,44,player,1,79.8,278.2,109.8,330.8,27.29,44.71
137,74,player,1,206.4,287.9,241.2,336.5,66.8,45.51
137,49,player,1,254.5,253.5,274.0,297.9,79.12,39.06
137,103,player,1,115.8,277.7,136.8,331.7,36.94,44.82
137,61,player,1,296.8,284.0,325.0,339.0,93.39,45.83
137,90,player,1,261.4,295.1,285.1,332.9,81.9,44.85
137,100,player,1,322.2,296.0,339.8,346.2,99.54,47.0
138,6,player,1,230.3,5.1,266.8,53.3,74.09,-1.03
138,7,player,1,85.3,6.4,120.7,54.0,30.07,-0.86
138,8,player,1,19.7,5.1,52.1,54.0,9.71,-0.83
138,9,player,2,157.1,8.6,188.8,53.6,51.25,-0.96
138,10,player,1,295.4,6.1,329.4,54.4,93.36,-0.9
138,18,player,1,197.2,279.9,222.8,326.7,62.58,43.91
138,44,player,1,84.0,277.2,114.5,331.5,28.65,44.82
138,74,player,1,209.8,289.0,243.4,337.1,67.65,45.61
138,49,player,1,259.0,255.0,276.5,294.4,80.17,38.48
138,103,player,1,122.3,277.2,143.2,332.1,38.92,44.88
138,61,player,1,297.1,286.6,325.0,341.0,93.45,46.17
138,90,player,1,265.4,294.6,291.0,334.4,83.42,45.11
138,100,player,1,323.2,297.3,340.2,343.6,99.75,46.57
139,6,player,1,230.4,5.0,266.9,53.3,74.13,-1.03
139,7,player,1,85.3,6.4,120.8,54.0,30.09,-0.85
139,8,player,1,19.8,5.1,52.2,54.0,9.73,-0.83
139,9,player,2,157.2,8.6,189.0,53.6,51.29,-0.96
139,10,player,1,295.3,6.1,329.3,54.4,93.34,-0.89
139,18,player,1,200.4,281.2,226.2,328.4,63.57,44.18
139,44,player,1,87.4,276.6,118.4,333.2,29.76,45.11
139,74,player,1,214.3,289.4,247.1,337.6,68.91,45.69
139,49,player,1,262.8,256.9,281.2,298.4,81.47,39.14
139,103,player,1,131.0,278.2,151.0,330.9,41.44,44.68
139,61,player,1,300.1,288.7,327.6,343.2,94.31,46.52
139,90,player,1,270.3,296.9,299.0,339.9,85.39,46.02
139,100,player,1,321.4,299.1,341.1,351.7,99.63,47.92
140,6,player,1,230.3,5.1,266.8,53.4,74.11,-1.02
140,7,player,1,85.3,6.4,120.8,54.0,30.09,-0.85
140,8,player,1,19.8,5.1,52.1,53.9,9.72,-0.84
140,9,player,2,157.1,8.6,189.1,53.7,51.3,-0.94
140,10,player,1,295.4,6.1,329.5,54.6,93.37,-0.87
140,18,player,1,202.3,282.7,228.8,330.0,64.27,44.44
140,44,player,1,92.1,276.4,123.4,335.0,31.25,45.4
140,74,player,1,218.2,290.5,250.7,338.9,70.05,45.91
140,49,player,1,266.9,258.5,286.3,302.3,82.87,39.77
140,103,player,1,139.3,278.2,159.0,330.5,43.94,44.6
140,61,player,1,304.3,290.3,330.5,344.5,95.39,46.74
140,90,player,1,276.3,302.8,306.2,344.9,87.41,46.84
140,100,player,1,325.0,301.1,344.4,352.5,100.68,48.05
141,6,player,1,230.3,5.1,266.9,53.4,74.12,-1.02
141,7,player,1,85.3,6.4,120.8,54.0,30.09,-0.86
141,8,player,1,19.8,5.1,52.1,53.9,9.71,-0.84
141,9,player,2,157.1,8.5,189.1,53.7,51.3,-0.94
141,10,player,1,295.4,6.1,329.5,54.6,93.39,-0.86
141,18,player,1,202.6,283.2,229.7,330.4,64.46,44.52
141,44,player,1,94.0,276.4,124.9,335.6,31.78,45.5
141,74,player,1,220.1,290.9,251.9,339.4,70.52,45.99
141,49,player,1,269.2,259.1,286.2,297.2,83.22,38.94
141,103,player,1,142.2,278.3,161.6,330.1,44.78,44.53
141,61,player,1,306.3,290.7,331.6,345.0,95.87,46.83
141,100,player,1,326.0,301.8,345.7,352.9,101.03,48.12
142,6,player,1,230.4,5.1,266.9,53.4,74.13,-1.02
142,7,player,1,85.3,6.4,120.8,54.0,30.09,-0.85
142,8,player,1,19.7,5.1,52.0,54.0,9.7,-0.83
142,9,player,2,157.0,8.5,188.9,53.7,51.25,-0.95
142,10,player,1,295.5,6.2,329.5,54.5,93.38,-0.87
142,18,player,1,204.8,286.4,232.0,332.3,65.14,44.82
142,44,player,1,97.3,277.7,127.5,336.4,32.68,45.63
142,74,player,1,224.3,291.3,256.2,341.3,71.83,46.29
142,49,player,1,271.6,259.5,290.6,302.5,84.24,39.8
142,103,player,1,148.9,277.1,168.5,329.6,46.87,44.44
142,61,player,1,310.2,290.8,334.0,343.7,96.82,46.61
142,100,player,1,329.5,303.3,347.0,347.0,101.75,47.14
142,90,player,1,282.3,299.8,317.3,348.1,90.02,47.35
143,6,player,1,230.4,5.0,266.9,53.4,74.14,-1.02
143,7,player,1,85.3,6.4,120.8,54.0,30.09,-0.85
143,8,player,1,19.8,5.1,52.1,54.0,9.73,-0.83
143,9,player,2,157.0,8.6,188.8,53.6,51.24,-0.96
143,10,player,1,295.4,6.2,329.5,54.5,93.38,-0.87
143,18,player,1,206.7,289.0,233.6,332.0,65.68,44.78
143,44,player,1,98.9,277.8,129.3,337.5,33.19,45.81
143,74,player,1,227.1,291.5,259.4,343.4,72.75,46.64
143,49,player,1,275.9,259.2,296.2,304.2,85.77,40.08
143,103,player,1,155.3,277.9,175.2,331.3,48.87,44.72
143,61,player,1,313.3,290.5,336.1,342.2,97.62,46.34
143,100,player,1,325.7,303.9,347.5,356.2,101.26,48.66
143,90,player,1,281.8,300.6,316.4,348.9,89.81,47.49
144,6,player,1,230.3,5.1,266.8,53.4,74.11,-1.02
144,7,player,1,85.3,6.4,120.8,54.0,30.09,-0.85
144,8,player,1,19.8,5.1,52.2,54.0,9.74,-0.83
144,9,player,2,157.1,8.6,188.9,53.6,51.26,-0.95
144,10,player,1,295.5,6.1,329.5,54.5,93.39,-0.87
144,18,player,1,206.6,288.8,235.6,333.7,65.97,45.06
144,44,player,1,99.9,279.1,129.8,338.1,33.42,45.91
144,74,player,1,228.7,291.5,260.6,344.4,73.17,46.8
144,49,player,1,278.4,259.3,299.2,304.9,86.61,40.21
144,103,player,1,157.5,278.3,178.1,331.5,49.66,44.74
144,61,player,1,313.7,290.2,337.6,345.3,97.91,46.86
144,100,player,1,323.1,304.2,347.1,359.0,100.81,49.13
144,90,player,1,284.6,305.0,315.7,348.3,90.13,47.39
145,6,player,1,230.3,5.1,266.8,53.4,74.09,-1.03
145,7,player,1,85.4,6.4,120.8,54.0,30.09,-0.86
145,8,player,1,19.8,5.1,52.2,54.1,9.74,-0.82
145,9,player,2,157.1,8.6,188.9,53.6,51.28,-0.96
145,10,player,1,295.3,6.1,329.4,54.5,93.34,-0.87
145,18,player,1,206.3,288.6,236.8,334.5,66.11,45.19
145,44,player,1,99.6,279.8,129.5,338.9,33.35,46.05
145,74,player,1,228.9,291.9,260.1,345.0,73.13,46.91
145,49,player,1,279.8,259.8,298.4,301.0,86.7,39.56
145,103,player,1,159.8,279.1,181.2,332.4,50.49,44.89
145,61,player,1,311.2,290.3,338.5,355.3,97.68,48.53
145,100,player,1,325.3,304.8,348.8,358.4,101.41,49.03
146,6,player,1,230.2,5.1,266.8,53.4,74.08,-1.03
146,7,player,1,85.4,6.4,120.7,54.0,30.08,-0.86
146,8,player,1,19.8,5.1,52.2,54.1,9.73,-0.81
146,9,player,2,157.2,8.6,189.0,53.5,51.29,-0.97
146,10,player,1,295.2,6.1,329.3,54.6,93.32,-0.87
146,18,player,1,205.9,288.6,237.3,334.7,66.12,45.22
146,44,player,1,99.3,280.1,129.3,339.3,33.27,46.11
146,74,player,1,228.8,292.0,259.5,345.3,73.02,46.95
146,49,player,1,280.0,260.0,297.5,299.3,86.59,39.28
146,103,player,1,159.9,279.4,181.9,332.6,50.62,44.93
146,61,player,1,310.1,290.3,338.4,359.1,97.5,49.16
146,100,player,1,326.1,305.1,349.4,357.7,101.62,48.91
146,90,player,1,288.4,309.4,316.9,347.7,90.89,47.29
147,6,player,1,230.3,5.1,266.8,53.4,74.11,-1.03
147,7,player,1,85.4,6.4,120.7,54.0,30.08,-0.86
147,8,player,1,19.8,5.1,52.1,54.1,9.72,-0.81
147,9,player,2,157.1,8.5,188.9,53.5,51.27,-0.97
147,10,player,1,295.0,6.1,329.2,54.6,93.28,-0.86
147,18,player,1,205.9,288.5,238.0,334.8,66.22,45.23
147,44,player,1,98.9,280.5,128.9,339.5,33.14,46.13
147,74,player,1,228.0,293.4,258.0,346.5,72.68,47.16
147,49,player,1,278.8,260.6,297.5,302.6,86.4,39.82
147,103,player,1,162.5,279.4,185.0,332.8,51.48,44.95
147,61,player,1,311.0,290.7,335.6,351.1,97.21,47.83
147,100,player,1,326.1,306.1,346.4,350.9,101.15,47.78
147,90,player,1,286.7,307.5,318.7,350.1,90.91,47.68
148,6,player,1,230.4,5.0,266.9,53.3,74.13,-1.04
148,7,player,1,85.4,6.4,120.7,54.0,30.08,-0.86
148,8,player,1,19.8,5.1,52.2,54.2,9.73,-0.81
148,9,player,2,157.1,8.6,188.9,53.5,51.27,-0.98
148,10,player,1,295.1,6.1,329.3,54.5,93.3,-0.88
148,18,player,1,205.3,287.9,237.8,334.6,66.11,45.2
148,44,player,1,97.7,280.5,128.0,339.9,32.81,46.21
148,74,player,1,226.4,294.9,255.5,346.9,72.05,47.22
148,49,player,1,277.2,260.9,297.6,305.0,86.17,40.22
148,103,player,1,164.7,278.4,187.7,332.7,52.23,44.93
148,61,player,1,308.9,291.7,332.4,350.3,96.4,47.7
148,100,player,1,319.7,306.4,344.0,359.4,99.82,49.2
148,90,player,1,286.6,308.3,321.1,353.3,91.26,48.22
149,6,player,1,230.4,5.1,266.9,53.3,74.13,-1.03
149,7,player,1,85.4,6.4,120.7,54.0,30.08,-0.86
149,8,player,1,19.8,5.1,52.1,54.1,9.71,-0.82
149,9,player,2,157.1,8.6,188.8,53.4,51.26,-0.99
149,10,player,1,295.1,6.1,329.4,54.6,93.33,-0.87
149,18,player,1,206.7,297.3,233.4,334.9,65.65,45.25
149,44,player,1,97.0,280.7,127.5,340.3,32.63,46.28
149,74,player,1,222.5,295.3,251.7,348.0,70.86,47.41
149,49,player,1,274.8,261.2,296.4,306.3,85.62,40.44
149,103,player,1,165.2,278.1,188.4,331.9,52.42,44.81
149,61,player,1,306.0,293.4,328.8,350.9,95.4,47.8
149,100,player,1,317.1,306.4,342.4,361.5,99.19,49.55
149,90,player,1,284.2,311.1,319.1,355.6,90.6,48.6
150,6,player,1,230.4,5.1,266.8,53.3,74.12,-1.03
150,7,player,1,85.4,6.4,120.7,54.0,30.08,-0.86
150,8,player,1,19.8,5.1,52.0,54.0,9.7,-0.82
150,9,player,2,157.1,8.6,188.8,53.4,51.25,-0.98
150,10,player,1,295.3,6.1,329.6,54.6,93.38,-0.87
150,18,player,1,205.8,292.4,235.4,335.1,65.82,45.29
150,44,player,1,96.9,280.9,127.4,340.4,32.61,46.29
150,74,player,1,218.1,295.5,247.9,349.2,69.63,47.62
150,49,player,1,272.5,261.5,295.2,308.0,85.09,40.71
150,103,player,1,165.5,278.6,188.6,330.5,52.49,44.57
150,61,player,1,302.3,294.6,324.5,351.7,94.19,47.94
150,100,player,1,315.4,306.0,341.3,363.3,98.77,49.86
150,90,player,1,282.8,314.9,317.0,357.0,90.08,48.83
150,112,player,1,2.6,263.8,33.9,296.3,3.85,39.05
150,113,player,1,214.3,201.0,228.2,245.1,65.96,30.37
151,6,player,1,230.3,5.1,266.8,53.3,74.1,-1.04
151,7,player,1,85.4,6.4,120.7,54.0,30.08,-0.87
151,8,player,1,19.7,5.1,52.0,54.0,9.7,-0.82
151,9,player,2,157.1,8.6,188.8,53.4,51.25,-0.99
151,10,player,1,295.4,6.1,329.7,54.5,93.41,-0.87
151,18,player,1,206.2,292.2,235.9,336.3,65.94,45.49
151,44,player,1,96.2,281.0,126.5,340.2,32.35,46.26
151,74,player,1,215.3,295.8,245.3,349.8,68.79,47.72
151,49,player,1,269.0,261.7,291.5,308.5,84.0,40.8
151,103,player,1,165.5,279.0,189.3,330.6,52.6,44.59
151,61,player,1,299.0,294.9,320.5,350.9,93.07,47.82
151,100,player,1,314.6,305.1,337.4,354.9,98.03,48.45
151,90,player,1,280.4,319.0,313.3,358.0,89.13,49.0
151,112,player,1,4.4,263.5,36.2,296.6,4.47,39.11
152,6,player,1,230.3,5.1,266.8,53.3,74.09,-1.04
152,7,player,1,85.4,6.4,120.7,54.0,30.08,-0.87
152,8,player,1,19.7,5.1,52.0,54.0,9.7,-0.83
152,9,player,2,157.1,8.6,188.8,53.4,51.25,-0.99
152,10,player,1,295.4,6.1,329.7,54.5,93.41,-0.87
152,18,player,1,206.1,291.4,235.6,336.6,65.9,45.54
152,44,player,1,95.7,281.0,125.8,340.2,32.16,46.26
152,74,player,1,214.0,295.9,244.0,349.9,68.4,47.74
152,49,player,1,267.5,261.9,289.9,308.6,83.52,40.82
152,103,player,1,165.2,279.3,189.6,330.4,52.59,44.55
152,61,player,1,297.6,295.0,318.7,350.1,92.57,47.69
152,100,player,1,314.2,304.8,335.6,351.1,97.69,47.83
152,90,player,1,279.2,320.6,312.0,358.2,88.76,49.05
152,112,player,1,4.9,263.4,36.7,296.7,4.62,39.12
152,113,player,1,215.1,203.1,228.4,245.3,66.13,30.4
153,6,player,1,230.2,5.1,266.8,53.3,74.09,-1.04
153,7,player,1,85.4,6.4,120.7,54.0,30.08,-0.86
153,8,player,1,19.7,5.1,52.0,54.0,9.7,-0.82
153,9,player,2,157.1,8.6,188.8,53.4,51.25,-0.98
153,10,player,1,295.5,6.1,329.7,54.5,93.42,-0.87
153,18,player,1,205.4,291.8,234.2,337.3,65.57,45.65
153,44,player,1,95.2,280.5,125.1,339.8,31.99,46.2
153,74,player,1,211.6,296.4,242.2,351.3,67.75,47.98
153,49,player,1,264.2,262.7,284.3,305.2,82.17,40.26
153,103,player,1,165.5,279.6,190.0,329.7,52.71,44.44
153,61,player,1,295.4,294.7,314.1,343.0,91.53,46.5
153,100,player,1,310.6,305.2,334.3,356.6,96.95,48.74
153,90,player,1,278.5,324.2,308.5,357.0,88.12,48.84
153,112,player,1,7.7,264.2,38.7,296.8,5.37,39.13
153,113,player,1,216.3,204.7,229.2,245.5,66.43,30.44
154,6,player,1,230.3,5.0,266.8,53.3,74.1,-1.04
154,7,player,1,85.4,6.4,120.7,54.0,30.08,-0.86
154,8,player,1,19.8,5.1,52.0,54.0,9.7,-0.83
154,9,player,2,157.0,8.5,188.9,53.6,51.25,-0.96
154,10,player,1,295.5,6.1,329.5,54.4,93.39,-0.89
154,44,player,1,94.9,280.1,124.6,339.9,31.85,46.21
154,74,player,1,208.4,294.7,240.8,353.4,67.05,48.33
154,49,player,1,259.6,264.7,278.7,305.9,80.62,40.39
154,103,player,1,164.8,279.7,189.7,329.7,52.56,44.43
154,61,player,1,291.5,295.1,308.8,338.9,90.11,45.83
154,100,player,1,303.7,305.8,330.5,362.6,95.33,49.75
154,112,player,1,10.4,264.2,40.8,296.6,6.09,39.1
154,113,player,1,217.4,206.2,230.1,246.0,66.72,30.52
155,6,player,1,230.3,5.1,266.8,53.3,74.09,-1.03
155,7,player,1,85.4,6.4,120.7,54.0,30.08,-0.86
155,8,player,1,19.8,5.1,52.1,54.0,9.72,-0.83
155,9,player,2,157.0,8.6,188.9,53.6,51.25,-0.96
155,10,player,1,295.5,6.1,329.6,54.4,93.4,-0.88
155,44,player,1,93.9,279.1,123.7,340.1,31.57,46.25
155,74,player,1,205.2,293.9,237.6,354.1,66.07,48.44
155,49,player,1,255.1,266.5,274.0,307.8,79.21,40.7
155,103,player,1,164.1,280.0,188.9,329.0,52.32,44.32
155,61,player,1,286.9,295.9,303.5,337.0,88.61,45.52
155,100,player,1,299.2,306.9,327.5,366.4,94.19,50.38
155,112,player,1,13.4,264.1,43.7,296.8,7.01,39.13
155,113,player,1,218.2,207.6,230.6,246.1,66.93,30.54
156,6,player,1,230.3,5.0,266.8,53.3,74.1,-1.04
156,7,player,1,85.4,6.4,120.7,54.0,30.08,-0.86
156,8,player,1,19.8,5.1,52.1,54.0,9.73,-0.83
156,9,player,2,157.0,8.6,188.8,53.6,51.24,-0.96
156,10,player,1,295.5,6.2,329.5,54.4,93.39,-0.89
156,44,player,1,92.6,278.1,122.3,340.1,31.16,46.25
156,74,player,1,203.1,295.6,234.0,354.6,65.21,48.53
156,49,player,1,249.5,269.7,267.6,308.7,77.38,40.86
156,103,player,1,163.3,280.0,188.1,328.2,52.08,44.2
156,61,player,1,282.0,296.4,299.0,337.8,87.17,45.66
156,100,player,1,296.7,307.9,325.1,368.2,93.44,50.7
156,112,player,1,15.8,262.3,46.5,295.9,7.81,38.98
156,113,player,1,218.5,207.0,231.0,246.1,67.02,30.54
157,6,player,1,230.3,5.0,266.8,53.3,74.1,-1.04
157,7,player,1,85.4,6.4,120.7,54.0,30.08,-0.86
157,8,player,1,19.8,5.1,52.2,54.1,9.75,-0.82
157,9,player,2,157.0,8.6,188.8,53.5,51.24,-0.97
157,10,player,1,295.7,6.1,329.6,54.2,93.44,-0.92
157,44,player,1,88.2,277.2,117.8,340.7,29.79,46.35
157,74,player,1,200.2,294.3,231.2,355.3,64.33,48.66
157,49,player,1,243.9,270.6,262.4,309.7,75.74,41.03
157,103,player,1,162.1,280.1,187.5,328.3,51.81,44.2
157,61,player,1,274.6,297.9,295.0,347.6,85.44,47.29
157,100,player,1,291.8,308.5,320.8,369.9,92.05,50.98
157,112,player,1,14.9,259.7,48.5,296.8,7.97,39.13
157,113,player,1,218.5,206.3,231.3,246.1,67.08,30.54
158,6,player,1,230.3,5.0,266.8,53.3,74.1,-1.04
158,7,player,1,85.4,6.4,120.6,54.0,30.07,-0.86
158,8,player,1,19.8,5.1,52.1,54.0,9.72,-0.82
158,9,player,2,157.0,8.6,188.8,53.5,51.24,-0.97
158,10,player,1,295.7,6.1,329.7,54.1,93.45,-0.94
158,44,player,1,85.9,276.7,114.6,339.7,28.94,46.19
158,74,player,1,197.2,293.1,228.4,356.1,63.44,48.8
158,49,player,1,240.4,271.2,258.3,308.7,74.58,40.87
158,103,player,1,160.9,280.1,187.1,328.7,51.55,44.27
158,61,player,1,269.3,299.8,290.5,351.8,83.96,47.99
158,100,player,1,287.3,309.4,316.6,371.2,90.71,51.2
158,112,player,1,14.5,258.9,49.0,297.6,7.99,39.25
158,113,player,1,218.7,205.9,231.8,246.4,67.18,30.58
159,6,player,1,230.3,5.0,266.8,53.3,74.1,-1.04
159,7,player,1,85.4,6.4,120.7,54.0,30.08,-0.86
159,8,player,1,19.7,5.1,52.1,54.0,9.71,-0.83
159,9,player,2,157.0,8.6,188.8,53.5,51.24,-0.98
159,10,player,1,295.7,6.1,329.7,54.1,93.46,-0.93
159,44,player,1,83.7,276.6,112.5,340.5,28.28,46.33
159,74,player,1,196.2,292.7,227.1,356.4,63.09,48.84
159,49,player,1,239.1,271.7,256.9,308.8,74.17,40.89
159,103,player,1,160.1,280.4,186.8,328.8,51.39,44.3
159,61,player,1,267.1,300.6,288.9,353.7,83.38,48.32
159,100,player,1,285.3,309.9,314.8,371.7,90.15,51.28
159,112,player,1,13.9,258.2,48.8,297.9,7.87,39.3
159,113,player,1,218.5,206.0,231.6,246.4,67.12,30.59
159,118,player,1,256.6,339.2,285.6,363.8,81.28,50.01
160,6,player,1,230.3,5.0,266.8,53.3,74.1,-1.04
160,7,player,1,85.4,6.4,120.7,54.0,30.07,-0.86
160,8,player,1,19.7,5.1,52.1,54.1,9.7,-0.82
160,9,player,2,157.0,8.6,188.8,53.5,51.24,-0.97
160,10,player,1,295.7,6.1,329.7,54.1,93.46,-0.95
160,44,player,1,81.0,276.8,110.2,341.6,27.52,46.52
160,74,player,1,194.2,292.2,225.1,356.7,62.47,48.9
160,49,player,1,235.7,271.7,253.8,310.0,73.18,41.08
160,103,player,1,159.2,280.5,186.7,329.4,51.24,44.4
160,61,player,1,264.3,303.1,285.3,354.7,82.4,48.49
160,100,player,1,283.0,310.8,312.7,373.1,89.48,51.52
160,112,player,1,13.2,257.6,48.6,298.3,7.71,39.38
160,113,player,1,218.3,205.9,231.5,246.8,67.09,30.65
160,118,player,1,254.9,340.3,283.2,364.4,80.65,50.1
161,6,player,1,230.3,5.0,266.8,53.3,74.1,-1.04
161,7,player,1,85.4,6.4,120.6,54.0,30.07,-0.86
161,8,player,1,19.7,5.1,52.0,54.0,9.7,-0.82
161,9,player,2,157.0,8.6,188.8,53.5,51.24,-0.97
161,10,player,1,295.6,6.1,329.7,54.2,93.45,-0.92
161,44,player,1,78.9,277.6,107.8,340.6,26.84,46.35
161,74,player,1,191.9,291.8,223.8,358.4,61.92,49.18
161,103,player,1,158.5,280.4,186.6,329.7,51.12,44.44
161,61,player,1,261.4,305.1,280.7,352.2,81.24,48.07
161,100,player,1,282.0,311.3,311.5,373.8,89.13,51.64
161,112,player,1,13.3,258.0,48.3,298.9,7.7,39.47
161,113,player,1,218.5,204.8,232.2,247.1,67.21,30.7
161,118,player,1,252.3,342.8,280.1,366.3,79.79,50.42
162,6,player,1,230.3,5.0,266.8,53.3,74.1,-1.05
162,7,player,1,85.4,6.4,120.6,54.0,30.07,-0.86
162,8,player,1,19.7,5.1,52.1,54.1,9.7,-0.82
162,9,player,2,157.0,8.6,188.7,53.5,51.23,-0.98
162,10,player,1,295.6,6.1,329.7,54.3,93.45,-0.91
162,44,player,1,77.6,279.0,106.6,340.6,26.45,46.35
162,74,player,1,190.7,291.3,223.2,359.8,61.66,49.41
162,103,player,1,158.5,280.0,187.2,329.7,51.2,44.44
162,61,player,1,258.0,305.5,278.3,355.8,80.37,48.67
162,100,player,1,282.5,311.0,311.8,374.0,89.26,51.68
162,112,player,1,14.3,259.0,48.3,299.2,7.83,39.53
162,113,player,1,219.2,204.9,233.2,247.7,67.48,30.8
163,6,player,1,230.3,5.0,266.8,53.3,74.1,-1.04
163,7,player,1,85.4,6.4,120.6,54.0,30.07,-0.86
163,8,player,1,19.8,5.1,52.1,54.0,9.71,-0.82
163,9,player,2,157.0,8.6,188.7,53.4,51.23,-0.99
163,10,player,1,295.5,6.1,329.5,54.3,93.39,-0.91
163,44,player,1,75.5,279.8,105.1,341.0,25.9,46.41
163,74,player,1,190.9,290.5,224.2,360.5,61.83,49.54
163,103,player,1,159.6,279.9,188.8,330.3,51.62,44.54
163,61,player,1,254.6,305.3,275.4,357.2,79.42,48.91
163,100,player,1,282.6,310.0,312.2,374.6,89.34,51.77
163,112,player,1,14.5,259.9,47.4,299.4,7.74,39.56
163,113,player,1,220.3,205.1,234.5,248.2,67.85,30.88
163,49,player,1,227.1,278.1,245.1,314.9,70.54,41.91
163,118,player,1,251.2,346.0,280.2,370.2,79.65,51.07
164,6,player,1,230.3,5.0,266.8,53.3,74.1,-1.04
164,7,player,1,85.4,6.4,120.6,54.0,30.07,-0.86
164,8,player,1,19.8,5.1,52.1,54.0,9.73,-0.82
164,9,player,2,157.0,8.6,188.7,53.5,51.23,-0.97
164,10,player,1,295.5,6.1,329.6,54.3,93.41,-0.91
164,44,player,1,74.2,280.0,104.1,340.8,25.53,46.39
164,74,player,1,191.7,289.6,225.5,360.7,62.15,49.57
164,103,player,1,162.7,279.2,192.8,330.5,52.71,44.57
164,61,player,1,248.0,305.1,270.4,359.4,77.64,49.29
164,100,player,1,283.3,308.8,313.0,374.8,89.56,51.81
164,112,player,1,15.6,261.0,47.2,299.2,7.88,39.52
164,113,player,1,222.1,205.1,236.4,248.4,68.41,30.91
164,118,player,1,249.7,346.5,278.6,370.4,79.16,51.11
165,6,player,1,230.3,5.0,266.8,53.3,74.1,-1.04
165,7,player,1,85.4,6.4,120.6,54.0,30.07,-0.86
165,8,player,1,19.9,5.1,52.2,54.0,9.74,-0.82
165,9,player,2,157.0,8.6,188.8,53.6,51.25,-0.96
165,10,player,1,295.4,6.1,329.5,54.3,93.38,-0.91
165,44,player,1,74.1,280.0,104.6,341.0,25.61,46.41
165,74,player,1,192.9,289.3,226.8,360.8,62.53,49.58
165,103,player,1,164.2,278.6,194.9,330.4,53.25,44.54
165,61,player,1,246.2,304.9,269.6,359.8,77.23,49.36
165,100,player,1,284.5,308.4,314.1,374.7,89.92,51.79
165,112,player,1,16.2,260.7,48.2,299.8,8.12,39.62
165,113,player,1,223.7,205.5,238.0,248.4,68.9,30.9
165,118,player,1,251.2,347.1,280.5,370.8,79.67,51.18
165,49,player,1,225.9,279.1,244.1,315.2,70.2,41.97
166,6,player,1,230.2,5.1,266.7,53.3,74.07,-1.04
166,7,player,1,85.4,6.4,120.6,54.0,30.07,-0.87
166,8,player,1,19.8,5.1,52.1,54.0,9.71,-0.83
166,9,player,2,157.0,8.6,188.8,53.6,51.24,-0.96
166,10,player,1,295.5,6.1,329.6,54.4,93.4,-0.89
166,44,player,1,74.2,279.7,105.6,341.8,25.77,46.54
166,74,player,1,190.6,297.9,220.7,362.1,61.25,49.8
166,103,player,1,165.7,278.6,196.2,329.9,53.69,44.46
166,61,player,1,246.2,305.4,269.5,359.6,77.23,49.33
166,100,player,1,286.5,307.5,316.5,375.2,90.59,51.86
166,112,player,1,17.6,260.9,49.6,300.4,8.54,39.71
166,113,player,1,226.4,205.3,241.0,248.4,69.75,30.92
167,6,player,1,230.1,5.0,266.7,53.3,74.06,-1.04
167,7,player,1,85.4,6.4,120.6,54.0,30.07,-0.87
167,8,player,1,19.8,5.1,52.1,54.0,9.71,-0.83
167,9,player,2,157.1,8.6,188.8,53.5,51.26,-0.97
167,10,player,1,295.5,6.1,329.7,54.4,93.42,-0.89
167,44,player,1,74.8,279.4,106.3,341.3,25.97,46.46
167,74,player,1,188.8,301.6,217.8,363.7,60.54,50.06
167,103,player,1,167.0,275.0,199.1,329.9,54.32,44.47
167,61,player,1,246.6,304.8,270.1,360.1,77.37,49.4
167,100,player,1,288.2,307.1,318.4,375.4,91.13,51.89
167,112,player,1,19.5,261.5,51.2,300.8,9.09,39.79
167,113,player,1,229.5,204.9,244.4,248.3,70.75,30.89
167,18,player,1,208.0,284.6,238.7,337.4,66.65,45.66
167,118,player,1,259.5,352.6,284.3,371.6,81.53,51.31
168,6,player,1,230.3,5.0,266.8,53.3,74.11,-1.04
168,7,player,1,85.4,6.4,120.6,54.0,30.07,-0.87
168,8,player,1,19.8,5.1,52.1,54.0,9.72,-0.82
168,9,player,2,157.1,8.6,188.8,53.6,51.25,-0.96
168,10,player,1,295.5,6.1,329.6,54.5,93.41,-0.88
168,44,player,1,75.9,278.8,107.1,340.2,26.26,46.28
168,74,player,1,187.9,303.4,216.6,364.6,60.2,50.22
168,103,player,1,171.0,273.2,204.1,329.4,55.71,44.37
168,61,player,1,246.1,304.1,269.7,360.3,77.24,49.43
168,100,player,1,290.3,307.1,320.4,375.7,91.75,51.94
168,112,player,1,20.8,261.1,53.3,301.5,9.6,39.89
168,113,player,1,232.0,204.6,247.2,248.2,71.56,30.87
168,18,player,1,210.5,283.3,240.1,337.5,67.26,45.68
169,6,player,1,230.4,5.0,266.9,53.3,74.12,-1.04
169,7,player,1,85.4,6.4,120.6,53.9,30.07,-0.87
169,8,player,1,19.8,5.1,52.1,54.0,9.71,-0.83
169,9,player,2,157.1,8.6,188.7,53.5,51.24,-0.98
169,10,player,1,295.5,6.1,329.6,54.4,93.4,-0.89
169,44,player,1,77.5,278.0,108.4,339.5,26.71,46.16
169,74,player,1,188.3,304.0,217.0,364.8,60.33,50.25
169,103,player,1,169.8,272.7,203.8,328.6,55.48,44.24
169,61,player,1,245.7,302.6,270.3,362.5,77.27,49.8
169,100,player,1,292.9,307.2,323.1,376.4,92.57,52.06
169,112,player,1,23.2,262.2,54.7,301.2,10.18,39.85
169,113,player,1,235.1,204.1,250.7,248.0,72.55,30.83
169,18,player,1,214.1,281.4,243.7,337.8,68.35,45.73
170,6,player,1,230.4,5.0,266.8,53.3,74.12,-1.05
170,7,player,1,85.4,6.4,120.6,53.9,30.08,-0.87
170,8,player,1,19.7,5.1,52.0,54.0,9.7,-0.83
170,9,player,2,157.0,8.7,188.7,53.5,51.24,-0.97
170,10,player,1,295.5,6.1,329.6,54.4,93.41,-0.89
170,44,player,1,79.1,276.7,110.2,339.7,27.23,46.2
170,74,player,1,189.6,304.7,218.2,364.9,60.71,50.27
170,103,player,1,172.1,275.9,203.7,326.8,55.82,43.94
170,61,player,1,244.6,301.1,269.4,361.5,76.97,49.64
170,100,player,1,293.7,307.7,324.0,377.0,92.83,52.16
170,112,player,1,24.1,260.7,56.7,301.2,10.63,39.85
170,113,player,1,238.1,203.9,253.8,247.6,73.48,30.77
170,18,player,1,216.9,281.1,246.3,338.5,69.18,45.84
170,118,player,1,266.5,354.4,292.0,373.1,83.79,51.55
171,6,player,1,230.3,5.0,266.8,53.3,74.1,-1.05
171,7,player,1,85.4,6.4,120.6,53.9,30.07,-0.87
171,8,player,1,19.7,5.1,52.0,54.0,9.69,-0.83
171,9,player,2,157.0,8.7,188.7,53.5,51.23,-0.97
171,10,player,1,295.6,6.1,329.6,54.3,93.41,-0.9
171,44,player,1,81.0,276.2,111.5,339.5,27.72,46.16
171,74,player,1,191.0,305.1,219.6,365.0,61.14,50.28
171,103,player,1,173.5,277.2,204.4,325.9,56.13,43.79
171,61,player,1,245.5,300.3,270.1,360.9,77.21,49.54
171,100,player,1,294.5,307.9,325.0,377.2,93.12,52.19
171,112,player,1,25.6,260.0,58.6,301.3,11.15,39.85
171,113,player,1,239.9,203.3,256.0,247.5,74.09,30.75
171,18,player,1,218.3,281.1,247.6,338.9,69.6,45.91
172,6,player,1,230.2,5.0,266.7,53.3,74.08,-1.04
172,7,player,1,85.4,6.4,120.6,54.0,30.06,-0.86
172,8,player,1,19.7,5.1,52.0,54.0,9.69,-0.82
172,9,player,2,157.0,8.6,188.7,53.5,51.24,-0.97
172,10,player,1,295.6,6.1,329.5,54.3,93.41,-0.91
172,44,player,1,82.7,274.8,113.4,339.9,28.28,46.22
172,74,player,1,192.9,305.5,220.9,364.2,61.63,50.14
172,103,player,1,171.5,274.2,204.9,326.6,55.9,43.91
172,61,player,1,245.3,299.2,268.7,355.7,76.95,48.67
172,100,player,1,296.5,308.0,327.0,377.4,93.72,52.22
172,112,player,1,27.3,259.7,60.5,301.2,11.71,39.84
172,113,player,1,242.5,203.0,259.0,247.3,74.95,30.71
172,18,player,1,221.1,281.0,249.4,337.4,70.3,45.65
172,118,player,1,266.0,350.6,297.9,373.7,84.61,51.65
173,6,player,1,230.2,5.0,266.7,53.3,74.07,-1.03
173,7,player,1,85.3,6.4,120.6,54.0,30.06,-0.86
173,8,player,1,19.7,5.1,52.1,54.1,9.7,-0.82
173,9,player,2,157.0,8.6,188.7,53.5,51.23,-0.98
173,10,player,1,295.7,6.1,329.6,54.3,93.43,-0.9
173,44,player,1,84.9,273.1,115.7,340.6,28.97,46.34
173,74,player,1,195.1,305.9,222.6,364.0,62.24,50.11
173,103,player,1,177.7,276.7,209.3,327.5,57.52,44.05
173,61,player,1,245.8,298.4,269.5,354.2,77.16,48.42
173,100,player,1,299.2,308.5,329.5,377.3,94.51,52.21
173,112,player,1,29.7,259.7,62.9,301.8,12.45,39.94
173,113,player,1,245.9,202.6,262.6,247.0,76.03,30.66
173,18,player,1,222.8,279.0,251.7,336.7,70.92,45.53
173,118,player,1,269.0,352.6,299.2,373.6,85.28,51.62
174,6,player,1,230.2,5.0,266.8,53.4,74.08,-1.03
174,7,player,1,85.3,6.4,120.6,54.0,30.06,-0.85
174,8,player,1,19.7,5.1,52.1,54.0,9.7,-0.82
174,9,player,2,157.0,8.6,188.8,53.5,51.23,-0.97
174,10,player,1,295.6,6.1,329.6,54.3,93.42,-0.91
174,44,player,1,88.5,272.1,118.2,338.6,29.9,46.0
174,74,player,1,197.6,305.6,224.9,364.3,62.97,50.15
174,103,player,1,182.8,277.8,212.9,327.7,58.86,44.08
174,61,player,1,247.1,298.1,271.7,354.5,77.69,48.47
174,100,player,1,302.1,308.1,332.5,377.5,95.42,52.22
174,112,player,1,32.5,259.8,65.5,301.3,13.27,39.86
174,113,player,1,250.0,201.6,267.1,246.6,77.31,30.58
174,118,player,1,271.4,353.3,302.0,373.8,86.07,51.65
175,6,player,1,230.2,5.0,266.7,53.4,74.08,-1.03
175,7,player,1,85.2,6.4,120.5,54.0,30.03,-0.86
175,8,player,1,19.7,5.1,52.1,54.0,9.7,-0.83
175,9,player,2,157.0,8.6,188.7,53.5,51.23,-0.97
175,10,player,1,295.6,6.1,329.6,54.4,93.42,-0.89
175,44,player,1,92.3,270.9,121.7,338.2,31.03,45.93
175,74,player,1,201.1,305.2,228.8,365.7,64.11,50.38
175,103,player,1,184.5,275.4,215.5,328.0,59.52,44.13
175,61,player,1,249.3,298.0,274.8,356.0,78.51,48.71
175,100,player,1,306.3,307.6,336.7,377.4,96.7,52.21
175,112,player,1,35.5,259.5,68.6,301.0,14.22,39.81
175,113,player,1,255.7,205.1,271.6,245.8,78.87,30.45
175,118,player,1,273.4,353.0,306.5,374.7,87.05,51.8
175,18,player,1,233.4,280.2,261.1,337.1,73.97,45.59
176,6,player,1,230.2,5.1,266.7,53.4,74.07,-1.03
176,7,player,1,85.3,6.4,120.6,54.0,30.05,-0.86
176,8,player,1,19.7,5.1,52.1,54.0,9.7,-0.82
176,9,player,2,157.0,8.6,188.7,53.5,51.23,-0.97
176,10,player,1,295.5,6.1,329.6,54.5,93.41,-0.88
176,44,player,1,97.0,270.8,126.0,337.9,32.39,45.88
176,74,player,1,204.4,302.7,232.9,366.1,65.24,50.45
176,103,player,1,187.7,273.1,219.6,328.0,60.63,44.13
176,61,player,1,252.1,298.2,277.2,356.2,79.29,48.74
176,100,player,1,310.9,307.3,341.4,377.5,98.11,52.21
176,112,player,1,39.4,259.8,72.2,300.8,15.36,39.77
176,113,player,1,261.0,206.0,276.9,245.7,80.5,30.43
176,18,player,1,240.1,280.8,266.7,336.6,75.85,45.5
177,6,player,1,230.2,5.1,266.7,53.4,74.07,-1.03
177,7,player,1,85.3,6.4,120.6,54.0,30.06,-0.86
177,8,player,1,19.7,5.1,52.1,54.0,9.71,-0.82
177,9,player,2,157.0,8.6,188.7,53.5,51.23,-0.97
177,10,player,1,295.5,6.1,329.6,54.5,93.41,-0.88
177,44,player,1,100.0,270.9,128.7,338.1,33.28,45.91
177,74,player,1,206.0,301.1,234.9,366.3,65.79,50.48
177,103,player,1,189.0,272.2,220.7,327.7,61.0,44.08
177,61,player,1,253.7,298.1,278.7,356.3,79.78,48.76
177,100,player,1,313.6,307.0,344.0,377.4,98.92,52.2
177,112,player,1,41.4,259.8,74.4,300.8,16.0,39.76
177,113,player,1,263.3,203.8,280.2,245.5,81.34,30.4
177,18,player,1,241.0,281.2,272.0,349.1,76.79,47.58
178,6,player,1,230.2,5.1,266.8,53.4,74.08,-1.03
178,7,player,1,85.3,6.4,120.6,54.0,30.06,-0.86
178,8,player,1,19.7,5.1,52.1,54.1,9.7,-0.82
178,9,player,2,157.0,8.6,188.7,53.4,51.22,-0.98
178,10,player,1,295.4,6.1,329.5,54.4,93.38,-0.89
178,44,player,1,104.9,271.8,132.5,336.1,34.62,45.57
178,74,player,1,210.5,301.3,238.9,366.5,67.1,50.5
178,103,player,1,194.2,270.9,224.9,326.7,62.43,43.91
178,61,player,1,253.8,296.1,279.9,356.4,79.98,48.78
178,100,player,1,318.3,306.9,348.7,377.8,100.36,52.27
178,112,player,1,45.2,259.7,78.6,301.1,17.23,39.81
178,113,player,1,267.4,201.7,285.2,245.2,82.72,30.34
178,118,player,1,283.4,353.0,317.9,375.5,90.32,51.92
179,6,player,1,230.3,5.0,266.9,53.4,74.11,-1.03
179,7,player,1,85.3,6.4,120.6,54.0,30.06,-0.87
179,8,player,1,19.7,5.1,52.1,54.1,9.7,-0.82
179,9,player,2,157.0,8.6,188.7,53.5,51.22,-0.97
179,10,player,1,295.5,6.1,329.5,54.4,93.39,-0.89
179,44,player,1,110.9,273.9,137.5,335.2,36.3,45.42
179,74,player,1,215.3,299.9,243.7,366.5,68.56,50.51
179,103,player,1,199.7,270.6,228.9,326.1,63.89,43.8
179,61,player,1,257.9,295.3,284.4,356.6,81.29,48.8
179,100,player,1,323.7,307.0,354.0,378.5,102.0,52.37
179,112,player,1,51.8,261.1,84.4,302.0,19.13,39.96
179,113,player,1,273.1,200.5,291.6,244.9,84.56,30.29
180,6,player,1,230.3,5.0,266.8,53.4,74.11,-1.02
180,7,player,1,85.4,6.3,120.7,53.9,30.08,-0.88
180,8,player,1,20.5,5.0,53.0,53.9,9.97,-0.85
180,9,player,2,157.0,8.6,188.8,53.7,51.23,-0.94
180,10,player,1,295.2,6.1,329.2,54.3,93.31,-0.91
180,44,player,1,116.2,272.0,143.4,334.3,38.02,45.26
180,74,player,1,220.9,301.5,248.3,366.8,70.12,50.54
180,103,player,1,203.7,272.1,231.6,325.3,64.91,43.66
180,61,player,1,263.8,293.1,291.0,356.2,83.18,48.73
180,100,player,1,330.5,307.5,360.0,378.9,103.96,52.43
180,112,player,1,59.4,263.4,90.0,301.7,21.16,39.89
180,113,player,1,280.8,200.0,299.8,244.7,86.97,30.25
181,6,player,1,230.2,5.0,266.7,53.4,74.08,-1.02
181,7,player,1,85.3,6.3,120.7,53.9,30.08,-0.88
181,8,player,1,20.2,5.0,52.8,53.8,9.89,-0.87
181,9,player,2,156.9,8.6,188.7,53.8,51.21,-0.93
181,10,player,1,295.3,6.1,329.2,54.3,93.33,-0.91
181,44,player,1,122.0,272.9,148.8,334.0,39.73,45.2
181,74,player,1,229.7,299.2,258.7,367.2,73.06,50.61
181,103,player,1,209.0,272.8,236.2,325.1,66.42,43.63
181,61,player,1,267.4,283.0,298.3,356.0,84.85,48.7
181,100,player,1,336.1,308.3,360.0,380.2,104.81,52.64
181,112,player,1,65.3,263.9,96.3,302.5,23.02,40.02
181,113,player,1,288.6,199.9,308.0,244.4,89.39,30.19
182,6,player,1,230.1,5.0,266.6,53.4,74.05,-1.02
182,7,player,1,85.3,6.3,120.6,53.9,30.06,-0.88
182,8,player,1,20.2,5.0,52.9,53.9,9.9,-0.84
182,9,player,2,156.9,8.6,188.7,53.8,51.2,-0.93
182,10,player,1,295.4,6.1,329.4,54.3,93.36,-0.9
182,44,player,1,126.8,271.5,154.4,334.4,41.32,45.26
182,74,player,1,237.0,298.7,266.6,367.5,75.37,50.65
182,103,player,1,213.1,269.7,242.4,326.0,68.01,43.76
182,61,player,1,275.1,282.0,305.6,354.0,87.15,48.35
182,112,player,1,71.3,264.3,102.9,303.2,24.96,40.14
182,113,player,1,297.7,203.6,316.1,244.3,92.02,30.16
183,6,player,1,230.1,5.0,266.6,53.4,74.04,-1.02
183,7,player,1,85.3,6.3,120.7,53.8,30.06,-0.89
183,8,player,1,20.5,5.0,53.4,54.0,10.02,-0.84
183,9,player,2,156.9,8.6,188.6,53.8,51.19,-0.92
183,10,player,1,295.4,6.1,329.5,54.4,93.38,-0.9
183,44,player,1,128.8,271.2,156.7,334.7,41.98,45.31
183,74,player,1,240.0,297.6,270.2,367.7,76.38,50.67
183,103,player,1,214.6,268.5,244.8,326.3,68.59,43.81
183,61,player,1,279.1,280.7,309.9,353.3,88.42,48.23
183,112,player,1,73.9,264.4,106.1,303.8,25.85,40.22
183,113,player,1,301.3,204.1,319.9,244.1,93.14,30.13
183,135,player,1,314.9,320.0,360.0,376.9,101.57,52.11
184,6,player,1,230.2,5.0,266.7,53.4,74.07,-1.02
184,7,player,1,85.4,6.3,120.7,53.8,30.08,-0.89
184,8,player,1,20.0,5.0,52.8,53.8,9.86,-0.86
184,9,player,2,156.9,8.6,188.7,53.8,51.2,-0.92
184,10,player,1,295.2,6.1,329.3,54.3,93.31,-0.91
184,44,player,1,132.7,274.2,159.2,335.0,42.96,45.36
184,74,player,1,245.5,300.6,274.8,368.3,77.94,50.76
184,61,player,1,283.6,285.1,312.2,353.1,89.45,48.19
184,112,player,1,78.7,264.6,110.1,302.1,27.2,39.93
184,113,player,1,307.5,203.4,327.0,244.5,95.17,30.19
185,6,player,1,230.3,4.9,266.7,53.4,74.1,-1.02
185,7,player,1,85.4,6.3,120.7,53.9,30.08,-0.88
185,8,player,1,19.9,5.0,52.6,53.8,9.8,-0.86
185,9,player,2,156.9,8.6,188.6,53.9,51.2,-0.91
185,10,player,1,295.2,6.1,329.3,54.3,93.32,-0.91
185,44,player,1,137.8,275.3,163.1,333.5,44.35,45.11
185,74,player,1,244.0,285.4,280.6,369.5,78.6,50.97
185,61,player,1,290.2,288.7,317.8,353.7,91.32,48.28
185,112,player,1,82.5,264.9,114.6,302.1,28.46,39.94
185,113,player,1,314.8,203.2,335.1,245.2,97.5,30.29
185,103,player,1,228.4,276.4,255.2,327.9,72.29,44.07
186,6,player,1,230.4,5.0,266.7,53.5,74.1,-1.01
186,7,player,1,85.4,6.3,120.7,53.8,30.08,-0.89
186,8,player,1,19.7,5.0,52.4,53.8,9.76,-0.87
186,9,player,2,156.9,8.6,188.6,53.9,51.2,-0.91
186,10,player,1,295.2,6.1,329.4,54.5,93.33,-0.87
186,44,player,1,142.5,272.7,168.8,333.8,45.94,45.15
186,61,player,1,296.8,291.7,324.2,355.4,93.31,48.56
186,112,player,1,86.0,266.1,120.5,305.1,29.9,40.42
186,103,player,1,236.1,274.3,264.3,329.6,74.85,44.33
186,18,player,1,257.6,291.7,293.1,371.6,82.58,51.3
187,6,player,1,230.5,5.0,266.8,53.5,74.12,-1.01
187,7,player,1,85.4,6.3,120.8,53.9,30.09,-0.88
187,8,player,1,19.6,5.0,52.4,53.8,9.73,-0.86
187,9,player,2,156.9,8.6,188.6,53.9,51.2,-0.9
187,10,player,1,295.2,6.1,329.2,54.5,93.31,-0.87
187,44,player,1,148.3,274.1,174.7,335.2,47.74,45.37
187,61,player,1,301.8,293.1,328.7,357.0,94.75,48.83
187,112,player,1,87.5,268.3,123.8,307.8,30.64,40.87
187,103,player,1,243.8,274.4,272.2,331.5,77.25,44.64
187,18,player,1,263.4,293.0,298.9,374.0,84.37,51.69
187,113,player,1,330.8,204.9,351.0,246.2,102.34,30.45
188,6,player,1,230.5,5.0,266.7,53.4,74.12,-1.02
188,7,player,1,85.4,6.3,120.8,53.9,30.1,-0.88
188,8,player,1,19.6,5.0,52.4,53.8,9.73,-0.86
188,9,player,2,156.9,8.5,188.6,53.9,51.19,-0.91
188,10,player,1,295.2,6.1,329.2,54.5,93.31,-0.88
188,44,player,1,155.0,273.0,182.9,337.2,50.02,45.7
188,61,player,1,309.7,294.5,336.6,359.2,97.16,49.17
188,112,player,1,94.4,270.5,131.7,310.1,32.91,41.25
188,103,player,1,253.0,275.4,281.2,333.7,80.01,45.0
188,18,player,1,271.0,294.9,306.6,376.8,86.69,52.15
189,6,player,1,230.5,5.0,266.7,53.4,74.12,-1.02
189,7,player,1,85.4,6.3,120.9,53.9,30.11,-0.87
189,8,player,1,19.6,5.0,52.3,53.8,9.72,-0.87
189,9,player,2,156.9,8.5,188.6,53.9,51.19,-0.92
189,10,player,1,295.3,6.1,329.2,54.5,93.32,-0.88
189,44,player,1,157.4,272.5,185.9,338.0,50.84,45.82
189,61,player,1,312.6,295.0,339.3,359.9,98.03,49.3
189,112,player,1,96.7,271.3,134.8,311.0,33.73,41.39
189,103,player,1,256.5,275.7,284.2,334.6,81.02,45.14
189,18,player,1,273.9,295.6,309.3,377.8,87.57,52.32
189,140,player,1,329.4,283.0,352.8,345.0,102.61,46.8
190,6,player,1,230.6,5.0,266.7,53.4,74.13,-1.02
190,7,player,1,85.4,6.3,120.8,53.9,30.1,-0.88
190,8,player,1,19.5,5.0,52.3,53.8,9.7,-0.87
190,9,player,2,156.9,8.4,188.6,53.8,51.19,-0.93
190,10,player,1,295.3,6.2,329.2,54.5,93.32,-0.88
190,44,player,1,164.4,277.0,192.5,340.1,52.91,46.17
190,61,player,1,318.8,295.8,344.9,360.8,99.83,49.43
190,112,player,1,100.0,274.9,137.8,313.1,34.7,41.74
190,103,player,1,264.2,276.5,291.7,336.1,83.33,45.39
190,18,player,1,281.9,296.7,317.2,380.1,90.0,52.68
191,6,player,1,230.6,5.0,266.7,53.4,74.13,-1.02
191,7,player,1,85.4,6.3,121.0,54.0,30.13,-0.87
191,8,player,1,19.5,5.0,52.3,53.8,9.71,-0.86
191,9,player,2,156.9,8.4,188.6,53.8,51.19,-0.92
191,10,player,1,295.3,6.1,329.3,54.6,93.32,-0.86
191,44,player,1,171.5,279.2,200.5,343.2,55.23,46.68
191,61,player,1,326.2,296.0,352.2,361.8,102.08,49.58
191,112,player,1,107.7,278.6,145.3,315.8,37.0,42.18
191,103,player,1,273.4,277.9,300.7,338.1,86.12,45.7
191,18,player,1,281.6,286.8,323.1,383.6,90.87,53.26
192,6,player,1,230.6,5.0,266.7,53.4,74.13,-1.02
192,7,player,1,85.3,6.3,120.8,53.9,30.09,-0.88
192,8,player,1,19.6,5.0,52.4,53.8,9.74,-0.86
192,9,player,2,156.9,8.5,188.5,53.9,51.18,-0.92
192,10,player,1,295.3,6.2,329.1,54.5,93.3,-0.88
192,44,player,1,178.0,279.8,207.8,345.2,57.35,46.99
192,61,player,1,334.3,297.0,359.5,361.4,104.41,49.51
192,112,player,1,114.6,281.3,152.7,318.3,39.2,42.59
192,103,player,1,284.1,279.5,311.3,340.4,89.36,46.08
192,18,player,1,289.3,289.8,330.9,386.6,93.23,53.76
193,6,player,1,230.6,5.0,266.7,53.4,74.13,-1.02
193,7,player,1,85.3,6.3,120.7,53.9,30.07,-0.88
193,8,player,1,19.5,5.0,52.3,53.8,9.71,-0.87
193,9,player,2,157.0,8.5,188.6,53.8,51.2,-0.92
193,10,player,1,295.3,6.1,329.2,54.5,93.31,-0.87
193,44,player,1,183.6,280.7,213.8,347.2,59.13,47.33
193,112,player,1,120.9,282.7,159.5,320.1,41.22,42.88
193,103,player,1,295.6,280.1,322.2,341.9,92.8,46.31
193,18,player,1,297.8,289.8,340.4,390.4,95.98,54.37
194,6,player,1,230.7,5.0,266.6,53.4,74.13,-1.02
194,7,player,1,85.2,6.3,120.7,53.8,30.05,-0.88
194,8,player,1,19.5,5.0,52.3,53.8,9.7,-0.87
194,9,player,2,157.0,8.4,188.6,53.8,51.2,-0.92
194,10,player,1,295.3,6.1,329.1,54.5,93.3,-0.87
194,44,player,1,188.3,280.7,219.1,349.7,60.66,47.73
194,112,player,1,127.4,286.8,164.6,322.4,42.98,43.25
194,103,player,1,305.1,281.0,331.0,342.6,95.57,46.42
194,135,player,1,311.6,321.1,360.0,393.1,101.09,54.81
195,6,player,1,230.7,5.0,266.6,53.4,74.13,-1.03
195,7,player,1,85.2,6.3,120.6,53.8,30.05,-0.88
195,8,player,1,19.5,5.0,52.3,53.7,9.7,-0.87
195,9,player,2,157.0,8.4,188.6,53.8,51.21,-0.92
195,10,player,1,295.2,6.1,329.1,54.5,93.29,-0.87
195,44,player,1,190.1,280.8,220.9,350.6,61.2,47.88
195,112,player,1,129.4,288.2,166.4,323.1,43.57,43.38
195,103,player,1,308.6,281.3,333.9,342.8,96.56,46.46
195,135,player,1,313.0,321.1,360.0,393.6,101.32,54.9
196,6,player,1,230.7,5.0,266.6,53.4,74.12,-1.03
196,7,player,1,85.2,6.3,120.6,53.9,30.04,-0.88
196,8,player,1,19.6,5.0,52.4,53.7,9.73,-0.88
196,9,player,2,157.1,8.4,188.7,53.8,51.24,-0.92
196,10,player,1,295.2,6.1,329.1,54.6,93.3,-0.86
196,44,player,1,193.7,280.6,225.0,352.2,62.38,48.15
196,112,player,1,131.7,290.1,167.4,324.0,44.06,43.52
196,103,player,1,314.6,281.4,340.2,343.9,98.44,46.63
196,135,player,1,318.5,322.9,360.0,395.7,102.15,55.23
197,6,player,1,230.6,5.0,266.5,53.4,74.12,-1.02
197,7,player,1,85.3,6.3,120.6,53.8,30.05,-0.89
197,8,player,1,19.6,5.0,52.3,53.7,9.73,-0.88
197,9,player,2,157.1,8.5,188.6,53.8,51.22,-0.92
197,10,player,1,295.3,6.1,329.1,54.5,93.31,-0.87
197,44,player,1,196.8,280.0,227.6,350.9,63.25,47.93
197,112,player,1,127.1,292.8,163.8,327.5,42.82,44.11
197,103,player,1,322.6,281.7,348.1,344.8,100.87,46.77
198,6,player,1,230.6,5.0,266.5,53.4,74.11,-1.03
198,7,player,1,85.3,6.3,120.6,53.8,30.05,-0.9
198,8,player,1,19.6,5.0,52.3,53.7,9.72,-0.88
198,9,player,2,157.0,8.5,188.6,53.8,51.2,-0.93
198,10,player,1,295.4,6.1,329.2,54.4,93.33,-0.88
198,44,player,1,198.3,279.5,229.1,351.4,63.72,48.01
198,112,player,1,125.8,295.6,161.2,329.4,42.21,44.42
198,18,player,1,324.5,284.2,360.0,399.0,103.08,55.79
199,6,player,1,230.6,5.0,266.5,53.3,74.11,-1.04
199,7,player,1,85.3,6.3,120.6,53.7,30.06,-0.91
199,8,player,1,19.6,5.0,52.3,53.8,9.73,-0.86
199,9,player,2,156.9,8.5,188.5,53.7,51.18,-0.94
199,10,player,1,295.3,6.1,329.0,54.4,93.29,-0.9
199,44,player,1,199.2,280.8,230.1,354.2,64.01,48.47
199,112,player,1,125.5,297.4,160.7,331.2,42.1,44.73
199,103,player,1,330.3,286.4,360.0,388.5,103.94,54.03
200,6,player,1,230.5,5.0,266.4,53.3,74.08,-1.04
200,7,player,1,85.4,6.3,120.6,53.6,30.06,-0.92
200,8,player,1,19.7,5.0,52.3,53.8,9.74,-0.86
200,9,player,2,157.0,8.5,188.5,53.7,51.19,-0.94
200,10,player,1,295.4,6.1,329.2,54.4,93.33,-0.89
200,44,player,1,199.3,282.5,229.7,356.0,63.96,48.77
200,112,player,1,126.0,298.6,160.5,332.4,42.13,44.92
201,6,player,1,230.5,5.0,266.4,53.3,74.07,-1.05
201,7,player,1,85.4,6.3,120.6,53.6,30.06,-0.93
201,8,player,1,19.7,5.0,52.3,53.8,9.73,-0.86
201,9,player,2,157.0,8.6,188.5,53.7,51.2,-0.94
201,10,player,1,295.4,6.1,329.2,54.4,93.34,-0.89
201,44,player,1,199.3,283.2,229.3,356.6,63.89,48.88
201,112,player,1,126.2,299.0,160.1,332.7,42.12,44.98
202,6,player,1,230.5,4.9,266.4,53.3,74.06,-1.04
202,7,player,1,85.4,6.3,120.6,53.6,30.06,-0.92
202,8,player,1,19.7,4.9,52.4,53.8,9.75,-0.86
202,9,player,2,157.1,8.6,188.5,53.7,51.21,-0.94
202,10,player,1,295.4,6.1,329.3,54.5,93.35,-0.88
202,44,player,1,199.3,284.7,229.2,358.3,63.88,49.16
202,112,player,1,126.6,299.8,160.1,333.7,42.17,45.14
203,6,player,1,230.6,5.0,266.5,53.3,74.1,-1.05
203,7,player,1,85.4,6.3,120.5,53.6,30.06,-0.93
203,8,player,1,19.6,4.9,52.3,53.7,9.72,-0.87
203,9,player,2,157.0,8.5,188.5,53.7,51.19,-0.94
203,10,player,1,295.5,6.1,329.2,54.4,93.35,-0.9
203,44,player,1,198.3,285.9,228.7,360.0,63.67,49.44
203,112,player,1,130.8,300.5,165.5,334.6,43.64,45.29
204,6,player,1,230.6,5.0,266.5,53.3,74.09,-1.04
204,7,player,1,85.3,6.3,120.6,53.6,30.05,-0.92
204,8,player,1,19.7,5.0,52.3,53.6,9.73,-0.89
204,9,player,2,157.0,8.6,188.5,53.7,51.2,-0.93
204,10,player,1,295.5,6.1,329.2,54.3,93.35,-0.91
204,44,player,1,197.1,287.9,227.5,360.7,63.28,49.56
204,112,player,1,132.0,299.8,168.8,335.5,44.32,45.44
205,6,player,1,230.5,5.0,266.4,53.3,74.08,-1.04
205,7,player,1,85.3,6.2,120.6,53.7,30.05,-0.91
205,8,player,1,19.7,4.9,52.4,53.7,9.75,-0.88
205,9,player,2,157.1,8.6,188.5,53.7,51.21,-0.93
205,10,player,1,295.5,6.1,329.2,54.3,93.36,-0.91
205,44,player,1,194.6,288.3,225.7,361.3,62.63,49.66
205,112,player,1,128.0,298.8,167.0,337.2,43.43,45.72
205,140,player,1,340.2,294.0,359.8,345.9,105.34,46.93
206,6,player,1,230.5,5.0,266.5,53.3,74.09,-1.04
206,7,player,1,85.3,6.3,120.6,53.6,30.05,-0.92
206,8,player,1,19.7,5.0,52.4,53.7,9.74,-0.87
206,9,player,2,157.0,8.5,188.5,53.8,51.2,-0.93
206,10,player,1,295.6,6.1,329.2,54.2,93.36,-0.92
206,44,player,1,192.3,288.4,223.8,361.5,61.99,49.69
206,112,player,1,126.0,297.6,165.8,337.6,42.95,45.78
206,140,player,1,339.9,293.0,360.0,346.1,105.31,46.97
207,6,player,1,230.5,5.0,266.5,53.3,74.08,-1.04
207,7,player,1,85.3,6.3,120.5,53.6,30.05,-0.93
207,8,player,1,19.7,5.0,52.3,53.8,9.74,-0.87
207,9,player,2,157.0,8.5,188.5,53.8,51.19,-0.93
207,10,player,1,295.6,6.1,329.2,54.2,93.36,-0.92
207,44,player,1,191.3,288.5,223.0,361.5,61.71,49.7
207,112,player,1,125.0,297.0,165.3,338.3,42.72,45.9
207,140,player,1,339.9,292.8,360.0,346.2,105.31,46.98
208,6,player,1,230.5,5.0,266.5,53.4,74.08,-1.03
208,7,player,1,85.3,6.3,120.6,53.6,30.06,-0.92
208,8,player,1,19.6,5.0,52.3,53.8,9.73,-0.87
208,9,player,2,157.0,8.5,188.5,53.8,51.2,-0.93
208,10,player,1,295.6,6.1,329.2,54.2,93.35,-0.93
208,44,player,1,189.0,287.7,220.8,361.3,61.02,49.67
208,112,player,1,124.1,295.8,163.9,337.7,42.38,45.8
208,140,player,1,340.3,294.8,360.0,348.6,105.38,47.39
209,6,player,1,230.6,5.0,266.5,53.4,74.1,-1.03
209,7,player,1,85.3,6.3,120.6,53.6,30.06,-0.92
209,8,player,1,19.6,5.0,52.2,53.7,9.71,-0.87
209,9,player,2,157.0,8.5,188.5,53.8,51.2,-0.93
209,10,player,1,295.5,6.1,329.2,54.2,93.35,-0.92
209,44,player,1,186.0,285.6,218.1,361.0,60.14,49.62
209,112,player,1,123.2,294.1,163.9,338.4,42.22,45.92
209,140,player,1,339.1,293.0,360.0,349.1,105.2,47.46
210,6,player,1,230.6,5.0,266.5,53.4,74.1,-1.03
210,7,player,1,85.3,6.3,120.7,53.7,30.07,-0.91
210,8,player,1,19.6,5.0,52.2,53.7,9.7,-0.87
210,9,player,2,157.1,8.5,188.6,53.7,51.22,-0.93
210,10,player,1,295.5,6.1,329.2,54.3,93.35,-0.91
210,44,player,1,183.5,283.1,216.0,360.9,59.44,49.6
210,112,player,1,122.8,292.3,162.8,337.3,42.0,45.74
210,140,player,1,337.6,292.0,359.3,349.2,104.86,47.49
211,6,player,1,230.6,5.0,266.5,53.4,74.09,-1.03
211,7,player,1,85.3,6.2,120.8,53.8,30.08,-0.9
211,8,player,1,19.5,5.0,52.2,53.8,9.68,-0.87
211,9,player,2,157.2,8.6,188.7,53.8,51.24,-0.93
211,10,player,1,295.5,6.1,329.2,54.3,93.36,-0.9
211,44,player,1,181.6,280.9,214.3,360.7,58.89,49.57
211,112,player,1,119.5,290.1,159.5,336.1,40.98,45.54
211,140,player,1,335.0,291.3,357.3,347.6,104.16,47.22
212,6,player,1,230.6,5.0,266.5,53.4,74.1,-1.03
212,7,player,1,85.3,6.2,120.7,53.7,30.08,-0.92
212,8,player,1,19.7,4.9,52.3,53.7,9.73,-0.87
212,9,player,2,157.1,8.6,188.7,53.8,51.24,-0.93
212,10,player,1,295.6,6.1,329.2,54.3,93.36,-0.91
212,44,player,1,179.4,282.3,211.0,360.2,58.05,49.49
212,112,player,1,117.8,288.3,157.8,335.5,40.48,45.44
212,140,player,1,333.0,290.0,356.3,346.1,103.69,46.97
213,6,player,1,230.6,5.0,266.5,53.4,74.1,-1.03
213,7,player,1,85.3,6.2,120.7,53.6,30.07,-0.92
213,8,player,1,19.7,4.9,52.3,53.7,9.74,-0.87
213,9,player,2,157.1,8.6,188.7,53.8,51.24,-0.93
213,10,player,1,295.6,6.1,329.2,54.2,93.36,-0.91
213,44,player,1,178.3,281.3,209.8,360.0,57.7,49.46
213,112,player,1,117.4,287.8,156.8,335.2,40.26,45.4
213,140,player,1,332.0,289.5,356.1,345.5,103.52,46.88
214,6,player,1,230.6,5.0,266.5,53.4,74.1,-1.03
214,7,player,1,85.3,6.2,120.7,53.6,30.08,-0.92
214,8,player,1,19.4,4.9,52.1,53.7,9.66,-0.88
214,9,player,2,157.1,8.6,188.6,53.7,51.23,-0.94
214,10,player,1,295.6,6.1,329.2,54.2,93.37,-0.92
214,44,player,1,176.2,280.0,207.8,360.1,57.08,49.48
214,112,player,1,117.0,285.8,156.8,335.1,40.19,45.39
214,140,player,1,329.8,289.4,354.2,344.7,102.89,46.74
215,6,player,1,230.6,5.0,266.5,53.4,74.11,-1.03
215,7,player,1,85.3,6.3,120.7,53.6,30.07,-0.93
215,8,player,1,19.4,4.9,52.0,53.7,9.65,-0.88
215,9,player,2,157.0,8.6,188.6,53.7,51.21,-0.94
215,10,player,1,295.6,6.1,329.2,54.1,93.35,-0.94
215,44,player,1,172.8,279.0,204.1,358.4,55.98,49.2
215,112,player,1,117.3,287.1,155.0,334.8,39.97,45.33
215,140,player,1,327.0,288.6,351.7,343.3,102.08,46.52
216,6,player,1,230.7,5.0,266.5,53.3,74.12,-1.03
216,7,player,1,85.3,6.3,120.6,53.6,30.06,-0.93
216,8,player,1,19.5,5.0,52.1,53.6,9.69,-0.89
216,9,player,2,157.0,8.6,188.5,53.7,51.2,-0.94
216,10,player,1,295.6,6.1,329.2,54.1,93.37,-0.94
216,44,player,1,170.2,279.2,201.1,358.1,55.12,49.16
216,112,player,1,117.3,286.3,154.7,334.8,39.92,45.33
217,6,player,1,230.7,5.0,266.5,53.4,74.12,-1.03
217,7,player,1,85.3,6.3,120.8,53.9,30.08,-0.88
217,8,player,1,19.6,5.0,52.3,53.7,9.72,-0.88
217,9,player,2,157.0,8.5,188.5,53.7,51.19,-0.95
217,10,player,1,295.6,6.1,329.2,54.0,93.36,-0.95
217,44,player,1,165.3,277.9,196.8,357.8,53.72,49.12
217,112,player,1,117.8,285.0,154.8,334.0,40.01,45.2
217,140,player,1,322.9,287.9,348.3,341.8,100.93,46.27
218,6,player,1,230.7,5.0,266.5,53.4,74.12,-1.03
218,7,player,1,85.3,6.2,120.8,53.8,30.07,-0.89
218,8,player,1,19.6,5.0,52.2,53.7,9.72,-0.88
218,9,player,2,157.0,8.6,188.5,53.7,51.2,-0.94
218,10,player,1,295.6,6.1,329.1,54.0,93.35,-0.96
218,44,player,1,161.5,278.9,193.3,358.4,52.6,49.23
218,112,player,1,120.6,282.0,158.6,333.3,41.01,45.08
218,143,player,1,350.1,304.0,358.8,376.7,106.76,52.04
218,140,player,1,320.4,286.2,347.2,341.2,100.38,46.16
219,6,player,1,230.7,5.0,266.5,53.4,74.12,-1.02
219,7,player,1,85.3,6.2,120.7,53.7,30.07,-0.91
219,8,player,1,19.6,5.0,52.2,53.7,9.71,-0.89
219,9,player,2,157.0,8.6,188.5,53.7,51.2,-0.94
219,10,player,1,295.6,6.1,329.2,54.0,93.35,-0.95
219,44,player,1,158.6,280.1,190.5,358.6,51.72,49.26
219,112,player,1,122.3,279.8,160.4,331.7,41.56,44.81
219,143,player,1,348.7,303.7,357.5,376.7,106.33,52.05
219,140,player,1,316.8,284.0,345.3,340.4,99.55,46.04
220,6,player,1,230.7,5.0,266.5,53.4,74.12,-1.02
220,7,player,1,85.3,6.2,120.7,53.7,30.07,-0.92
220,8,player,1,19.6,5.0,52.2,53.7,9.7,-0.89
220,9,player,2,157.0,8.6,188.5,53.7,51.2,-0.94
220,10,player,1,295.5,6.1,329.2,54.1,93.35,-0.95
220,44,player,1,157.4,280.6,189.6,358.7,51.41,49.27
220,112,player,1,123.0,279.0,161.1,331.0,41.78,44.7
220,143,player,1,348.1,303.3,357.1,376.7,106.19,52.05
220,140,player,1,315.3,283.3,344.8,340.2,99.24,46.0
221,6,player,1,230.7,5.0,266.5,53.4,74.11,-1.02
221,7,player,1,85.2,6.2,120.7,53.7,30.06,-0.91
221,8,player,1,19.7,5.0,52.3,53.7,9.73,-0.88
221,9,player,2,156.9,8.6,188.5,53.7,51.19,-0.93
221,10,player,1,295.5,6.1,329.2,54.1,93.35,-0.94
221,44,player,1,155.1,280.2,187.8,358.4,50.79,49.22
221,112,player,1,123.6,279.6,155.9,323.6,41.07,43.47
221,143,player,1,342.8,302.3,352.6,376.8,104.69,52.08
221,140,player,1,309.9,282.1,339.6,339.6,97.62,45.91
222,6,player,1,230.7,5.0,266.5,53.4,74.11,-1.02
222,7,player,1,85.2,6.2,120.7,53.7,30.05,-0.9
222,8,player,1,19.7,5.0,52.3,53.7,9.73,-0.88
222,9,player,2,156.9,8.6,188.5,53.8,51.19,-0.93
222,10,player,1,295.5,6.1,329.2,54.1,93.35,-0.94
222,44,player,1,152.6,279.9,185.3,357.5,50.0,49.09
222,112,player,1,123.4,279.2,154.9,322.8,40.88,43.34
222,143,player,1,343.5,301.2,353.8,376.2,104.99,51.98
222,140,player,1,304.0,281.0,334.3,339.8,95.91,45.95
223,6,player,1,230.7,5.0,266.5,53.4,74.11,-1.03
223,7,player,1,85.2,6.2,120.6,53.7,30.04,-0.91
223,8,player,1,19.7,5.0,52.2,53.6,9.72,-0.89
223,9,player,2,157.0,8.6,188.5,53.8,51.19,-0.93
223,10,player,1,295.5,6.1,329.2,54.0,93.35,-0.95
223,44,player,1,149.4,279.6,181.8,356.9,48.97,48.98
223,112,player,1,121.6,279.4,155.4,326.5,40.68,43.95
223,143,player,1,341.9,299.7,353.3,376.9,104.66,52.09
223,140,player,1,298.6,280.1,328.5,339.4,94.21,45.9
224,6,player,1,230.8,5.0,266.5,53.3,74.13,-1.03
224,7,player,1,85.2,6.2,120.6,53.7,30.03,-0.91
224,8,player,1,19.8,5.0,52.2,53.6,9.74,-0.9
224,9,player,2,157.0,8.6,188.5,53.7,51.19,-0.94
224,10,player,1,295.5,6.1,329.2,54.1,93.34,-0.93
224,44,player,1,144.5,279.1,177.0,356.7,47.5,48.95
224,112,player,1,116.2,277.6,151.1,327.5,39.2,44.12
224,143,player,1,338.2,298.5,350.7,376.7,103.7,52.06
224,140,player,1,292.0,278.3,321.9,338.6,92.2,45.77
225,6,player,1,230.8,5.0,266.5,53.3,74.14,-1.04
225,7,player,1,85.2,6.2,120.6,53.7,30.03,-0.92
225,8,player,1,19.8,5.0,52.2,53.6,9.74,-0.9
225,9,player,2,157.0,8.6,188.5,53.7,51.2,-0.95
225,10,player,1,295.5,6.1,329.2,54.1,93.35,-0.93
225,44,player,1,138.5,278.4,171.0,355.9,45.66,48.82
225,112,player,1,112.5,274.2,148.8,327.6,38.28,44.14
225,143,player,1,332.8,298.1,346.1,375.2,102.18,51.83
225,140,player,1,284.7,276.3,314.8,338.0,89.99,45.67
226,6,player,1,230.8,5.0,266.5,53.3,74.14,-1.04
226,7,player,1,85.2,6.2,120.6,53.7,30.04,-0.91
226,8,player,1,19.7,5.0,52.2,53.5,9.73,-0.9
226,9,player,2,157.1,8.6,188.5,53.6,51.2,-0.95
226,10,player,1,295.5,6.1,329.2,54.1,93.35,-0.94
226,44,player,1,136.2,278.1,168.7,355.5,44.95,48.77
226,112,player,1,111.0,272.1,147.9,327.8,37.91,44.17
226,143,player,1,330.4,297.9,344.8,374.6,101.61,51.72
226,140,player,1,282.1,275.4,312.1,337.7,89.19,45.64
227,6,player,1,230.8,5.0,266.5,53.4,74.14,-1.03
227,7,player,1,85.2,6.2,120.6,53.6,30.04,-0.92
227,8,player,1,19.8,5.0,52.2,53.4,9.73,-0.93
227,9,player,2,157.1,8.6,188.5,53.7,51.21,-0.94
227,10,player,1,295.6,6.1,329.2,54.0,93.35,-0.96
227,44,player,1,131.2,275.8,165.0,356.4,43.62,48.91
227,143,player,1,325.7,298.4,340.8,373.8,100.28,51.59
227,140,player,1,277.9,274.0,305.9,331.7,87.59,44.64
228,6,player,1,230.8,5.0,266.5,53.3,74.13,-1.04
228,7,player,1,85.2,6.2,120.6,53.7,30.04,-0.91
228,8,player,1,19.7,5.0,52.2,53.5,9.72,-0.92
228,9,player,2,157.0,8.6,188.5,53.7,51.21,-0.94
228,10,player,1,295.6,6.1,329.2,54.0,93.35,-0.96
228,44,player,1,126.9,276.9,160.2,355.9,42.22,48.83
228,143,player,1,319.3,299.2,335.0,373.5,98.42,51.55
228,140,player,1,269.5,272.6,299.5,334.9,85.33,45.19
229,6,player,1,230.8,5.0,266.5,53.3,74.13,-1.03
229,7,player,1,85.2,6.2,120.6,53.7,30.05,-0.91
229,8,player,1,19.9,5.0,52.2,53.4,9.75,-0.92
229,9,player,2,157.0,8.6,188.5,53.8,51.2,-0.93
229,10,player,1,295.6,6.1,329.2,54.0,93.35,-0.95
229,44,player,1,121.6,277.3,155.0,356.0,40.61,48.86
229,143,player,1,312.5,299.1,329.0,372.6,96.46,51.4
229,140,player,1,262.3,271.8,291.1,331.8,82.94,44.68
230,6,player,1,230.8,5.0,266.4,53.3,74.12,-1.04
230,7,player,1,85.3,6.3,120.6,53.6,30.05,-0.92
230,8,player,1,19.9,5.0,52.3,53.5,9.76,-0.91
230,9,player,2,157.1,8.6,188.5,53.7,51.21,-0.94
230,10,player,1,295.5,6.1,329.2,54.0,93.34,-0.95
230,44,player,1,116.1,276.4,150.3,356.0,39.04,48.87
230,143,player,1,305.9,298.8,323.0,372.4,94.53,51.39
230,140,player,1,255.4,271.5,284.1,331.5,80.84,44.64
230,148,player,1,335.0,270.7,356.1,345.8,103.97,46.92
231,6,player,1,230.7,5.0,266.4,53.3,74.11,-1.04
231,7,player,1,85.3,6.3,120.6,53.6,30.05,-0.92
231,8,player,1,19.9,5.0,52.3,53.5,9.77,-0.91
231,9,player,2,157.1,8.6,188.5,53.7,51.22,-0.95
231,10,player,1,295.5,6.1,329.1,54.0,93.34,-0.95
231,44,player,1,112.3,275.6,146.9,355.9,37.93,48.86
231,143,player,1,300.2,298.0,318.1,373.0,92.92,51.49
231,140,player,1,250.2,271.3,278.6,331.5,79.2,44.64
231,148,player,1,335.3,272.2,355.7,344.1,103.94,46.64
232,6,player,1,230.7,5.0,266.4,53.3,74.11,-1.04
232,7,player,1,85.3,6.3,120.6,53.6,30.05,-0.92
232,8,player,1,19.8,4.9,52.3,53.5,9.77,-0.91
232,9,player,2,157.1,8.6,188.6,53.7,51.22,-0.94
232,10,player,1,295.5,6.1,329.1,54.0,93.34,-0.95
232,44,player,1,110.9,275.5,145.7,355.9,37.54,48.85
232,143,player,1,297.9,297.7,316.5,373.3,92.32,51.54
232,140,player,1,248.4,271.3,276.6,331.5,78.62,44.64
232,148,player,1,334.8,272.3,355.5,344.3,103.84,46.67
233,6,player,1,230.7,5.0,266.4,53.3,74.1,-1.03
233,7,player,1,85.4,6.3,120.6,53.6,30.07,-0.93
233,8,player,1,19.9,5.0,52.4,53.5,9.79,-0.91
233,9,player,2,157.1,8.6,188.6,53.7,51.24,-0.94
233,10,player,1,295.6,6.1,329.2,54.0,93.35,-0.96
233,44,player,1,107.8,276.0,142.8,356.0,36.62,48.88
233,143,player,1,294.4,296.6,313.6,372.8,91.35,51.46
233,140,player,1,244.5,270.4,272.9,331.7,77.46,44.67
233,148,player,1,335.9,272.0,357.0,344.6,104.24,46.72
234,6,player,1,230.6,5.0,266.4,53.3,74.09,-1.03
234,7,player,1,85.4,6.3,120.6,53.6,30.06,-0.93
234,8,player,1,20.0,5.0,52.5,53.5,9.81,-0.91
234,9,player,2,157.1,8.6,188.6,53.7,51.23,-0.94
234,10,player,1,295.6,6.1,329.2,53.9,93.35,-0.96
234,44,player,1,107.1,277.2,141.5,355.5,36.32,48.79
234,143,player,1,291.6,295.8,311.3,372.1,90.56,51.35
234,140,player,1,241.1,268.5,269.7,331.0,76.46,44.57
234,148,player,1,333.1,271.9,354.6,344.5,103.45,46.7
235,6,player,1,230.6,5.0,266.4,53.4,74.1,-1.03
235,7,player,1,85.3,6.3,120.6,53.6,30.06,-0.92
235,8,player,1,19.7,4.9,52.3,53.5,9.74,-0.92
235,9,player,2,157.1,8.6,188.7,53.7,51.24,-0.93
235,10,player,1,295.6,6.1,329.2,53.9,93.36,-0.97
235,44,player,1,106.0,276.8,141.1,356.2,36.09,48.91
235,143,player,1,289.9,295.5,310.0,371.2,90.1,51.2
235,140,player,1,237.6,266.8,266.5,330.4,75.42,44.47
235,148,player,1,331.4,271.1,353.9,344.7,103.08,46.74
236,6,player,1,230.6,5.0,266.4,53.4,74.09,-1.03
236,7,player,1,85.4,6.3,120.6,53.6,30.06,-0.93
236,8,player,1,19.8,5.0,52.4,53.5,9.77,-0.92
236,9,player,2,157.1,8.6,188.7,53.8,51.25,-0.93
236,10,player,1,295.6,6.1,329.2,53.9,93.35,-0.97
236,44,player,1,105.8,277.3,140.4,355.1,35.94,48.73
236,143,player,1,288.6,295.8,308.9,370.3,89.74,51.06
236,140,player,1,234.8,265.8,263.4,329.0,74.52,44.25
236,148,player,1,331.7,270.5,354.9,344.5,103.29,46.71
236,152,player,1,343.4,333.7,360.0,412.5,106.0,58.03
237,6,player,1,230.7,5.0,266.4,53.3,74.1,-1.03
237,7,player,1,85.4,6.3,120.6,53.5,30.06,-0.93
237,8,player,1,19.8,5.0,52.5,53.5,9.78,-0.92
237,9,player,2,157.1,8.6,188.7,53.8,51.24,-0.93
237,10,player,1,295.5,6.1,329.2,53.9,93.35,-0.97
237,44,player,1,105.8,277.5,140.3,354.7,35.93,48.66
237,143,player,1,288.2,296.0,308.8,370.3,89.66,51.05
237,140,player,1,233.9,265.5,262.5,328.5,74.25,44.16
237,148,player,1,331.7,270.4,355.5,344.5,103.37,46.71
237,152,player,1,343.4,333.1,360.0,412.4,106.0,58.02
238,6,player,1,230.6,5.0,266.4,53.4,74.1,-1.03
238,7,player,1,85.4,6.3,120.6,53.5,30.06,-0.94
238,8,player,1,19.9,5.0,52.5,53.5,9.8,-0.91
238,9,player,2,157.1,8.6,188.7,53.8,51.24,-0.93
238,10,player,1,295.5,6.1,329.2,54.0,93.35,-0.96
238,44,player,1,105.3,277.3,140.5,355.7,35.89,48.84
238,143,player,1,287.0,296.4,308.0,370.0,89.36,51.01
238,140,player,1,232.0,265.5,260.5,328.4,73.65,44.15
238,148,player,1,331.6,268.9,355.7,342.2,103.38,46.33
238,152,player,1,343.5,333.9,360.0,412.4,106.01,58.02
239,6,player,1,230.6,5.0,266.4,53.4,74.09,-1.03
239,7,player,1,85.4,6.3,120.6,53.5,30.06,-0.94
239,8,player,1,19.9,5.0,52.5,53.5,9.79,-0.92
239,9,player,2,157.1,8.6,188.7,53.7,51.25,-0.93
239,10,player,1,295.5,6.1,329.2,53.9,93.35,-0.97
239,44,player,1,104.0,276.6,139.7,355.3,35.57,48.76
239,143,player,1,285.3,296.9,306.7,370.2,88.89,51.05
239,140,player,1,230.2,266.1,258.3,328.5,73.04,44.17
239,148,player,1,331.5,267.2,356.5,341.4,103.49,46.2
239,152,player,1,343.7,334.8,359.8,411.2,106.01,57.81
240,6,player,1,230.6,5.0,266.4,53.4,74.08,-1.03
240,7,player,1,85.4,6.3,120.6,53.5,30.06,-0.94
240,8,player,1,19.9,5.0,52.6,53.4,9.81,-0.92
240,9,player,2,157.1,8.6,188.7,53.7,51.25,-0.94
240,10,player,1,295.5,6.1,329.2,53.9,93.35,-0.97
240,44,player,1,103.9,278.7,138.8,355.3,35.41,48.77
240,143,player,1,284.2,297.1,306.0,370.8,88.62,51.15
240,140,player,1,228.8,266.6,256.6,328.9,72.56,44.23
240,148,player,1,331.7,266.4,357.2,340.8,103.63,46.1
240,152,player,1,344.4,334.5,360.0,409.6,106.14,57.54
241,6,player,1,230.5,5.0,266.4,53.4,74.07,-1.02
241,7,player,1,85.4,6.3,120.6,53.5,30.07,-0.94
241,8,player,1,19.9,5.0,52.6,53.4,9.81,-0.92
241,9,player,2,157.1,8.6,188.8,53.7,51.25,-0.93
241,10,player,1,295.5,6.1,329.2,53.9,93.35,-0.97
241,44,player,1,103.2,276.6,139.0,354.9,35.34,48.71
241,143,player,1,282.6,296.6,304.9,370.6,88.22,51.11
241,140,player,1,227.2,265.4,254.6,327.3,72.01,43.96
241,148,player,1,331.7,265.9,357.6,340.8,103.69,46.09
241,152,player,1,344.2,332.0,360.0,407.8,106.1,57.25
242,6,player,1,230.5,5.0,266.4,53.4,74.07,-1.02
242,7,player,1,85.4,6.3,120.6,53.5,30.07,-0.94
242,8,player,1,19.9,5.0,52.6,53.4,9.82,-0.93
242,9,player,2,157.1,8.6,188.8,53.8,51.26,-0.93
242,10,player,1,295.5,6.1,329.2,54.0,93.35,-0.96
242,44,player,1,103.2,275.3,139.3,354.9,35.38,48.69
242,143,player,1,281.1,296.0,303.8,370.0,87.81,51.01
242,140,player,1,226.1,265.5,253.0,326.7,71.61,43.87
242,148,player,1,333.6,265.6,359.4,340.5,104.26,46.03
242,152,player,1,345.1,332.4,360.0,405.8,106.24,56.91
243,6,player,1,230.5,5.0,266.4,53.4,74.07,-1.02
243,7,player,1,85.4,6.3,120.6,53.5,30.07,-0.95
243,8,player,1,19.9,5.0,52.6,53.4,9.82,-0.92
243,9,player,2,157.1,8.6,188.8,53.8,51.26,-0.93
243,10,player,1,295.5,6.1,329.2,54.0,93.35,-0.95
243,44,player,1,103.2,274.9,139.5,354.8,35.41,48.69
243,143,player,1,280.5,295.7,303.5,369.7,87.68,50.97
243,140,player,1,226.0,265.3,252.6,326.4,71.53,43.82
243,148,player,1,334.4,265.5,360.0,340.3,104.46,46.01
243,152,player,1,345.5,332.6,360.0,405.1,106.3,56.79
244,6,player,1,230.5,5.0,266.4,53.4,74.07,-1.02
244,7,player,1,85.4,6.3,120.6,53.5,30.07,-0.94
244,8,player,1,19.9,5.0,52.6,53.4,9.82,-0.93
244,9,player,2,157.1,8.6,188.8,53.8,51.26,-0.93
244,10,player,1,295.5,6.1,329.2,54.0,93.35,-0.95
244,44,player,1,103.2,275.0,138.9,354.2,35.33,48.58
244,143,player,1,279.2,295.0,302.5,369.3,87.32,50.89
244,140,player,1,225.7,266.8,251.2,325.5,71.27,43.66
244,148,player,1,335.0,266.5,360.0,340.5,104.56,46.05
244,152,player,1,345.9,334.3,360.0,404.0,106.37,56.61
245,6,player,1,230.5,5.0,266.4,53.4,74.07,-1.02
245,7,player,1,85.4,6.3,120.6,53.5,30.06,-0.94
245,8,player,1,19.9,5.0,52.6,53.5,9.81,-0.92
245,9,player,2,157.1,8.6,188.8,53.8,51.24,-0.93
245,10,player,1,295.6,6.1,329.2,53.9,93.35,-0.97
245,44,player,1,104.7,275.3,140.4,353.8,35.78,48.51
245,143,player,1,277.8,294.9,301.4,369.6,86.94,50.94
245,140,player,1,224.3,267.0,250.3,326.8,70.92,43.89
245,148,player,1,335.3,267.6,360.0,341.0,104.6,46.12
245,152,player,1,346.3,333.0,360.0,402.9,106.42,56.42
246,6,player,1,230.5,5.0,266.4,53.4,74.08,-1.02
246,7,player,1,85.3,6.3,120.6,53.5,30.06,-0.94
246,8,player,1,19.9,4.9,52.6,53.5,9.8,-0.92
246,9,player,2,157.0,8.6,188.7,53.8,51.23,-0.92
246,10,player,1,295.5,6.0,329.2,53.9,93.36,-0.97
246,44,player,1,104.2,275.4,139.5,353.9,35.56,48.54
246,143,player,1,276.9,295.4,300.5,369.4,86.67,50.91
246,140,player,1,222.4,266.1,248.1,325.2,70.29,43.62
246,148,player,1,333.8,268.2,359.0,341.5,104.22,46.21
246,152,player,1,344.7,334.0,360.0,423.9,106.22,59.94
247,6,player,1,230.4,5.0,266.4,53.4,74.06,-1.02
247,7,player,1,85.3,6.3,120.6,53.5,30.05,-0.94
247,8,player,1,19.9,4.9,52.6,53.5,9.8,-0.92
247,9,player,2,157.0,8.6,188.7,53.8,51.22,-0.92
247,10,player,1,295.5,6.0,329.2,54.0,93.35,-0.96
247,44,player,1,103.6,275.6,138.4,353.9,35.31,48.53
247,143,player,1,276.0,296.0,299.7,369.2,86.41,50.89
247,140,player,1,219.7,260.0,247.4,323.7,69.76,43.38
247,148,player,1,332.5,265.1,358.6,341.6,103.97,46.23
247,152,player,1,344.6,335.2,360.0,431.4,106.22,61.19
248,6,player,1,230.5,5.0,266.5,53.4,74.08,-1.02
248,7,player,1,85.4,6.3,120.6,53.5,30.06,-0.94
248,8,player,1,19.8,4.9,52.5,53.4,9.79,-0.92
248,9,player,2,157.0,8.6,188.7,53.8,51.22,-0.92
248,10,player,1,295.5,6.1,329.3,54.0,93.36,-0.95
248,44,player,1,103.4,275.5,138.3,355.1,35.25,48.74
248,143,player,1,275.0,296.6,298.5,369.2,86.07,50.88
248,140,player,1,217.8,262.9,244.4,322.6,69.02,43.2
248,148,player,1,332.9,266.8,358.0,340.6,103.94,46.05
249,6,player,1,230.3,5.0,266.3,53.4,74.03,-1.02
249,7,player,1,85.3,6.3,120.5,53.5,30.05,-0.94
249,8,player,1,19.8,5.0,52.5,53.5,9.78,-0.91
249,9,player,2,157.0,8.6,188.7,53.8,51.23,-0.92
249,10,player,1,295.6,6.1,329.2,54.0,93.36,-0.96
249,44,player,1,102.1,276.2,136.7,355.7,34.82,48.84
249,143,player,1,272.5,297.2,295.9,369.1,85.3,50.88
249,140,player,1,215.1,266.0,240.9,322.4,68.07,43.17
249,148,player,1,330.7,265.1,356.3,340.6,103.33,46.06
249,152,player,1,343.7,340.4,360.0,436.0,106.1,61.95
250,6,player,1,230.3,5.0,266.4,53.4,74.04,-1.02
250,7,player,1,85.3,6.3,120.6,53.6,30.05,-0.93
250,8,player,1,19.8,5.0,52.4,53.5,9.76,-0.91
250,9,player,2,157.0,8.6,188.7,53.8,51.22,-0.92
250,10,player,1,295.5,6.1,329.2,54.0,93.35,-0.95
250,44,player,1,100.3,275.9,134.3,354.7,34.17,48.67
250,143,player,1,270.0,297.6,293.4,369.3,84.52,50.91
250,140,player,1,212.2,266.9,238.2,322.4,67.21,43.17
250,148,player,1,327.6,262.3,354.7,341.8,102.62,46.27
250,152,player,1,343.0,347.6,360.0,436.9,105.99,62.11
251,6,player,1,230.3,5.0,266.4,53.4,74.05,-1.02
251,7,player,1,85.3,6.3,120.6,53.6,30.05,-0.92
251,8,player,1,19.7,5.0,52.4,53.6,9.75,-0.9
251,9,player,2,157.0,8.6,188.6,53.8,51.21,-0.92
251,10,player,1,295.5,6.1,329.2,54.1,93.34,-0.94
251,44,player,1,103.1,275.9,139.0,355.9,35.32,48.87
251,143,player,1,266.4,297.4,290.0,369.6,83.46,50.96
251,140,player,1,209.5,268.9,235.5,322.9,66.4,43.26
251,148,player,1,325.7,264.2,351.9,341.4,101.9,46.2
251,152,player,1,340.9,351.0,358.1,437.8,105.39,62.26
252,6,player,1,230.4,5.0,266.4,53.4,74.06,-1.02
252,7,player,1,85.1,6.3,120.5,53.7,30.02,-0.9
252,8,player,1,19.7,5.0,52.3,53.5,9.74,-0.9
252,9,player,2,157.0,8.6,188.6,53.8,51.2,-0.93
252,10,player,1,295.5,6.1,329.3,54.2,93.35,-0.92
252,44,player,1,97.5,276.3,132.6,355.7,33.47,48.84
252,143,player,1,262.4,296.9,286.5,370.3,82.32,51.09
252,140,player,1,207.0,270.4,233.1,323.3,65.64,43.33
252,148,player,1,324.2,265.8,349.4,341.1,101.29,46.15
252,152,player,1,338.1,352.3,356.1,438.4,104.64,62.36
253,6,player,1,230.3,5.0,266.4,53.5,74.04,-1.01
253,7,player,1,85.1,6.3,120.5,53.7,30.01,-0.91
253,8,player,1,19.7,5.0,52.3,53.6,9.75,-0.9
253,9,player,2,157.1,8.6,188.7,53.8,51.24,-0.92
253,10,player,1,295.4,6.0,329.3,54.4,93.34,-0.89
253,44,player,1,93.8,276.1,128.5,356.2,32.28,48.93
253,143,player,1,257.9,296.6,282.2,370.3,80.97,51.1
253,140,player,1,204.3,272.9,230.4,323.9,64.82,43.42
253,148,player,1,321.6,264.2,347.0,340.7,100.53,46.09
253,152,player,1,334.6,352.7,353.9,438.9,103.78,62.45
254,6,player,1,230.4,5.0,266.5,53.4,74.07,-1.02
254,7,player,1,85.1,6.3,120.6,53.8,30.03,-0.89
254,8,player,1,19.7,5.0,52.4,53.7,9.76,-0.89
254,9,player,2,157.0,8.5,188.7,53.8,51.21,-0.92
254,10,player,1,295.4,6.0,329.3,54.4,93.35,-0.9
254,44,player,1,90.5,276.4,124.7,356.9,31.18,49.05
254,143,player,1,254.0,297.0,278.5,370.7,79.81,51.17
254,148,player,1,318.4,265.6,343.0,340.7,99.43,46.09
254,152,player,1,329.6,352.3,349.9,438.3,102.39,62.36
255,6,player,1,230.4,5.0,266.4,53.4,74.06,-1.02
255,7,player,1,85.2,6.3,120.6,53.9,30.04,-0.88
255,8,player,1,19.7,5.0,52.3,53.7,9.73,-0.88
255,9,player,2,157.0,8.5,188.7,53.8,51.22,-0.92
255,10,player,1,295.5,6.1,329.3,54.3,93.36,-0.9
255,44,player,1,87.6,276.9,121.0,357.3,30.17,49.12
255,143,player,1,249.8,297.4,274.4,370.8,78.54,51.18
255,148,player,1,314.4,266.4,338.9,341.3,98.19,46.19
255,152,player,1,324.7,352.4,345.9,438.3,101.03,62.37
255,161,player,1,338.1,337.5,358.9,415.1,105.02,58.47
256,6,player,1,230.6,5.0,266.6,53.4,74.12,-1.03
256,7,player,1,85.2,6.3,120.7,54.0,30.06,-0.86
256,8,player,1,19.6,5.0,52.2,53.7,9.71,-0.88
256,9,player,2,157.0,8.5,188.7,53.8,51.22,-0.92
256,10,player,1,295.5,6.1,329.3,54.3,93.37,-0.9
256,44,player,1,85.3,277.6,117.9,357.7,29.34,49.19
256,143,player,1,246.6,297.8,271.4,371.1,77.59,51.23
256,148,player,1,311.8,266.8,336.0,341.6,97.36,46.25
256,152,player,1,320.8,352.6,342.9,438.9,99.98,62.48
256,161,player,1,337.1,337.5,358.2,415.6,104.77,58.55
257,6,player,1,230.5,5.0,266.5,53.4,74.08,-1.02
257,7,player,1,85.2,6.3,120.8,54.0,30.07,-0.85
257,8,player,1,19.7,5.0,52.3,53.6,9.73,-0.89
257,9,player,2,157.0,8.5,188.7,53.8,51.23,-0.92
257,10,player,1,295.5,6.1,329.3,54.3,93.36,-0.91
257,44,player,1,82.3,278.1,114.2,358.1,28.32,49.26
257,143,player,1,242.4,298.4,267.5,371.5,76.36,51.31
257,148,player,1,308.4,268.5,332.2,342.4,96.26,46.39
257,152,player,1,315.2,352.5,337.6,437.2,98.33,62.2
257,161,player,1,335.0,338.1,356.1,415.8,104.12,58.59
258,6,player,1,230.3,5.0,266.4,53.4,74.04,-1.02
258,7,player,1,85.2,6.3,120.7,53.9,30.05,-0.87
258,8,player,1,19.8,5.0,52.5,53.7,9.78,-0.87
258,10,player,1,295.4,6.1,329.3,54.4,93.35,-0.89
258,44,player,1,78.9,278.6,110.1,358.3,27.17,49.31
258,143,player,1,237.1,301.1,262.2,372.4,74.73,51.46
258,148,player,1,305.6,271.5,328.4,342.8,95.25,46.46
258,152,player,1,309.5,352.3,332.8,438.5,96.7,62.42
258,161,player,1,332.0,338.5,353.4,417.0,103.27,58.79
259,6,player,1,230.3,5.0,266.4,53.4,74.03,-1.02
259,7,player,1,85.3,6.3,120.8,54.0,30.08,-0.86
259,8,player,1,19.7,5.0,52.4,53.7,9.74,-0.88
259,10,player,1,295.4,6.1,329.2,54.4,93.34,-0.89
259,44,player,1,75.2,279.1,106.1,359.5,25.99,49.5
259,143,player,1,232.4,302.9,257.8,373.4,73.33,51.64
259,148,player,1,302.1,272.9,324.2,342.5,94.08,46.41
259,152,player,1,304.2,351.5,327.8,437.2,95.12,62.21
259,161,player,1,329.3,339.0,350.8,417.0,102.45,58.79
260,6,player,1,230.1,5.0,266.2,53.4,73.98,-1.02
260,7,player,1,85.3,6.3,120.8,53.9,30.08,-0.88
260,8,player,1,19.7,5.0,52.4,53.8,9.75,-0.86
260,10,player,1,295.4,6.1,329.2,54.4,93.34,-0.89
260,44,player,1,71.2,279.7,101.3,359.7,24.62,49.54
260,143,player,1,227.3,304.1,253.1,374.2,71.84,51.78
260,148,player,1,298.1,273.9,319.8,342.2,92.81,46.37
260,152,player,1,298.1,350.6,322.2,436.6,93.35,62.12
260,161,player,1,325.9,339.8,347.6,417.7,101.45,58.92
260,9,player,2,157.1,8.5,188.8,53.7,51.25,-0.94
261,6,player,1,230.0,5.0,266.2,53.4,73.97,-1.02
261,7,player,1,85.2,6.3,120.7,53.9,30.06,-0.88
261,8,player,1,19.7,4.9,52.4,53.8,9.76,-0.85
261,10,player,1,295.4,6.1,329.2,54.4,93.33,-0.9
261,44,player,1,66.4,280.6,95.9,359.9,23.06,49.59
261,143,player,1,220.9,304.1,247.3,374.0,69.97,51.74
261,148,player,1,293.3,274.3,314.1,339.6,91.2,45.94
261,152,player,1,291.5,349.2,316.2,436.3,91.4,62.07
261,161,player,1,321.2,340.0,343.1,417.6,100.03,58.91
261,9,player,2,157.1,8.5,188.8,53.8,51.25,-0.93
262,6,player,1,229.9,5.0,266.3,53.5,73.96,-1.01
262,7,player,1,85.2,6.3,120.9,54.0,30.09,-0.86
262,8,player,1,19.8,4.9,52.4,53.8,9.76,-0.85
262,44,player,1,63.2,281.1,92.4,360.6,22.03,49.71
262,143,player,1,217.0,303.8,244.2,374.1,68.9,51.77
262,148,player,1,289.8,274.6,310.6,339.7,90.13,45.96
262,152,player,1,287.5,348.8,312.4,436.0,90.2,62.03
262,161,player,1,317.8,340.2,340.1,418.1,99.06,59.0
262,9,player,2,157.0,8.6,188.7,53.8,51.23,-0.92
263,6,player,1,230.1,5.0,266.4,53.4,74.01,-1.02
263,7,player,1,85.2,6.3,120.7,53.9,30.05,-0.88
263,8,player,1,19.8,4.9,52.4,53.9,9.76,-0.85
263,44,player,1,58.2,281.6,87.0,361.1,20.44,49.8
263,143,player,1,211.5,302.7,239.3,373.5,67.31,51.68
263,148,player,1,282.9,272.4,304.9,340.5,88.2,46.1
263,152,player,1,281.4,348.5,306.5,436.0,88.38,62.04
263,161,player,1,313.6,340.4,336.2,418.4,97.82,59.05
263,9,player,2,157.0,8.6,188.7,53.9,51.23,-0.91
263,10,player,1,295.4,6.1,329.2,54.4,93.34,-0.88
264,6,player,1,230.2,5.0,266.5,53.4,74.04,-1.03
264,7,player,1,85.1,6.3,120.8,53.9,30.05,-0.87
264,8,player,1,19.7,5.0,52.3,53.8,9.73,-0.86
264,44,player,1,53.6,281.8,82.0,361.3,18.95,49.83
264,143,player,1,205.0,302.3,233.6,372.7,65.43,51.55
264,148,player,1,277.5,272.1,299.6,340.0,86.59,46.03
264,152,player,1,275.0,347.8,300.7,435.8,86.51,62.01
264,161,player,1,309.1,341.0,331.7,418.0,96.43,58.98
264,9,player,2,157.0,8.5,188.8,53.9,51.25,-0.91
264,10,player,1,295.5,6.1,329.2,54.4,93.35,-0.89
264,140,player,1,179.9,276.9,203.1,320.0,56.92,42.8
265,6,player,1,230.1,5.0,266.4,53.5,74.01,-1.01
265,7,player,1,85.1,6.3,120.8,54.0,30.05,-0.85
265,8,player,1,19.6,5.0,52.2,53.9,9.71,-0.85
265,44,player,1,48.3,282.0,77.0,363.0,17.36,50.12
265,143,player,1,198.4,302.2,226.9,370.9,63.41,51.25
265,148,player,1,269.4,271.8,292.1,340.4,84.2,46.11
265,152,player,1,268.1,347.3,294.5,435.7,84.48,62.01
265,161,player,1,303.8,341.2,326.6,417.0,94.85,58.83
265,9,player,2,157.1,8.5,188.9,53.8,51.26,-0.92
265,10,player,1,295.5,6.1,329.2,54.3,93.34,-0.91
266,6,player,1,229.6,5.0,266.1,53.5,73.9,-1.01
266,7,player,1,85.3,6.3,120.9,54.0,30.09,-0.86
266,8,player,1,19.6,5.0,52.2,53.9,9.71,-0.85
266,44,player,1,44.1,282.6,71.5,360.3,15.87,49.67
266,143,player,1,190.9,299.5,220.5,370.3,61.26,51.17
266,148,player,1,263.4,270.1,286.8,340.8,82.48,46.16
266,152,player,1,260.0,347.3,286.9,435.5,82.09,61.99
266,161,player,1,299.5,341.5,322.3,416.5,93.52,58.75
266,9,player,2,157.0,8.5,188.8,53.8,51.25,-0.92
266,10,player,1,295.5,6.1,329.2,54.4,93.34,-0.88
267,6,player,1,230.1,5.0,266.5,53.4,74.02,-1.02
267,7,player,1,85.2,6.3,120.9,54.1,30.09,-0.85
267,8,player,1,19.6,5.0,52.1,53.9,9.69,-0.85
267,44,player,1,38.7,283.3,65.9,360.4,14.19,49.7
267,143,player,1,184.4,300.7,213.5,369.9,59.2,51.11
267,148,player,1,257.1,270.2,280.5,340.7,80.55,46.17
267,152,player,1,253.3,347.7,280.5,435.1,80.07,61.92
267,161,player,1,295.2,341.7,318.1,416.1,92.23,58.68
267,9,player,2,157.0,8.5,188.8,53.8,51.23,-0.92
267,10,player,1,295.5,6.1,329.3,54.5,93.35,-0.87
268,6,player,1,230.2,5.0,266.6,53.4,74.06,-1.03
268,7,player,1,85.2,6.3,120.9,54.1,30.09,-0.84
268,8,player,1,19.6,5.0,52.1,53.9,9.68,-0.85
268,44,player,1,36.8,283.6,64.0,360.6,13.61,49.74
268,143,player,1,182.2,301.2,211.3,369.8,58.52,51.1
268,148,player,1,254.9,270.8,278.3,340.9,79.87,46.2
268,152,player,1,250.7,347.9,278.4,434.9,79.36,61.9
268,161,player,1,293.7,341.8,316.8,415.9,91.8,58.66
268,9,player,2,157.0,8.5,188.8,53.8,51.23,-0.92
268,10,player,1,295.5,6.1,329.2,54.4,93.34,-0.89
269,6,player,1,230.4,4.9,266.5,53.0,74.08,-1.09
269,7,player,1,85.2,6.2,120.8,54.0,30.07,-0.86
269,8,player,1,19.8,5.0,52.2,53.8,9.74,-0.86
269,9,player,2,157.0,8.4,188.7,53.8,51.22,-0.93
269,10,player,1,295.5,6.1,329.2,54.3,93.35,-0.9
270,6,player,1,230.6,4.9,266.6,52.8,74.11,-1.13
270,7,player,1,85.2,6.2,120.9,54.0,30.09,-0.87
270,8,player,1,19.8,4.9,52.3,53.8,9.74,-0.86
270,9,player,2,157.1,8.4,188.9,53.7,51.26,-0.93
270,10,player,1,295.6,6.1,329.1,53.9,93.35,-0.97
270,176,player,1,213.1,135.5,360.0,257.2,85.85,32.31
270,177,player,1,321.9,84.1,354.5,142.2,101.32,13.38
270,178,player,1,100.1,87.4,108.4,112.5,30.4,8.69
270,179,player,1,243.2,79.8,263.2,113.0,75.57,8.67
271,6,player,1,230.6,4.9,266.6,52.7,74.11,-1.13
271,7,player,1,85.2,6.3,120.8,54.0,30.07,-0.87
271,8,player,1,19.8,4.9,52.3,53.9,9.76,-0.85
271,9,player,2,157.0,8.4,188.8,53.7,51.25,-0.94
271,10,player,1,295.6,6.1,329.2,54.0,93.36,-0.96
271,176,player,1,213.2,137.0,360.0,259.7,85.87,32.72
271,177,player,1,321.8,84.4,354.5,142.6,101.3,13.45
271,178,player,1,102.2,88.0,110.3,112.7,31.0,8.71
271,179,player,1,243.9,79.9,263.9,113.0,75.77,8.67
272,6,player,1,230.6,4.9,266.6,52.7,74.13,-1.13
272,7,player,1,85.3,6.2,120.8,53.9,30.08,-0.87
272,8,player,1,19.8,4.9,52.3,53.9,9.76,-0.85
272,9,player,2,157.1,8.4,188.9,53.7,51.26,-0.94
272,176,player,1,213.8,137.4,360.0,260.4,85.96,32.84
272,177,player,1,322.0,84.5,355.6,144.2,101.5,13.71
272,178,player,1,103.0,87.4,111.5,112.8,31.3,8.72
272,179,player,1,245.4,80.0,265.5,113.1,76.24,8.69
273,6,player,1,230.7,4.9,266.6,52.7,74.13,-1.14
273,7,player,1,85.2,6.3,120.7,53.9,30.06,-0.88
273,8,player,1,19.8,4.9,52.3,53.9,9.75,-0.85
273,9,player,2,157.0,8.5,188.7,53.7,51.23,-0.95
273,176,player,1,215.6,137.7,360.0,261.4,86.24,33.01
273,177,player,1,321.0,84.3,355.3,144.9,101.3,13.83
273,178,player,1,103.9,85.7,113.0,112.9,31.67,8.75
273,10,player,1,295.6,6.1,329.1,54.0,93.35,-0.95
274,6,player,1,230.7,4.9,266.7,52.7,74.15,-1.14
274,7,player,1,85.2,6.3,120.6,53.8,30.05,-0.89
274,8,player,1,19.9,4.9,52.3,53.8,9.78,-0.87
274,9,player,2,157.0,8.5,188.7,53.7,51.22,-0.95
274,176,player,1,217.9,139.1,360.0,261.1,86.58,32.95
274,177,player,1,319.2,84.2,355.7,148.8,101.09,14.47
274,178,player,1,105.3,85.7,114.4,113.0,32.1,8.76
274,179,player,1,247.2,79.6,267.7,113.5,76.85,8.75
274,10,player,1,295.6,6.1,329.1,53.7,93.35,-1.0
275,6,player,1,230.7,4.9,266.6,52.7,74.14,-1.14
275,7,player,1,85.2,6.3,120.6,53.8,30.04,-0.89
275,8,player,1,19.9,4.9,52.3,53.7,9.77,-0.88
275,9,player,2,157.3,8.5,189.0,53.7,51.31,-0.94
275,176,player,1,222.2,144.0,360.0,261.2,87.25,32.97
275,177,player,1,317.0,84.3,354.5,150.8,100.59,14.79
275,178,player,1,107.3,86.2,116.2,113.0,32.68,8.76
275,179,player,1,248.9,82.2,267.3,113.1,77.05,8.69
275,10,player,1,295.7,6.1,329.0,53.6,93.35,-1.03
276,6,player,1,230.8,4.9,266.7,52.7,74.15,-1.14
276,7,player,1,85.3,6.2,120.7,53.8,30.06,-0.89
276,8,player,1,19.9,4.9,52.2,53.7,9.76,-0.87
276,9,player,2,157.3,8.5,189.1,53.6,51.33,-0.96
276,176,player,1,219.8,144.4,359.2,261.4,86.75,33.01
276,177,player,1,315.0,84.3,353.6,152.9,100.16,15.13
276,178,player,1,108.5,86.2,117.5,113.3,33.05,8.81
276,10,player,1,295.6,6.1,329.1,53.6,93.34,-1.02
277,6,player,1,230.7,4.9,266.6,52.7,74.14,-1.14
277,7,player,1,85.3,6.2,120.7,53.9,30.07,-0.88
277,8,player,1,19.8,4.9,52.3,53.9,9.75,-0.84
277,9,player,2,157.3,8.6,189.1,53.5,51.33,-0.97
277,176,player,1,215.5,146.2,351.8,260.8,84.98,32.91
277,177,player,1,313.9,84.4,353.1,154.1,99.92,15.34
277,178,player,1,109.6,86.0,118.8,113.7,33.41,8.87
277,179,player,1,249.3,78.2,270.0,113.3,77.51,8.73
277,10,player,1,295.6,6.1,329.2,53.7,93.36,-1.01
277,193,player,,280.1,57.5,286.7,75.5,84.65,2.55
278,6,player,1,230.7,4.9,266.7,52.8,74.15,-1.12
278,7,player,1,85.3,6.3,120.7,53.8,30.06,-0.89
278,9,player,2,157.2,8.6,189.0,53.6,51.3,-0.96
278,176,player,1,214.3,146.8,349.2,260.7,84.39,32.89
278,177,player,1,314.1,84.5,353.3,154.5,99.99,15.4
278,178,player,1,111.4,87.0,120.4,113.8,33.94,8.89
278,10,player,1,295.5,6.1,329.2,53.8,93.36,-0.99
278,193,player,,281.8,58.9,287.8,75.3,85.06,2.51
279,6,player,1,230.7,4.9,266.7,52.9,74.15,-1.11
279,7,player,1,85.2,6.3,120.6,53.9,30.04,-0.88
279,9,player,2,157.1,8.5,188.9,53.5,51.28,-0.97
279,176,player,1,200.3,149.4,329.6,260.2,79.29,32.83
279,177,player,1,312.1,84.3,351.2,154.2,99.36,15.35
279,178,player,1,111.3,83.7,121.3,113.9,34.05,8.9
279,179,player,1,250.6,76.4,272.4,113.8,78.08,8.81
279,10,player,1,295.5,6.1,329.2,53.9,93.35,-0.98
279,193,player,,283.3,59.2,289.2,75.4,85.51,2.53
279,8,player,1,19.7,5.0,52.2,54.0,9.72,-0.82
280,6,player,1,230.7,4.9,266.6,52.8,74.14,-1.11
280,7,player,1,85.2,6.3,120.6,53.9,30.04,-0.88
280,9,player,2,157.0,8.5,188.9,53.6,51.26,-0.95
280,176,player,1,191.6,150.3,319.0,260.6,76.35,32.9
280,177,player,1,309.9,84.1,348.8,153.9,98.66,15.3
280,178,player,1,112.6,82.8,123.0,114.1,34.52,8.93
280,179,player,1,250.7,75.9,273.0,114.3,78.18,8.88
280,10,player,1,295.5,6.1,329.3,53.9,93.35,-0.97
280,193,player,,285.0,60.4,290.5,75.3,85.95,2.52
280,8,player,1,19.7,5.0,52.2,53.9,9.71,-0.84
281,6,player,1,230.5,4.9,266.5,53.0,74.09,-1.09
281,7,player,1,85.2,6.3,120.6,53.9,30.04,-0.88
281,9,player,2,157.2,8.5,189.2,53.7,51.32,-0.94
281,176,player,1,187.7,151.0,313.6,260.8,74.93,32.93
281,177,player,1,308.5,84.1,347.2,154.0,98.21,15.32
281,178,player,1,114.0,82.7,124.4,114.2,34.93,8.95
281,179,player,1,251.2,75.9,273.7,114.5,78.36,8.92
281,10,player,1,295.4,6.0,329.2,53.8,93.32,-0.99
281,193,player,,286.2,58.4,292.4,75.5,86.44,2.54
281,8,player,1,19.6,5.0,52.2,54.0,9.71,-0.83
282,6,player,1,230.6,4.9,266.6,53.0,74.11,-1.09
282,7,player,1,85.3,6.3,120.6,53.9,30.04,-0.88
282,9,player,2,157.1,8.5,189.1,53.7,51.31,-0.94
282,176,player,1,184.7,151.2,310.4,261.2,73.99,33.01
282,177,player,1,306.5,84.2,344.9,153.9,97.56,15.3
282,178,player,1,115.5,82.4,126.1,114.2,35.42,8.96
282,179,player,1,251.5,75.0,275.5,115.8,78.69,9.13
282,10,player,1,295.4,6.1,329.2,53.8,93.33,-0.99
282,193,player,,288.0,60.0,293.6,75.3,86.88,2.51
282,8,player,1,19.7,5.0,52.3,54.1,9.73,-0.81
283,6,player,1,230.3,5.0,266.4,53.1,74.04,-1.08
283,7,player,1,85.4,6.3,120.6,53.8,30.07,-0.89
283,9,player,2,157.0,8.5,189.0,53.7,51.28,-0.94
283,176,player,1,181.3,150.0,308.4,261.4,73.16,33.04
283,177,player,1,305.5,84.2,343.5,153.2,97.2,15.2
283,178,player,1,116.9,82.5,127.2,114.1,35.8,8.93
283,179,player,1,251.9,74.6,276.7,116.5,78.93,9.25
283,8,player,1,19.5,5.0,52.4,54.4,9.72,-0.76
284,6,player,1,230.0,4.9,266.3,53.2,74.0,-1.06
284,7,player,1,85.5,6.3,120.8,53.8,30.11,-0.89
284,9,player,2,157.0,8.5,188.9,53.7,51.25,-0.94
284,176,player,1,181.2,149.5,308.8,261.5,73.2,33.07
284,177,player,1,306.0,84.2,343.9,153.0,97.33,15.15
284,178,player,1,118.8,83.9,128.6,114.1,36.3,8.93
284,179,player,1,252.7,74.5,277.8,116.8,79.21,9.28
284,8,player,1,19.7,5.0,52.4,54.1,9.74,-0.81
285,6,player,1,230.3,4.9,266.5,53.1,74.06,-1.07
285,7,player,1,85.4,6.3,120.8,53.8,30.09,-0.88
285,9,player,2,156.9,8.5,188.9,53.7,51.24,-0.94
285,176,player,1,179.6,150.0,306.2,261.2,72.57,33.01
285,177,player,1,306.3,83.5,345.3,154.3,97.59,15.38
285,179,player,1,253.6,73.6,279.5,117.3,79.61,9.37
285,8,player,1,19.8,5.0,52.3,54.0,9.76,-0.83
285,10,player,1,295.4,6.1,329.2,53.9,93.33,-0.97
285,193,player,,292.7,60.0,298.2,75.0,88.29,2.46
286,6,player,1,230.2,5.0,266.5,53.1,74.04,-1.07
286,7,player,1,85.4,6.3,120.8,53.8,30.1,-0.89
286,9,player,2,156.9,8.5,188.9,53.7,51.24,-0.94
286,176,player,1,177.7,149.7,302.0,258.4,71.63,32.56
286,177,player,1,305.5,83.0,345.6,155.3,97.51,15.54
286,179,player,1,254.1,73.4,280.4,117.5,79.82,9.41
286,8,player,1,19.8,5.0,52.4,54.0,9.77,-0.83
286,10,player,1,295.3,6.1,329.2,53.9,93.33,-0.97
286,178,player,1,121.6,85.1,131.0,113.9,37.09,8.89
287,6,player,1,230.4,4.9,266.6,53.1,74.08,-1.08
287,7,player,1,85.5,6.3,120.9,53.8,30.14,-0.89
287,9,player,2,156.9,8.5,188.8,53.7,51.24,-0.94
287,177,player,1,302.5,82.7,344.9,157.9,96.96,15.96
287,179,player,1,257.4,73.3,283.9,117.6,80.84,9.42
287,8,player,1,19.8,5.0,52.4,53.9,9.77,-0.84
287,193,player,,295.6,61.2,300.7,75.0,89.09,2.46
288,6,player,1,230.5,4.9,266.6,53.0,74.1,-1.08
288,7,player,1,85.4,6.3,120.9,53.9,30.12,-0.88
288,9,player,2,157.0,8.4,188.9,53.7,51.24,-0.94
288,176,player,1,154.3,152.0,274.7,258.9,63.92,32.65
288,177,player,1,299.7,82.7,343.8,159.5,96.36,16.23
288,179,player,1,258.5,72.7,285.1,117.9,81.19,9.46
288,8,player,1,19.9,5.0,52.4,53.9,9.77,-0.85
288,193,player,,296.6,61.5,301.6,75.2,89.37,2.48
288,178,player,1,123.5,83.8,133.4,114.3,37.73,8.95
289,6,player,1,230.5,4.9,266.7,53.0,74.12,-1.09
289,7,player,1,85.3,6.3,120.8,53.8,30.08,-0.89
289,9,player,2,156.9,8.4,188.8,53.7,51.23,-0.94
289,176,player,1,151.6,154.0,270.5,259.3,62.87,32.73
289,177,player,1,296.3,82.4,343.3,163.0,95.8,16.8
289,179,player,1,259.4,72.6,285.9,117.9,81.46,9.47
289,8,player,1,19.9,5.0,52.4,53.9,9.77,-0.85
289,178,player,1,124.5,83.4,134.6,114.5,38.08,8.98
290,6,player,1,230.5,4.9,266.6,53.0,74.11,-1.08
290,7,player,1,85.3,6.3,120.7,53.8,30.08,-0.89
290,9,player,2,157.0,8.5,188.8,53.7,51.25,-0.93
290,176,player,1,143.3,153.1,262.7,259.0,60.39,32.69
290,177,player,1,293.4,82.4,342.0,164.6,95.15,17.06
290,179,player,1,259.8,72.1,286.3,118.0,81.58,9.48
290,8,player,1,19.8,5.0,52.3,53.9,9.76,-0.85
290,178,player,1,125.8,82.7,136.2,114.7,38.52,9.02
290,193,player,,299.5,61.7,304.4,75.3,90.24,2.5
291,6,player,1,230.5,4.9,266.6,53.1,74.11,-1.07
291,7,player,1,85.4,6.3,120.9,53.8,30.11,-0.89
291,9,player,2,157.0,8.5,188.9,53.8,51.25,-0.93
291,176,player,1,139.7,152.7,259.9,259.3,59.44,32.73
291,177,player,1,293.3,82.8,342.8,165.2,95.26,17.16
291,179,player,1,261.3,72.3,287.4,118.0,81.97,9.48
291,8,player,1,20.5,5.0,53.7,54.6,10.06,-0.73
291,178,player,1,127.8,84.2,137.7,114.6,39.06,9.0
292,6,player,1,230.1,4.9,266.3,53.1,73.99,-1.07
292,7,player,1,85.4,6.3,120.9,53.8,30.12,-0.89
292,9,player,2,157.0,8.5,188.8,53.7,51.24,-0.93
292,176,player,1,130.7,152.3,251.5,259.8,56.79,32.83
292,177,player,1,293.6,83.2,344.2,166.5,95.52,17.38
292,179,player,1,264.4,73.1,289.7,117.9,82.78,9.45
292,8,player,1,20.0,5.0,53.0,54.3,9.89,-0.78
292,178,player,1,131.0,83.2,141.2,114.6,40.06,9.01
292,10,player,1,295.4,6.1,329.3,54.0,93.35,-0.95
293,6,player,1,230.4,4.9,266.6,53.0,74.08,-1.08
293,7,player,1,85.3,6.3,120.8,53.8,30.09,-0.89
293,9,player,2,157.0,8.6,188.7,53.7,51.23,-0.93
293,176,player,1,125.1,153.2,245.2,260.2,54.97,32.9
293,177,player,1,293.5,83.9,345.1,167.9,95.64,17.6
293,179,player,1,265.4,72.9,291.0,117.8,83.14,9.44
293,8,player,1,19.9,5.0,52.6,54.0,9.82,-0.83
293,10,player,1,295.4,6.1,329.3,54.1,93.35,-0.94
294,6,player,1,230.5,4.9,266.6,53.1,74.1,-1.08
294,7,player,1,85.2,6.3,120.7,53.8,30.05,-0.89
294,9,player,2,157.0,8.6,188.7,53.7,51.22,-0.94
294,176,player,1,124.0,155.3,242.0,259.4,54.3,32.78
294,177,player,1,293.1,84.4,345.0,168.5,95.57,17.7
294,179,player,1,268.6,73.3,294.2,117.9,84.1,9.45
294,8,player,1,19.8,5.0,52.5,54.0,9.78,-0.83
295,6,player,1,230.4,4.9,266.6,53.1,74.09,-1.08
295,7,player,1,85.2,6.3,120.6,53.8,30.05,-0.89
295,9,player,2,157.0,8.6,188.7,53.7,51.21,-0.94
295,176,player,1,121.8,158.0,238.6,258.5,53.45,32.63
295,177,player,1,293.0,85.4,344.5,168.6,95.47,17.72
295,179,player,1,272.2,73.1,298.2,118.0,85.25,9.47
295,8,player,1,19.8,5.0,52.4,53.9,9.78,-0.85
296,6,player,1,230.4,4.9,266.6,53.2,74.09,-1.06
296,7,player,1,85.2,6.3,120.6,53.9,30.04,-0.88
296,9,player,2,156.9,8.6,188.6,53.7,51.2,-0.94
296,176,player,1,123.5,158.8,241.9,258.3,54.21,32.59
296,177,player,1,295.9,86.8,346.6,168.6,96.25,17.71
296,179,player,1,276.4,73.0,302.8,118.1,86.57,9.49
296,8,player,1,19.8,5.0,52.4,53.7,9.77,-0.88
296,10,player,1,295.4,6.1,329.2,53.8,93.33,-0.98
297,6,player,1,230.5,4.9,266.6,53.1,74.1,-1.07
297,7,player,1,85.2,6.3,120.6,53.9,30.04,-0.88
297,9,player,2,156.9,8.6,188.6,53.7,51.19,-0.94
297,176,player,1,125.2,161.0,244.6,258.7,54.88,32.65
297,177,player,1,290.0,79.0,345.9,168.9,95.23,17.76
297,8,player,1,19.9,5.0,52.4,53.5,9.78,-0.9
297,10,player,1,295.5,6.1,329.3,53.7,93.35,-1.0
298,6,player,1,230.5,4.9,266.7,53.2,74.12,-1.06
298,7,player,1,85.1,6.3,120.7,54.1,30.04,-0.84
298,9,player,2,156.9,8.6,188.6,53.7,51.19,-0.94
298,176,player,1,124.1,163.6,243.3,257.6,54.53,32.47
298,177,player,1,285.7,74.4,345.1,169.6,94.48,17.89
298,8,player,1,19.9,5.0,52.4,53.6,9.77,-0.9
298,10,player,1,295.6,6.1,329.4,53.6,93.38,-1.03
299,6,player,1,230.6,4.9,266.7,53.2,74.13,-1.05
299,7,player,1,85.2,6.3,120.6,54.0,30.04,-0.86
299,9,player,2,156.9,8.6,188.5,53.6,51.19,-0.95
299,176,player,1,119.6,167.1,246.5,264.4,54.32,33.59
299,177,player,1,284.6,72.4,344.4,169.1,94.19,17.8
299,8,player,1,19.9,5.1,52.4,53.6,9.78,-0.9
299,10,player,1,295.5,6.1,329.3,53.6,93.35,-1.02
299,214,player,1,158.3,91.9,170.9,114.2,48.73,8.92
300,6,player,1,230.6,4.9,266.8,53.3,74.14,-1.04
300,7,player,1,85.2,6.3,120.6,53.9,30.04,-0.87
300,9,player,2,156.9,8.6,188.5,53.7,51.19,-0.95
300,176,player,1,113.9,171.5,245.8,270.2,53.34,34.56
300,177,player,1,283.0,71.4,342.3,169.2,93.65,17.82
300,8,player,1,20.0,5.1,52.5,53.4,9.8,-0.92
300,10,player,1,295.5,6.1,329.3,53.6,93.36,-1.03
300,214,player,1,159.7,91.9,172.3,114.3,49.15,8.94
301,6,player,1,230.6,4.9,266.8,53.3,74.14,-1.03
301,7,player,1,85.3,6.3,120.5,53.9,30.04,-0.88
301,9,player,2,156.9,8.5,188.5,53.7,51.19,-0.94
301,176,player,1,109.1,175.6,240.4,270.6,51.79,34.64
301,177,player,1,284.9,72.0,342.7,169.1,93.98,17.8
301,8,player,1,20.0,5.1,52.5,53.5,9.82,-0.92
301,10,player,1,295.5,6.1,329.3,53.6,93.36,-1.02
301,214,player,1,161.0,92.0,173.5,114.2,49.52,8.91
302,6,player,1,230.6,4.9,266.7,53.3,74.13,-1.03
302,7,player,1,85.3,6.3,120.5,53.9,30.03,-0.87
302,9,player,2,156.9,8.5,188.5,53.7,51.18,-0.94
302,176,player,1,106.5,177.0,239.1,270.6,51.19,34.63
302,177,player,1,286.4,72.2,342.7,168.6,94.22,17.71
302,8,player,1,20.0,5.1,52.5,53.4,9.81,-0.93
302,10,player,1,295.5,6.1,329.4,53.7,93.36,-1.01
302,214,player,1,162.2,92.3,174.7,114.1,49.89,8.91
303,6,player,1,230.5,4.9,266.7,53.4,74.11,-1.03
303,7,player,1,85.3,6.3,120.5,53.9,30.03,-0.88
303,9,player,2,156.9,8.5,188.5,53.7,51.19,-0.94
303,176,player,1,101.5,178.0,234.7,269.3,49.75,34.43
303,177,player,1,286.1,72.3,342.3,169.9,94.1,17.93
303,8,player,1,20.0,5.1,52.5,53.2,9.81,-0.95
303,10,player,1,295.6,6.1,329.3,53.5,93.38,-1.03
303,214,player,1,163.0,91.8,175.7,114.2,50.15,8.92
304,6,player,1,230.5,4.9,266.6,53.3,74.11,-1.04
304,7,player,1,85.3,6.3,120.5,53.8,30.04,-0.89
304,9,player,2,157.0,8.5,188.5,53.7,51.19,-0.94
304,176,player,1,92.1,178.0,228.8,269.8,47.42,34.52
304,177,player,1,283.9,71.9,341.0,172.9,93.59,18.42
304,8,player,1,19.9,5.1,52.5,53.4,9.8,-0.93
304,10,player,1,295.5,6.1,329.4,53.6,93.38,-1.03
304,214,player,1,163.2,89.3,177.5,114.4,50.47,8.95
305,6,player,1,229.5,4.9,265.9,53.4,73.84,-1.03
305,7,player,1,85.3,6.3,120.5,53.8,30.03,-0.89
305,9,player,2,157.0,8.5,188.5,53.7,51.2,-0.94
305,176,player,1,83.5,178.0,221.7,268.9,45.03,34.37
305,177,player,1,281.8,71.9,339.8,175.4,93.08,18.83
305,8,player,1,19.9,5.1,52.4,53.4,9.78,-0.92
305,10,player,1,295.4,6.1,329.3,53.7,93.35,-1.01
305,214,player,1,163.2,84.9,179.7,114.4,50.79,8.95
306,6,player,1,230.0,4.9,266.3,53.2,73.99,-1.05
306,7,player,1,85.3,6.3,120.4,53.8,30.03,-0.9
306,9,player,2,157.0,8.5,188.5,53.7,51.2,-0.94
306,176,player,1,74.2,178.5,215.7,270.0,42.68,34.56
306,177,player,1,279.6,80.1,334.3,178.0,91.92,19.26
306,8,player,1,20.0,5.0,52.5,53.3,9.81,-0.94
306,10,player,1,295.5,6.1,329.3,53.5,93.36,-1.03
306,214,player,1,165.0,88.6,179.6,114.6,51.05,8.97
306,179,player,1,293.7,71.5,319.5,116.6,91.72,9.23
307,6,player,1,230.4,4.9,266.6,53.2,74.08,-1.05
307,7,player,1,85.3,6.3,120.4,53.8,30.02,-0.89
307,9,player,2,157.0,8.5,188.6,53.7,51.2,-0.94
307,176,player,1,73.6,179.9,211.9,268.3,42.03,34.29
307,177,player,1,269.8,82.6,321.7,179.5,88.54,19.53
307,8,player,1,20.0,5.0,52.6,53.4,9.82,-0.93
307,10,player,1,295.5,6.1,329.2,53.4,93.35,-1.05
307,179,player,1,294.7,71.5,320.3,117.2,91.99,9.32
308,6,player,1,230.5,4.9,266.7,53.2,74.12,-1.06
308,7,player,1,85.2,6.3,120.4,53.8,30.01,-0.9
308,9,player,2,157.1,8.5,188.6,53.7,51.22,-0.94
308,176,player,1,56.1,175.9,205.3,270.7,38.33,34.69
308,177,player,1,264.4,84.4,313.7,180.8,86.52,19.75
308,8,player,1,19.9,5.0,52.6,53.5,9.82,-0.91
308,10,player,1,295.4,6.1,329.2,53.5,93.34,-1.04
308,179,player,1,294.8,68.7,321.7,117.9,92.23,9.44
308,214,player,1,166.8,89.8,181.0,114.8,51.53,9.02
309,6,player,1,230.6,4.9,266.7,53.3,74.13,-1.05
309,7,player,1,85.1,6.3,120.4,53.9,30.0,-0.88
309,9,player,2,157.1,8.5,188.5,53.7,51.21,-0.95
309,176,player,1,44.9,175.2,199.8,272.2,35.78,34.95
309,177,player,1,269.9,84.7,319.5,181.3,88.22,19.82
309,8,player,1,19.8,5.0,52.5,53.5,9.78,-0.91
309,10,player,1,295.4,6.1,329.2,53.5,93.34,-1.03
309,179,player,1,297.4,70.4,322.7,117.7,92.77,9.41
309,214,player,1,167.3,89.6,181.7,115.0,51.73,9.05
310,6,player,1,230.5,4.9,266.7,53.3,74.12,-1.05
310,7,player,1,85.0,6.3,120.4,54.0,29.97,-0.87
310,9,player,2,157.1,8.6,188.5,53.7,51.2,-0.94
310,177,player,1,262.9,86.1,310.0,181.5,85.71,19.85
310,8,player,1,19.8,5.0,52.4,53.5,9.76,-0.92
310,10,player,1,295.4,6.1,329.2,53.5,93.32,-1.03
310,214,player,1,168.5,90.0,182.7,115.0,52.05,9.04
311,6,player,1,230.6,4.9,266.7,53.2,74.13,-1.05
311,7,player,1,84.9,6.3,120.4,54.0,29.96,-0.86
311,9,player,2,157.1,8.5,188.5,53.7,51.21,-0.95
311,177,player,1,267.7,87.1,314.5,181.7,87.13,19.89
311,8,player,1,19.8,5.0,52.3,53.4,9.75,-0.93
311,10,player,1,295.4,6.1,329.2,53.5,93.33,-1.03
311,214,player,1,169.1,89.8,183.5,115.0,52.28,9.05
311,179,player,1,300.5,70.8,325.0,117.7,93.57,9.41
312,6,player,1,230.6,4.9,266.6,53.2,74.12,-1.05
312,7,player,1,85.0,6.3,120.5,54.0,29.99,-0.86
312,9,player,2,157.0,8.5,188.6,53.7,51.21,-0.94
312,177,player,1,266.3,87.7,312.9,181.9,86.68,19.91
312,8,player,1,19.8,5.0,52.3,53.4,9.75,-0.93
312,10,player,1,295.4,6.1,329.2,53.5,93.33,-1.04
312,214,player,1,169.6,87.2,185.5,115.2,52.63,9.08
312,179,player,1,301.2,70.7,325.4,117.9,93.74,9.44
313,6,player,1,230.6,4.9,266.6,53.1,74.12,-1.07
313,7,player,1,85.0,6.3,120.5,54.1,30.0,-0.85
313,9,player,2,157.1,8.5,188.6,53.7,51.23,-0.94
313,177,player,1,266.8,88.3,313.0,181.9,86.75,19.91
313,8,player,1,19.8,5.0,52.4,53.5,9.77,-0.92
313,10,player,1,295.4,6.1,329.1,53.4,93.32,-1.06
313,214,player,1,171.1,88.9,186.0,115.2,52.95,9.07
313,179,player,1,302.1,70.6,326.0,117.8,93.96,9.42
314,6,player,1,230.6,4.9,266.6,53.2,74.11,-1.06
314,7,player,1,85.1,6.3,120.6,54.1,30.02,-0.84
314,9,player,2,157.1,8.5,188.5,53.7,51.21,-0.94
314,177,player,1,264.1,88.0,310.3,181.9,85.95,19.91
314,8,player,1,19.8,5.0,52.3,53.4,9.75,-0.93
314,10,player,1,295.4,6.1,329.2,53.5,93.33,-1.04
314,214,player,1,171.9,89.2,186.7,115.3,53.18,9.09
314,179,player,1,302.9,71.4,326.4,117.9,94.15,9.44
315,6,player,1,230.6,4.9,266.6,53.2,74.11,-1.05
315,7,player,1,84.7,6.3,120.5,54.5,29.95,-0.78
315,9,player,2,157.1,8.5,188.6,53.7,51.22,-0.94
315,177,player,1,263.9,88.1,309.9,182.1,85.85,19.95
315,8,player,1,19.7,5.0,52.3,53.5,9.74,-0.92
315,10,player,1,295.4,6.1,329.3,53.5,93.34,-1.04
315,214,player,1,172.8,88.7,188.0,115.5,53.51,9.13
315,179,player,1,303.7,71.8,327.0,118.1,94.37,9.47
316,6,player,1,230.6,4.9,266.6,53.2,74.12,-1.05
316,7,player,1,85.0,6.3,120.5,54.2,29.99,-0.83
316,9,player,2,157.0,8.5,188.5,53.7,51.2,-0.94
316,177,player,1,261.2,88.3,306.4,182.2,84.91,19.97
316,8,player,1,19.7,5.0,52.3,53.5,9.74,-0.91
316,10,player,1,295.4,6.1,329.3,53.5,93.33,-1.04
316,214,player,1,173.8,88.9,189.1,115.7,53.84,9.16
316,179,player,1,304.7,72.0,327.8,118.2,94.63,9.49
317,6,player,1,230.6,4.9,266.6,53.3,74.12,-1.03
317,7,player,1,85.1,6.3,120.5,54.1,30.0,-0.84
317,9,player,2,157.1,8.5,188.6,53.7,51.22,-0.93
317,177,player,1,256.8,88.2,301.1,182.0,83.45,19.94
317,8,player,1,19.8,5.0,52.3,53.5,9.75,-0.92
317,10,player,1,295.4,6.1,329.3,53.6,93.34,-1.02
317,179,player,1,305.0,72.1,328.4,118.7,94.78,9.56
318,6,player,1,230.6,4.9,266.7,53.4,74.13,-1.03
318,7,player,1,84.9,6.3,120.5,54.3,29.98,-0.81
318,9,player,2,157.2,8.6,188.7,53.7,51.25,-0.94
318,177,player,1,256.3,88.3,299.8,181.9,83.18,19.92
318,8,player,1,19.8,5.0,52.4,53.5,9.76,-0.91
318,10,player,1,295.4,6.1,329.2,53.5,93.34,-1.04
318,179,player,1,305.6,72.3,329.2,119.2,94.99,9.64
318,214,player,1,175.1,88.0,191.0,115.7,54.3,9.16
319,6,player,1,230.6,4.9,266.6,53.3,74.11,-1.03
319,7,player,1,85.0,6.3,120.7,54.5,30.01,-0.78
319,9,player,2,157.1,8.5,188.6,53.7,51.23,-0.94
319,177,player,1,254.3,88.2,297.5,181.7,82.52,19.9
319,8,player,1,19.8,5.0,52.4,53.5,9.76,-0.91
319,10,player,1,295.4,6.1,329.3,53.4,93.34,-1.05
319,179,player,1,306.7,72.2,330.4,119.6,95.33,9.71
320,6,player,1,230.6,4.8,266.6,53.2,74.12,-1.06
320,7,player,1,85.1,6.2,120.7,54.1,30.04,-0.84
320,9,player,1,157.4,8.5,189.1,53.8,51.35,-0.93
320,8,player,1,19.7,4.4,52.6,53.6,9.79,-0.9
320,179,player,1,307.1,68.8,331.8,117.8,95.6,9.42
321,6,player,1,230.6,4.8,266.6,53.1,74.13,-1.07
321,7,player,1,85.3,6.2,120.7,53.8,30.06,-0.89
321,9,player,1,157.5,8.5,189.3,53.7,51.4,-0.93
321,8,player,1,19.8,4.4,52.6,53.6,9.8,-0.89
321,179,player,1,311.6,72.1,334.1,117.3,96.62,9.33
321,177,player,1,256.0,89.8,299.7,183.0,83.12,20.11
322,6,player,1,230.6,4.8,266.7,53.1,74.13,-1.07
322,7,player,1,85.2,6.2,120.6,53.8,30.04,-0.89
322,8,player,1,19.8,4.1,52.7,53.6,9.82,-0.9
322,179,player,1,311.2,73.0,333.9,119.0,96.54,9.62
322,177,player,1,256.0,90.9,298.9,182.6,82.99,20.04
323,6,player,1,230.6,4.7,266.7,53.1,74.13,-1.07
323,7,player,1,85.1,6.2,120.6,53.9,30.01,-0.87
323,8,player,1,19.9,4.2,52.6,53.6,9.8,-0.89
323,179,player,1,313.4,75.6,334.5,118.8,96.96,9.57
323,177,player,1,256.5,91.4,300.4,183.5,83.28,20.19
324,6,player,1,230.4,4.8,266.6,53.1,74.08,-1.07
324,7,player,1,85.0,6.2,120.5,53.9,29.99,-0.87
324,8,player,1,19.9,4.0,52.6,53.6,9.81,-0.9
324,179,player,1,309.5,74.3,331.6,120.0,95.94,9.77
324,9,player,1,157.2,8.6,189.0,53.8,51.3,-0.92
325,6,player,1,230.3,4.8,266.5,53.1,74.07,-1.07
325,7,player,1,85.0,6.2,120.5,53.9,30.0,-0.88
325,8,player,1,19.9,3.9,52.6,53.5,9.81,-0.91
325,179,player,1,307.9,73.7,330.6,120.5,95.54,9.86
325,9,player,1,157.1,8.6,189.0,53.8,51.28,-0.92
325,10,player,1,295.1,6.0,329.1,53.7,93.27,-1.0
325,177,player,1,252.8,90.8,296.3,182.6,82.1,20.04
326,6,player,1,230.4,4.8,266.6,53.1,74.09,-1.07
326,7,player,1,85.0,6.2,120.6,54.0,30.0,-0.85
326,8,player,1,20.0,4.1,52.5,53.5,9.8,-0.91
326,9,player,1,157.1,8.6,189.0,53.9,51.29,-0.9
326,10,player,1,295.1,5.9,329.2,53.9,93.28,-0.98
327,6,player,1,230.4,4.8,266.6,53.0,74.1,-1.09
327,7,player,1,85.0,6.2,120.5,53.9,30.0,-0.87
327,8,player,1,20.1,3.9,52.5,53.3,9.82,-0.94
327,9,player,1,157.0,8.7,188.9,54.0,51.26,-0.9
327,10,player,1,295.1,5.9,329.1,53.7,93.27,-1.0
327,179,player,1,305.8,66.2,331.3,119.3,95.33,9.66
327,177,player,1,252.3,89.6,295.3,180.8,81.87,19.75
328,6,player,1,230.4,4.8,266.6,53.1,74.09,-1.08
328,7,player,1,85.0,6.2,120.5,53.9,30.0,-0.88
328,8,player,1,20.0,3.9,52.5,53.6,9.82,-0.89
328,9,player,1,156.9,8.7,188.9,54.0,51.24,-0.9
328,179,player,1,307.3,68.2,331.9,119.7,95.66,9.73
328,177,player,1,253.7,90.5,296.0,180.8,82.19,19.75
329,6,player,1,230.3,4.8,266.6,53.0,74.08,-1.08
329,7,player,1,85.0,6.2,120.5,53.8,29.99,-0.89
329,8,player,1,20.0,3.9,52.5,53.7,9.82,-0.88
329,9,player,1,156.9,8.6,188.8,53.9,51.23,-0.91
329,179,player,1,308.7,70.3,332.3,119.8,95.91,9.74
329,177,player,1,254.2,90.7,296.4,180.9,82.33,19.76
329,10,player,1,295.1,5.9,329.0,53.7,93.26,-1.0
330,6,player,1,230.3,4.8,266.6,53.0,74.08,-1.08
330,7,player,1,85.0,6.2,120.5,53.8,29.99,-0.89
330,8,player,1,20.1,3.9,52.5,53.6,9.82,-0.89
330,9,player,1,157.0,8.7,188.8,53.9,51.24,-0.9
330,179,player,1,306.6,66.5,331.5,119.1,95.48,9.63
330,177,player,1,253.2,89.8,295.5,180.5,82.04,19.7
330,10,player,1,295.2,5.9,329.0,53.6,93.27,-1.02
331,6,player,1,230.3,4.8,266.7,53.1,74.09,-1.07
331,7,player,1,85.0,6.2,120.5,53.8,29.99,-0.89
331,8,player,1,20.1,4.0,52.4,53.6,9.82,-0.9
331,9,player,1,157.0,8.6,188.8,53.8,51.23,-0.92
331,179,player,1,308.0,70.2,330.8,118.9,95.6,9.59
331,177,player,1,252.8,89.9,294.9,180.3,81.9,19.67
331,10,player,1,295.2,5.9,328.9,53.5,93.26,-1.03
331,238,player,1,25.8,187.1,77.6,257.6,14.18,32.61
332,6,player,1,230.3,4.8,266.6,53.1,74.07,-1.07
332,7,player,1,85.0,6.2,120.5,53.8,29.99,-0.89
332,8,player,1,20.1,4.0,52.4,53.7,9.82,-0.88
332,9,player,1,157.0,8.6,188.7,53.7,51.23,-0.93
332,179,player,1,308.0,72.9,330.1,119.9,95.49,9.75
332,177,player,1,252.9,91.5,294.8,181.4,81.88,19.85
332,10,player,1,295.2,5.9,328.9,53.6,93.25,-1.03
333,6,player,1,230.3,4.8,266.7,53.1,74.09,-1.07
333,7,player,1,85.1,6.2,120.5,53.6,30.0,-0.92
333,8,player,1,20.1,4.0,52.4,53.8,9.82,-0.86
333,9,player,1,157.0,8.6,188.7,53.8,51.22,-0.93
333,179,player,1,309.3,71.8,332.4,120.8,96.04,9.9
333,177,player,1,255.2,91.6,297.1,181.9,82.6,19.92
333,10,player,1,295.2,5.9,329.0,53.7,93.27,-1.01
334,6,player,1,230.3,4.8,266.7,53.1,74.09,-1.07
334,7,player,1,85.0,6.2,120.5,53.8,30.0,-0.89
334,8,player,1,20.1,4.0,52.4,53.9,9.83,-0.85
334,179,player,1,309.6,69.2,333.8,120.9,96.29,9.91
334,177,player,1,256.2,91.6,298.2,182.0,82.91,19.95
335,6,player,1,230.3,4.8,266.7,53.1,74.09,-1.08
335,7,player,1,85.0,6.2,120.6,53.9,30.01,-0.88
335,8,player,1,20.1,3.9,52.4,53.9,9.83,-0.85
335,179,player,1,309.9,68.4,334.0,119.9,96.36,9.75
335,177,player,1,256.6,90.6,298.4,180.9,83.01,19.76
335,238,player,1,25.7,170.5,90.0,258.3,16.06,32.7
335,9,player,1,156.9,8.7,188.7,53.9,51.21,-0.91
336,6,player,1,230.3,4.8,266.7,53.1,74.1,-1.07
336,7,player,1,85.1,6.2,120.6,53.7,30.02,-0.91
336,8,player,1,20.2,4.0,52.4,53.9,9.83,-0.84
336,179,player,1,310.5,69.5,333.6,118.7,96.4,9.57
336,177,player,1,256.8,90.4,298.5,180.3,83.04,19.67
337,6,player,1,230.4,4.8,266.7,53.1,74.1,-1.08
337,7,player,1,85.1,6.2,120.5,53.5,30.01,-0.94
337,8,player,1,20.2,4.0,52.4,53.9,9.82,-0.85
337,179,player,1,309.7,71.3,332.3,119.2,96.07,9.64
337,177,player,1,256.0,90.6,297.6,180.7,82.79,19.73
337,9,player,1,156.9,8.7,188.7,53.9,51.21,-0.9
338,6,player,1,230.4,4.8,266.8,53.1,74.1,-1.07
338,7,player,1,85.1,6.2,120.5,53.5,30.01,-0.95
338,8,player,1,20.2,4.0,52.3,53.8,9.82,-0.86
338,179,player,1,308.0,66.3,332.9,119.5,95.9,9.7
338,177,player,1,255.7,90.5,297.4,180.8,82.72,19.76
338,9,player,1,156.9,8.6,188.7,53.9,51.2,-0.91
339,6,player,1,230.4,4.8,266.8,53.1,74.11,-1.08
339,7,player,1,85.0,6.2,120.6,53.7,30.01,-0.92
339,8,player,1,20.2,4.0,52.3,53.8,9.82,-0.87
339,179,player,1,309.1,64.9,334.0,118.5,96.23,9.54
339,177,player,1,256.8,90.1,298.5,180.4,83.04,19.68
339,9,player,1,157.0,8.6,188.7,53.8,51.22,-0.92
339,10,player,1,295.2,5.9,328.9,53.7,93.26,-1.0
339,238,player,1,27.7,168.8,91.3,255.8,16.56,32.29
340,6,player,1,230.4,4.8,266.8,53.0,74.12,-1.08
340,7,player,1,85.1,6.2,120.6,53.6,30.02,-0.93
340,8,player,1,20.3,4.0,52.3,53.7,9.82,-0.87
340,179,player,1,310.0,67.2,333.7,118.3,96.32,9.5
340,177,player,1,257.2,89.6,299.0,180.4,83.19,19.68
340,9,player,1,157.0,8.6,188.7,53.8,51.23,-0.92
340,10,player,1,295.3,5.9,328.9,53.7,93.27,-1.01
341,6,player,1,230.4,4.8,266.8,53.1,74.11,-1.07
341,7,player,1,85.0,6.2,120.6,53.8,30.01,-0.9
341,8,player,1,20.3,4.0,52.2,53.7,9.82,-0.88
341,179,player,1,309.5,65.1,334.5,119.5,96.37,9.69
341,177,player,1,257.3,90.6,299.1,181.4,83.21,19.85
341,9,player,1,157.1,8.6,188.7,53.8,51.23,-0.93
341,238,player,1,32.3,170.3,93.8,255.4,17.64,32.22
342,6,player,1,230.3,4.8,266.8,53.2,74.1,-1.06
342,7,player,1,85.0,6.2,120.6,53.8,30.01,-0.88
342,8,player,1,20.3,4.0,52.2,53.7,9.82,-0.88
342,179,player,1,309.4,64.4,334.7,119.9,96.39,9.76
342,177,player,1,257.4,91.0,299.1,181.8,83.22,19.91
342,9,player,1,157.1,8.6,188.7,53.7,51.24,-0.93
342,238,player,1,33.4,170.6,93.9,255.5,17.83,32.23
343,6,player,1,230.4,4.8,266.8,53.2,74.12,-1.06
343,7,player,1,84.9,6.2,120.6,53.9,30.01,-0.88
343,8,player,1,20.3,4.0,52.2,53.7,9.82,-0.87
343,179,player,1,308.1,68.5,331.6,120.1,95.74,9.79
343,177,player,1,254.9,91.2,296.8,182.3,82.51,19.99
343,9,player,1,157.0,8.6,188.6,53.8,51.22,-0.93
344,6,player,1,230.4,4.8,266.8,53.2,74.12,-1.06
344,7,player,1,84.9,6.2,120.7,53.9,30.01,-0.88
344,8,player,1,20.3,4.0,52.2,53.7,9.82,-0.87
344,179,player,1,307.9,71.0,330.3,120.2,95.5,9.8
344,177,player,1,254.1,91.4,295.8,182.3,82.23,20.0
344,9,player,1,157.0,8.6,188.6,53.8,51.21,-0.92
345,6,player,1,230.5,4.8,266.8,53.1,74.12,-1.07
345,7,player,1,84.9,6.2,120.6,53.8,29.99,-0.9
345,8,player,1,20.4,4.2,52.1,53.6,9.81,-0.89
345,179,player,1,306.7,67.0,330.4,119.1,95.34,9.62
345,177,player,1,253.7,90.3,295.5,181.3,82.13,19.83
345,9,player,1,157.0,8.6,188.6,53.8,51.22,-0.93
346,6,player,1,230.4,4.8,266.8,53.1,74.12,-1.07
346,7,player,1,84.9,6.2,120.6,53.7,29.98,-0.9
346,8,player,1,20.4,4.3,52.1,53.6,9.81,-0.89
346,179,player,1,306.8,68.2,329.8,118.6,95.26,9.55
346,177,player,1,253.6,89.8,294.8,179.4,82.0,19.52
346,9,player,1,157.0,8.6,188.6,53.8,51.22,-0.93
347,6,player,1,230.4,4.8,266.8,53.1,74.12,-1.07
347,7,player,1,84.9,6.2,120.6,53.8,30.0,-0.9
347,8,player,1,20.3,4.1,52.2,53.6,9.82,-0.89
347,179,player,1,306.9,64.5,331.7,119.3,95.56,9.66
347,177,player,1,254.7,90.2,296.2,180.7,82.38,19.72
347,9,player,1,157.0,8.6,188.6,53.8,51.2,-0.92
348,6,player,1,230.4,4.8,266.8,53.1,74.12,-1.07
348,7,player,1,85.0,6.2,120.6,53.7,30.0,-0.91
348,8,player,1,20.4,4.3,52.1,53.6,9.81,-0.89
348,179,player,1,306.7,61.2,332.6,119.2,95.67,9.65
348,177,player,1,255.6,90.7,297.2,181.0,82.66,19.78
348,9,player,1,156.9,8.6,188.5,53.8,51.19,-0.93
349,6,player,1,230.5,4.8,266.8,53.1,74.12,-1.08
349,7,player,1,84.8,6.2,120.7,54.0,30.0,-0.87
349,8,player,1,20.4,4.1,52.1,53.5,9.81,-0.91
349,179,player,1,306.9,65.2,330.7,118.5,95.41,9.54
349,177,player,1,253.5,90.1,295.5,181.1,82.09,19.79
349,9,player,1,157.0,8.6,188.6,53.8,51.21,-0.92
349,10,player,1,295.4,5.9,329.0,53.5,93.29,-1.03
350,6,player,1,230.4,4.8,266.8,53.1,74.12,-1.06
350,7,player,1,84.8,6.2,120.7,54.0,29.99,-0.86
350,8,player,1,20.3,4.0,52.2,53.7,9.81,-0.88
350,179,player,1,307.1,68.7,329.8,119.4,95.3,9.68
350,177,player,1,252.8,91.2,294.7,182.0,81.87,19.95
350,9,player,1,157.1,8.6,188.6,53.8,51.22,-0.93
351,6,player,1,230.4,4.8,266.8,53.1,74.12,-1.06
351,7,player,1,84.8,6.2,120.7,54.0,30.0,-0.86
351,8,player,1,20.3,4.0,52.2,53.6,9.81,-0.89
351,179,player,1,305.9,65.9,330.1,120.0,95.17,9.78
351,177,player,1,253.2,91.7,295.0,182.2,81.98,19.98
351,9,player,1,157.1,8.6,188.6,53.8,51.22,-0.93
352,6,player,1,230.6,4.8,266.8,53.2,74.14,-1.06
352,7,player,1,85.1,6.3,120.7,53.9,30.04,-0.88
352,8,player,1,20.5,4.1,52.5,53.8,9.9,-0.86
352,9,player,2,157.1,8.6,188.7,53.9,51.24,-0.92
352,10,player,1,295.1,6.0,329.1,54.4,93.26,-0.89
353,6,player,1,230.6,4.9,266.8,53.2,74.16,-1.05
353,7,player,1,85.2,6.3,120.8,53.9,30.07,-0.88
353,8,player,1,20.6,4.1,52.7,53.9,9.93,-0.85
353,9,player,2,157.1,8.6,188.7,53.9,51.23,-0.91
353,10,player,1,295.1,6.0,329.1,54.6,93.26,-0.87
354,6,player,1,230.7,4.9,266.8,53.2,74.16,-1.06
354,7,player,1,85.2,6.3,120.8,53.9,30.07,-0.87
354,8,player,1,20.6,4.1,52.8,54.0,9.94,-0.84
354,9,player,2,157.1,8.6,188.7,54.0,51.23,-0.9
354,10,player,1,295.1,6.1,329.1,54.6,93.27,-0.86
354,253,player,1,211.4,296.2,230.0,331.3,65.84,44.66
355,6,player,1,230.7,4.9,266.8,53.2,74.16,-1.06
355,7,player,1,85.2,6.3,120.8,54.0,30.07,-0.87
355,8,player,1,20.5,4.1,52.9,54.0,9.95,-0.83
355,9,player,2,157.1,8.6,188.7,54.0,51.23,-0.89
355,10,player,1,295.1,6.1,329.1,54.6,93.27,-0.86
355,253,player,1,210.5,296.1,229.0,330.8,65.55,44.58
355,255,player,1,183.9,331.7,203.3,371.9,57.58,51.45
356,6,player,1,230.7,4.9,266.8,53.2,74.16,-1.05
356,7,player,1,85.3,6.3,120.8,53.9,30.08,-0.87
356,8,player,1,20.4,3.9,52.9,54.0,9.95,-0.83
356,9,player,2,157.1,8.6,188.7,54.0,51.25,-0.9
356,10,player,1,295.2,6.0,329.0,54.4,93.28,-0.89
356,253,player,1,209.1,295.6,227.0,329.2,65.04,44.32
356,255,player,1,176.8,331.8,196.6,372.8,55.45,51.6
357,6,player,1,230.7,4.9,266.7,53.2,74.14,-1.05
357,7,player,1,85.2,6.3,120.8,54.0,30.07,-0.87
357,8,player,1,20.4,3.8,53.0,54.0,9.95,-0.83
357,9,player,2,157.1,8.6,188.7,54.0,51.25,-0.89
357,10,player,1,295.3,6.0,329.1,54.3,93.3,-0.9
357,255,player,1,167.1,332.3,186.9,373.6,52.48,51.76
358,6,player,1,230.7,4.9,266.7,53.2,74.14,-1.05
358,7,player,1,85.3,6.3,120.8,53.9,30.07,-0.87
358,8,player,1,20.4,3.9,52.9,54.0,9.94,-0.84
358,9,player,2,157.1,8.6,188.7,54.0,51.24,-0.9
358,10,player,1,295.4,6.0,329.2,54.4,93.33,-0.88
358,255,player,1,159.0,333.2,177.2,371.3,49.76,51.38
359,6,player,1,230.8,4.9,266.7,53.1,74.16,-1.07
359,7,player,1,85.3,6.3,120.7,53.9,30.08,-0.88
359,8,player,1,20.4,3.8,52.9,53.9,9.94,-0.85
359,9,player,2,157.1,8.6,188.7,54.0,51.23,-0.9
359,10,player,1,295.3,6.0,329.2,54.4,93.31,-0.89
359,255,player,1,147.9,333.1,167.3,373.7,46.53,51.79
360,6,player,1,230.6,4.9,266.6,53.4,74.12,-1.03
360,7,player,1,85.4,6.3,120.7,53.8,30.08,-0.9
360,8,player,1,20.3,4.4,52.5,53.9,9.87,-0.84
360,9,player,2,157.2,8.6,188.7,53.9,51.26,-0.91
360,10,player,1,295.5,6.0,329.4,54.4,93.39,-0.89
360,255,player,1,138.6,332.6,159.3,375.9,43.88,52.17
360,262,player,1,9.6,274.5,27.5,308.5,3.91,41.08
360,263,player,1,189.4,293.1,206.5,327.9,58.89,44.12
361,6,player,1,230.5,4.9,266.6,53.4,74.1,-1.02
361,7,player,1,85.4,6.3,120.7,53.7,30.08,-0.9
361,8,player,1,20.3,4.6,52.3,53.9,9.84,-0.84
361,9,player,2,157.2,8.6,188.8,53.8,51.27,-0.92
361,10,player,1,295.6,6.0,329.6,54.5,93.42,-0.88
361,255,player,1,135.4,332.5,156.8,376.6,43.0,52.3
361,262,player,1,8.1,275.0,26.1,308.7,3.46,41.13
361,263,player,1,188.5,293.0,205.7,327.9,58.63,44.12
361,264,player,1,72.8,258.9,99.9,291.8,24.74,38.23
361,265,player,1,104.4,276.0,131.6,310.9,34.42,41.37
362,6,player,1,230.6,4.9,266.7,53.5,74.12,-1.01
362,7,player,1,85.4,6.3,120.7,53.7,30.08,-0.91
362,8,player,1,20.3,4.7,52.4,54.0,9.84,-0.82
362,9,player,2,157.3,8.5,188.9,53.8,51.3,-0.93
362,10,player,1,295.5,6.0,329.6,54.5,93.41,-0.87
362,255,player,1,128.9,332.6,150.6,377.2,41.04,52.41
362,262,player,1,3.0,272.9,21.5,307.5,1.98,40.92
362,263,player,1,182.4,292.1,201.4,330.6,57.03,44.56
362,264,player,1,68.5,258.9,95.9,292.1,23.47,38.28
362,265,player,1,101.1,276.1,127.4,309.7,33.27,41.18
362,266,player,1,170.7,366.5,186.9,420.3,53.04,59.57
363,6,player,1,230.6,5.0,266.6,53.5,74.12,-1.01
363,7,player,1,85.4,6.3,120.7,53.8,30.09,-0.9
363,8,player,1,20.3,4.8,52.3,54.0,9.83,-0.84
363,9,player,2,157.3,8.5,188.9,53.7,51.3,-0.94
363,10,player,1,295.4,6.0,329.5,54.5,93.38,-0.88
363,255,player,1,121.4,333.0,143.5,378.1,38.81,52.56
363,262,player,1,0.0,273.5,17.1,307.7,0.84,40.96
363,263,player,1,179.0,291.8,198.1,329.8,56.01,44.44
363,264,player,1,61.6,259.4,88.7,292.3,21.3,38.34
363,265,player,1,95.7,276.3,122.5,310.5,31.69,41.32
363,266,player,1,163.0,367.9,179.5,421.7,50.72,59.81
364,6,player,1,230.5,5.0,266.6,53.5,74.11,-1.01
364,7,player,1,85.3,6.3,120.7,53.8,30.07,-0.9
364,8,player,1,20.3,4.8,52.3,54.0,9.84,-0.84
364,9,player,2,157.3,8.5,189.0,53.8,51.31,-0.93
364,10,player,1,295.4,6.0,329.5,54.5,93.38,-0.88
364,255,player,1,113.6,333.0,136.5,379.6,36.52,52.82
364,263,player,1,176.3,291.7,195.1,329.1,55.14,44.32
364,264,player,1,56.9,260.0,83.7,293.0,19.82,38.44
364,265,player,1,90.0,275.7,119.0,313.0,30.29,41.74
364,266,player,1,154.8,369.2,171.7,423.2,48.26,60.06
364,272,player,1,81.9,268.0,102.8,298.3,26.57,39.31
365,6,player,1,230.6,4.9,266.7,53.5,74.13,-1.01
365,7,player,1,85.4,6.3,120.7,53.8,30.08,-0.9
365,8,player,1,20.3,4.8,52.3,54.0,9.83,-0.84
365,9,player,2,157.2,8.5,189.0,53.8,51.31,-0.92
365,10,player,1,295.2,6.0,329.4,54.4,93.34,-0.89
365,255,player,1,106.1,333.6,129.6,381.6,34.31,53.16
365,265,player,1,88.3,275.7,117.0,313.4,29.71,41.8
365,266,player,1,146.6,371.0,163.9,424.3,45.8,60.27
366,6,player,1,230.5,4.9,266.7,53.4,74.12,-1.02
366,7,player,1,85.4,6.3,120.8,53.8,30.09,-0.9
366,8,player,1,20.3,4.8,52.4,54.2,9.83,-0.8
366,9,player,2,157.2,8.5,188.9,53.8,51.29,-0.93
366,10,player,1,295.3,6.0,329.5,54.4,93.37,-0.89
366,265,player,1,85.5,276.4,114.2,314.2,28.85,41.94
366,263,player,1,170.5,291.3,190.1,331.2,53.48,44.68
367,6,player,1,230.5,4.9,266.6,53.4,74.11,-1.02
367,7,player,1,85.4,6.3,120.8,53.8,30.1,-0.9
367,8,player,1,20.2,4.8,52.4,54.2,9.83,-0.79
367,9,player,2,157.2,8.5,188.9,53.8,51.28,-0.93
367,10,player,1,295.3,6.0,329.6,54.4,93.37,-0.89
367,265,player,1,84.7,276.6,113.3,314.4,28.58,41.98
367,263,player,1,169.7,291.3,189.1,331.5,53.21,44.74
368,6,player,1,230.5,4.9,266.6,53.4,74.1,-1.03
368,7,player,1,85.4,6.3,120.8,53.8,30.09,-0.9
368,8,player,1,20.2,4.8,52.3,54.1,9.82,-0.81
368,9,player,2,157.3,8.6,189.1,53.8,51.32,-0.93
368,10,player,1,295.3,6.0,329.5,54.4,93.36,-0.9
368,266,player,1,130.4,373.9,149.4,428.5,41.06,61.0
368,263,player,1,167.3,291.0,186.6,331.1,52.46,44.66
368,264,player,1,40.6,262.0,67.1,294.7,14.77,38.75
369,6,player,1,230.5,4.9,266.7,53.4,74.12,-1.02
369,7,player,1,85.4,6.3,120.7,53.7,30.09,-0.9
369,8,player,1,20.2,4.8,52.3,54.1,9.82,-0.81
369,9,player,2,157.2,8.6,189.0,53.8,51.31,-0.93
369,10,player,1,295.2,6.0,329.5,54.3,93.35,-0.9
369,263,player,1,164.3,291.5,183.9,332.0,51.59,44.83
369,264,player,1,36.6,262.5,63.1,295.0,13.55,38.8
369,265,player,1,76.8,277.7,104.3,313.8,25.99,41.89
370,6,player,1,230.4,4.9,266.6,53.4,74.09,-1.02
370,7,player,1,85.4,6.3,120.7,53.7,30.08,-0.91
370,8,player,1,20.2,4.8,52.3,54.1,9.82,-0.81
370,9,player,2,157.1,8.6,189.0,53.8,51.29,-0.93
370,10,player,1,295.2,6.0,329.5,54.4,93.35,-0.9
370,266,player,1,117.1,376.6,136.8,432.3,37.07,61.65
370,263,player,1,161.6,292.0,181.4,332.2,50.8,44.87
370,264,player,1,32.1,263.0,59.8,297.0,12.35,39.14
370,255,player,1,81.7,339.7,106.0,388.8,26.93,54.41
371,6,player,1,230.2,4.9,266.5,53.4,74.03,-1.02
371,7,player,1,85.3,6.3,120.7,53.8,30.07,-0.9
371,8,player,1,20.2,4.8,52.3,54.1,9.82,-0.82
371,9,player,2,157.1,8.6,188.9,53.8,51.27,-0.92
371,10,player,1,295.3,6.0,329.6,54.3,93.38,-0.91
371,266,player,1,110.8,377.9,131.0,435.5,35.22,62.2
371,263,player,1,161.0,292.5,181.4,333.4,50.69,45.06
371,264,player,1,30.0,264.0,56.8,297.1,11.57,39.17
371,255,player,1,76.0,342.6,100.0,390.8,25.13,54.75
371,265,player,1,73.9,279.0,101.3,316.7,25.09,42.37
372,6,player,1,230.2,4.9,266.5,53.4,74.05,-1.02
372,7,player,1,85.3,6.3,120.7,53.7,30.08,-0.9
372,8,player,1,20.2,4.8,52.3,54.0,9.82,-0.83
372,9,player,2,157.1,8.5,189.0,53.8,51.28,-0.93
372,10,player,1,295.1,6.0,329.4,54.2,93.32,-0.92
372,266,player,1,105.0,379.5,125.3,438.1,33.44,62.64
372,263,player,1,159.7,293.5,180.6,335.1,50.38,45.35
372,255,player,1,70.5,344.1,94.7,392.7,23.46,55.06
373,6,player,1,230.3,4.9,266.6,53.4,74.07,-1.03
373,7,player,1,85.4,6.3,120.7,53.7,30.08,-0.9
373,8,player,1,20.2,4.8,52.3,54.0,9.82,-0.83
373,9,player,2,157.1,8.5,189.0,53.8,51.28,-0.93
373,10,player,1,295.0,6.0,329.3,54.1,93.3,-0.93
373,266,player,1,103.1,380.1,123.2,439.0,32.83,62.79
373,263,player,1,159.2,293.9,180.5,335.7,50.29,45.45
373,255,player,1,68.5,344.6,93.0,393.3,22.9,55.17
374,6,player,1,230.3,4.9,266.6,53.3,74.07,-1.04
374,7,player,1,85.4,6.3,120.7,53.7,30.08,-0.91
374,8,player,1,20.2,4.7,52.3,53.9,9.82,-0.84
374,9,player,2,157.1,8.5,189.1,53.8,51.31,-0.92
374,10,player,1,295.1,6.0,329.4,54.1,93.32,-0.95
374,266,player,1,98.7,381.6,118.9,440.9,31.48,63.12
374,263,player,1,157.5,295.3,178.2,336.6,49.66,45.6
374,255,player,1,65.1,346.1,89.6,394.5,21.85,55.37
374,264,player,1,25.4,266.2,52.9,300.5,10.25,39.74
375,6,player,1,230.4,4.9,266.6,53.2,74.09,-1.05
375,7,player,1,85.4,6.3,120.8,53.8,30.09,-0.9
375,8,player,1,20.3,4.8,52.4,53.9,9.84,-0.84
375,9,player,2,157.2,8.4,189.2,53.8,51.33,-0.92
375,10,player,1,295.1,6.0,329.4,54.1,93.3,-0.94
375,266,player,1,93.7,383.6,113.1,440.4,29.81,63.05
375,263,player,1,156.4,296.2,175.4,334.5,49.07,45.25
375,255,player,1,61.0,348.0,85.6,396.9,20.6,55.78
375,264,player,1,25.9,267.0,52.0,300.1,10.19,39.66
375,265,player,1,64.6,282.2,91.0,318.6,22.08,42.71
376,6,player,1,230.4,4.9,266.6,53.2,74.09,-1.05
376,7,player,1,85.3,6.3,120.8,53.8,30.08,-0.9
376,8,player,1,20.2,4.8,52.3,54.0,9.82,-0.82
376,9,player,2,157.2,8.4,189.3,53.8,51.33,-0.92
376,10,player,1,295.1,6.0,329.4,54.0,93.32,-0.96
376,266,player,1,88.1,386.0,107.8,443.8,28.14,63.62
376,263,player,1,154.6,296.4,173.5,335.1,48.52,45.36
376,255,player,1,57.6,349.8,81.9,398.9,19.51,56.13
376,264,player,1,20.9,267.8,48.8,303.0,8.92,40.15
376,265,player,1,63.6,283.0,90.2,319.7,21.8,42.89
377,6,player,1,230.5,4.9,266.7,53.3,74.11,-1.05
377,7,player,1,85.4,6.3,120.8,53.8,30.1,-0.89
377,8,player,1,20.2,4.8,52.3,54.1,9.82,-0.82
377,9,player,2,157.2,8.5,189.2,53.8,51.33,-0.92
377,10,player,1,295.2,6.0,329.4,53.9,93.34,-0.97
377,266,player,1,82.7,388.5,101.9,444.4,26.4,63.73
377,263,player,1,153.7,296.7,172.8,335.7,48.26,45.46
377,255,player,1,55.1,351.7,78.0,399.2,18.52,56.17
377,264,player,1,17.9,268.9,46.2,304.2,8.07,40.36
377,265,player,1,62.7,283.8,90.4,322.2,21.69,43.3
377,282,player,1,51.3,270.5,69.2,303.7,16.72,40.25
378,6,player,1,230.5,4.9,266.7,53.3,74.12,-1.05
378,7,player,1,85.4,6.3,120.8,53.8,30.1,-0.89
378,8,player,1,20.1,4.7,52.4,54.4,9.82,-0.76
378,9,player,2,157.2,8.6,189.2,53.8,51.34,-0.93
378,10,player,1,295.2,6.0,329.5,53.8,93.34,-0.99
378,266,player,1,77.0,391.1,96.1,446.3,24.61,64.05
378,263,player,1,153.1,297.3,172.4,336.4,48.1,45.57
378,255,player,1,50.2,353.1,73.4,401.9,17.05,56.63
378,265,player,1,62.2,284.8,90.4,324.9,21.61,43.75
378,282,player,1,49.3,269.5,67.3,303.1,16.12,40.14
379,6,player,1,230.5,4.9,266.7,53.3,74.11,-1.05
379,7,player,1,85.4,6.3,120.8,53.8,30.1,-0.9
379,8,player,1,20.1,4.7,52.5,54.5,9.82,-0.75
379,9,player,2,157.2,8.6,189.2,53.8,51.34,-0.93
379,10,player,1,295.2,6.0,329.5,53.8,93.35,-0.99
379,266,player,1,75.1,392.0,94.1,446.9,24.01,64.16
379,263,player,1,153.1,297.3,172.7,336.7,48.15,45.61
379,255,player,1,48.7,353.6,71.7,402.8,16.55,56.8
379,265,player,1,61.6,285.1,89.8,325.9,21.44,43.93
379,282,player,1,48.5,269.2,66.7,302.8,15.92,40.1
380,6,player,1,230.4,4.9,266.6,53.3,74.09,-1.04
380,7,player,1,85.4,6.3,120.8,53.7,30.09,-0.9
380,8,player,1,20.2,4.7,52.4,54.3,9.82,-0.79
380,9,player,2,157.2,8.6,189.2,53.7,51.32,-0.94
380,10,player,1,295.4,6.0,329.6,53.8,93.38,-0.98
380,266,player,1,73.2,393.8,93.4,449.3,23.62,64.56
380,263,player,1,151.6,298.1,171.0,337.3,47.68,45.71
380,255,player,1,45.1,354.2,68.5,404.2,15.5,57.03
380,265,player,1,63.7,285.8,91.1,327.1,21.96,44.12
381,6,player,1,230.4,4.9,266.7,53.3,74.1,-1.04
381,7,player,1,85.4,6.3,120.8,53.8,30.09,-0.9
381,8,player,1,20.2,4.8,52.4,54.3,9.82,-0.78
381,9,player,2,157.1,8.6,189.2,53.7,51.32,-0.93
381,10,player,1,295.5,6.0,329.6,53.7,93.4,-1.0
381,266,player,1,68.4,395.7,90.5,454.6,22.4,65.46
381,263,player,1,151.4,299.4,169.9,337.4,47.47,45.73
381,255,player,1,40.9,354.9,64.5,405.3,14.24,57.22
381,265,player,1,64.1,286.7,90.9,328.1,21.99,44.29
382,6,player,1,230.2,4.9,266.5,53.3,74.03,-1.05
382,7,player,1,85.4,6.3,120.8,53.8,30.1,-0.89
382,8,player,1,20.2,4.8,52.4,54.3,9.82,-0.78
382,9,player,2,157.2,8.6,189.3,53.7,51.35,-0.95
382,10,player,1,295.5,6.0,329.7,53.8,93.42,-0.98
382,266,player,1,63.5,397.2,86.0,455.3,20.96,65.6
382,263,player,1,150.7,300.5,170.1,341.0,47.39,46.34
382,255,player,1,38.1,356.0,62.2,406.3,13.44,57.38
382,265,player,1,62.2,286.6,89.4,329.2,21.46,44.46
382,291,player,1,330.5,274.3,356.6,312.2,103.29,41.35
382,264,player,1,13.4,270.9,43.6,308.7,6.96,41.11
382,282,player,1,46.0,269.7,66.9,309.0,15.54,41.13
383,6,player,1,230.2,4.9,266.5,53.2,74.05,-1.05
383,7,player,1,85.3,6.3,120.8,53.8,30.09,-0.89
383,8,player,1,20.2,4.8,52.4,54.3,9.82,-0.78
383,9,player,2,157.2,8.6,189.3,53.7,51.34,-0.95
383,10,player,1,295.5,6.0,329.7,53.9,93.42,-0.98
383,266,player,1,57.6,398.6,81.6,459.6,19.37,66.32
383,263,player,1,148.6,301.0,169.6,343.7,47.0,46.78
383,255,player,1,34.5,357.3,59.0,407.7,12.4,57.64
383,265,player,1,62.2,286.7,88.8,327.3,21.37,44.14
383,291,player,1,326.0,273.4,353.6,313.6,102.15,41.58
383,293,player,1,13.3,320.3,37.3,350.6,5.89,48.1
383,264,player,1,12.4,272.1,41.1,307.9,6.43,40.97
383,282,player,1,46.0,270.0,66.1,308.2,15.42,40.99
384,6,player,1,230.0,4.9,266.4,53.2,74.0,-1.05
384,7,player,1,85.3,6.3,120.8,53.8,30.08,-0.9
384,8,player,1,20.2,4.7,52.4,54.3,9.83,-0.79
384,9,player,2,157.2,8.6,189.3,53.7,51.34,-0.94
384,10,player,1,295.5,6.0,329.6,53.8,93.41,-0.99
384,266,player,1,52.0,400.2,76.7,461.8,17.75,66.71
384,263,player,1,146.9,301.2,169.7,344.9,46.73,46.99
384,255,player,1,31.3,358.9,55.6,409.2,11.38,57.88
384,265,player,1,67.4,287.1,93.5,327.5,22.88,44.17
384,291,player,1,320.8,273.4,349.3,314.9,100.71,41.8
384,293,player,1,6.9,320.9,31.1,351.6,3.96,48.28
384,264,player,1,12.8,272.3,44.5,311.1,7.01,41.5
385,6,player,1,230.0,4.9,266.5,53.2,74.01,-1.05
385,7,player,1,85.3,6.3,120.7,53.8,30.08,-0.9
385,8,player,1,20.2,4.7,52.4,54.2,9.83,-0.79
385,9,player,2,157.2,8.6,189.3,53.7,51.33,-0.94
385,10,player,1,295.5,6.0,329.6,53.7,93.4,-1.0
385,266,player,1,49.9,400.7,75.1,462.6,17.17,66.84
385,263,player,1,145.9,301.3,170.0,345.3,46.64,47.06
385,255,player,1,30.2,359.5,54.5,409.7,11.04,57.96
385,265,player,1,69.5,287.2,95.1,327.5,23.45,44.18
385,291,player,1,319.2,273.4,347.9,315.3,100.25,41.87
385,293,player,1,4.6,321.1,28.9,352.0,3.27,48.34
385,264,player,1,12.8,272.4,45.8,312.2,7.21,41.69
386,6,player,1,230.2,4.9,266.7,53.2,74.07,-1.05
386,7,player,1,85.3,6.3,120.7,53.8,30.08,-0.9
386,8,player,1,20.2,4.8,52.4,54.3,9.82,-0.78
386,9,player,2,157.2,8.6,189.3,53.6,51.34,-0.95
386,10,player,1,295.4,6.0,329.6,53.8,93.4,-0.99
386,266,player,1,45.7,403.6,70.9,464.5,15.87,67.17
386,263,player,1,146.5,301.3,170.6,343.5,46.82,46.76
386,255,player,1,28.9,360.7,53.4,411.7,10.66,58.31
386,265,player,1,67.8,287.8,93.8,329.1,22.99,44.44
386,291,player,1,315.8,274.8,343.9,315.7,99.14,41.94
386,293,player,1,0.0,321.3,24.0,352.2,1.8,48.38
386,264,player,1,15.8,272.6,48.1,314.1,8.02,42.01
387,6,player,1,230.4,4.9,266.8,53.2,74.11,-1.05
387,7,player,1,85.3,6.3,120.8,53.8,30.09,-0.89
387,8,player,1,20.2,4.8,52.3,54.2,9.83,-0.79
387,9,player,2,157.2,8.6,189.2,53.4,51.34,-0.98
387,10,player,1,295.5,6.0,329.7,53.8,93.41,-0.99
387,266,player,1,41.2,404.0,67.3,466.6,14.62,67.52
387,263,player,1,145.4,301.3,169.8,343.4,46.54,46.74
387,255,player,1,28.6,361.7,53.3,413.5,10.61,58.61
387,265,player,1,69.7,288.5,95.1,330.9,23.48,44.74
387,291,player,1,311.0,275.2,340.5,318.4,97.88,42.39
387,293,player,1,0.0,321.7,18.1,349.5,0.9,47.94
387,264,player,1,16.6,273.0,47.7,315.4,8.06,42.21
387,282,player,1,44.9,270.4,64.3,306.7,14.99,40.74
388,6,player,1,230.4,4.9,266.8,53.2,74.12,-1.06
388,7,player,1,85.4,6.3,120.8,53.7,30.09,-0.91
388,8,player,1,20.2,4.7,52.3,54.2,9.82,-0.79
388,9,player,2,157.2,8.5,189.2,53.4,51.34,-0.98
388,10,player,1,295.4,6.0,329.7,54.0,93.4,-0.96
388,266,player,1,36.5,404.7,63.2,468.3,13.25,67.83
388,263,player,1,146.4,301.3,171.4,345.8,46.94,47.14
388,255,player,1,26.2,362.3,51.6,415.4,9.97,58.94
388,265,player,1,69.4,288.3,95.1,332.3,23.42,44.98
388,291,player,1,306.5,276.4,336.0,319.9,96.51,42.65
388,293,player,1,0.0,322.1,15.1,351.4,0.44,48.25
388,264,player,1,15.8,273.0,45.0,313.8,7.54,41.96
388,282,player,1,45.2,270.2,64.6,306.2,15.07,40.67
389,6,player,1,230.4,4.9,266.8,53.3,74.12,-1.04
389,7,player,1,85.3,6.3,120.7,53.7,30.08,-0.91
389,8,player,1,20.3,4.7,52.3,54.2,9.83,-0.8
389,9,player,2,157.3,8.6,189.3,53.4,51.36,-0.98
389,10,player,1,295.3,6.0,329.7,54.2,93.4,-0.93
389,266,player,1,32.1,410.9,57.5,470.2,11.7,68.15
389,255,player,1,24.7,362.3,47.2,408.7,9.07,57.8
389,265,player,1,68.4,288.2,95.5,334.1,23.34,45.28
389,291,player,1,302.5,277.5,331.4,320.4,95.22,42.73
389,264,player,1,15.7,272.9,44.2,312.7,7.41,41.78
389,282,player,1,45.6,270.1,65.0,307.3,15.21,40.84
390,6,player,1,230.3,4.9,266.7,53.3,74.09,-1.05
390,7,player,1,85.4,6.3,120.7,53.7,30.08,-0.91
390,8,player,1,20.3,4.8,52.3,54.1,9.82,-0.81
390,9,player,2,157.3,8.6,189.4,53.4,51.37,-1.0
390,10,player,1,295.3,6.0,329.7,54.1,93.39,-0.93
390,266,player,1,27.0,412.7,52.9,472.4,10.19,68.52
390,255,player,1,18.5,361.9,44.6,415.4,7.7,58.94
390,265,player,1,69.2,288.2,96.4,332.9,23.6,45.08
390,291,player,1,299.0,278.8,327.5,321.1,94.08,42.86
390,264,player,1,15.8,273.2,43.7,311.9,7.36,41.64
390,282,player,1,47.2,274.2,64.7,308.3,15.38,41.02
390,263,player,1,147.2,301.4,173.7,349.2,47.39,47.7
391,6,player,1,230.2,4.9,266.7,53.2,74.08,-1.05
391,7,player,1,85.3,6.3,120.7,53.7,30.08,-0.91
391,8,player,1,20.3,4.8,52.3,54.1,9.81,-0.82
391,9,player,2,157.3,8.6,189.4,53.3,51.37,-1.0
391,10,player,1,295.3,6.0,329.7,54.1,93.38,-0.93
391,266,player,1,25.1,413.4,51.5,473.1,9.67,68.64
391,255,player,1,16.3,361.8,43.8,417.6,7.22,59.31
391,265,player,1,69.3,288.2,97.0,332.4,23.71,44.99
391,291,player,1,297.6,279.3,325.8,321.4,93.61,42.91
391,264,player,1,15.9,273.4,43.5,311.4,7.33,41.56
391,282,player,1,47.9,275.7,64.6,308.8,15.47,41.09
391,263,player,1,147.5,301.3,174.0,349.9,47.51,47.81
392,6,player,1,230.2,4.9,266.7,53.3,74.06,-1.05
392,7,player,1,85.4,6.3,120.8,53.7,30.09,-0.91
392,8,player,1,20.3,4.8,52.3,54.0,9.82,-0.83
392,9,player,2,157.2,8.6,189.5,53.5,51.37,-0.98
392,10,player,1,295.3,6.0,329.6,54.0,93.36,-0.96
392,266,player,1,20.7,411.2,48.6,474.2,8.53,68.84
392,255,player,1,15.0,361.8,42.2,416.9,6.78,59.2
392,265,player,1,71.1,288.8,99.2,332.4,24.32,44.99
392,291,player,1,294.1,280.1,322.6,322.8,92.59,43.14
392,264,player,1,15.3,273.8,41.8,309.4,6.98,41.22
392,282,player,1,45.1,272.4,66.4,314.4,15.32,42.02
392,263,player,1,150.0,301.0,175.3,346.5,48.07,47.25
393,6,player,1,230.4,4.9,266.9,53.2,74.13,-1.05
393,7,player,1,85.4,6.3,120.7,53.6,30.09,-0.92
393,8,player,1,20.3,4.7,52.3,54.0,9.82,-0.82
393,9,player,2,157.4,8.6,189.7,53.5,51.43,-0.98
393,10,player,1,295.3,6.0,329.6,54.0,93.37,-0.96
393,266,player,1,16.0,410.2,45.1,475.9,7.27,69.12
393,255,player,1,12.7,361.7,40.1,416.7,6.12,59.16
393,265,player,1,71.9,289.4,100.8,333.6,24.68,45.19
393,291,player,1,290.5,280.6,319.9,324.9,91.64,43.49
393,264,player,1,18.5,274.1,49.5,315.3,8.64,42.2
393,263,player,1,152.7,300.9,178.3,345.2,48.95,47.03
394,6,player,1,230.3,4.9,266.8,53.2,74.11,-1.06
394,7,player,1,85.4,6.3,120.7,53.6,30.08,-0.93
394,8,player,1,20.3,4.7,52.3,53.9,9.82,-0.84
394,9,player,2,157.3,8.6,189.6,53.5,51.4,-0.98
394,10,player,1,295.4,6.0,329.6,53.8,93.38,-0.98
394,266,player,1,11.7,410.1,41.2,476.4,6.01,69.21
394,255,player,1,10.6,362.3,38.2,417.2,5.49,59.26
394,265,player,1,79.2,289.8,108.4,335.2,26.97,45.45
394,291,player,1,288.2,281.8,317.2,325.9,90.89,43.67
394,263,player,1,155.0,300.8,181.6,346.0,49.81,47.16
395,6,player,1,230.3,4.9,266.7,53.1,74.09,-1.06
395,7,player,1,85.4,6.3,120.7,53.6,30.08,-0.93
395,8,player,1,20.3,4.7,52.2,53.8,9.81,-0.86
395,9,player,2,157.1,8.6,189.5,53.5,51.37,-0.97
395,10,player,1,295.4,6.0,329.6,53.8,93.38,-0.99
395,266,player,1,7.9,414.9,36.5,477.7,4.68,69.45
395,255,player,1,9.0,363.0,36.0,417.7,4.9,59.33
395,265,player,1,83.1,289.8,110.9,334.4,27.96,45.31
395,291,player,1,283.9,283.7,312.0,326.2,89.44,43.72
395,263,player,1,157.1,300.9,182.7,345.4,50.3,47.06
395,264,player,1,22.6,273.1,54.3,317.1,10.01,42.5
396,6,player,1,230.2,4.9,266.7,53.3,74.07,-1.05
396,7,player,1,85.4,6.3,120.6,53.5,30.07,-0.94
396,8,player,1,20.3,4.7,52.3,53.9,9.82,-0.85
396,9,player,2,157.1,8.6,189.5,53.6,51.35,-0.96
396,10,player,1,295.4,6.0,329.6,53.7,93.39,-1.0
396,266,player,1,3.9,411.8,33.9,477.2,3.66,69.37
396,255,player,1,10.2,363.1,35.3,415.4,4.99,58.95
396,265,player,1,86.1,288.8,114.4,334.1,28.96,45.25
396,291,player,1,279.7,285.8,306.9,326.1,88.0,43.71
396,263,player,1,158.8,300.8,185.1,346.9,50.94,47.3
396,264,player,1,25.8,272.3,56.4,316.5,10.82,42.39
397,6,player,1,230.1,4.9,266.7,53.3,74.07,-1.04
397,7,player,1,85.4,6.3,120.6,53.5,30.07,-0.94
397,8,player,1,20.3,4.8,52.3,53.9,9.83,-0.85
397,9,player,2,157.0,8.6,189.4,53.6,51.34,-0.96
397,10,player,1,295.4,6.0,329.6,53.7,93.39,-1.01
397,266,player,1,2.5,410.6,33.0,477.0,3.3,69.34
397,255,player,1,11.0,363.1,35.1,414.5,5.07,58.8
397,265,player,1,87.2,288.4,115.7,333.9,29.32,45.23
397,291,player,1,278.2,286.6,305.2,326.0,87.52,43.7
397,263,player,1,159.7,300.8,186.2,347.4,51.24,47.4
397,264,player,1,27.3,271.8,56.9,316.3,11.12,42.35
397,296,player,1,56.9,268.4,72.5,309.1,18.08,41.13
398,6,player,1,230.3,4.9,266.8,53.3,74.12,-1.05
398,7,player,1,85.4,6.3,120.6,53.4,30.07,-0.95
398,8,player,1,20.2,4.8,52.3,54.0,9.82,-0.83
398,9,player,2,157.0,8.6,189.4,53.6,51.34,-0.96
398,10,player,1,295.5,6.0,329.6,53.7,93.4,-1.01
398,266,player,1,0.6,411.2,30.7,476.4,2.67,69.23
398,255,player,1,10.4,362.8,34.8,416.3,4.94,59.1
398,265,player,1,88.7,287.9,117.0,332.0,29.76,44.9
398,291,player,1,274.3,286.5,301.6,325.6,86.38,43.63
398,263,player,1,167.3,300.1,195.0,347.2,53.75,47.35
398,264,player,1,28.7,270.6,57.2,314.0,11.39,41.98
398,296,player,1,58.1,266.9,74.2,309.2,18.54,41.14
399,6,player,1,230.4,4.9,266.9,53.3,74.14,-1.04
399,7,player,1,85.4,6.3,120.7,53.6,30.08,-0.93
399,8,player,1,20.2,4.8,52.3,54.0,9.81,-0.83
399,9,player,2,157.0,8.6,189.4,53.5,51.33,-0.97
399,10,player,1,295.4,6.0,329.6,53.8,93.39,-0.99
399,266,player,1,0.0,410.0,28.3,474.4,2.19,68.9
399,255,player,1,11.5,362.2,30.8,405.5,4.5,57.3
399,265,player,1,91.1,287.6,120.4,332.1,30.64,44.91
399,291,player,1,270.7,288.4,297.1,325.3,85.14,43.58
399,263,player,1,167.7,298.1,196.5,346.3,54.05,47.2
399,264,player,1,31.2,269.7,60.2,312.9,12.24,41.79
399,296,player,1,63.4,265.8,75.2,296.7,19.5,39.08
400,6,player,1,230.4,4.9,266.9,53.3,74.12,-1.04
400,7,player,1,85.4,6.3,120.7,53.6,30.08,-0.93
400,8,player,1,20.3,4.8,52.3,53.8,9.82,-0.86
400,9,player,2,157.0,8.6,189.4,53.6,51.34,-0.96
400,10,player,1,295.4,6.0,329.7,53.8,93.41,-0.98
400,266,player,1,0.0,409.7,26.8,474.9,1.97,68.99
400,255,player,1,7.2,360.9,30.0,413.2,3.7,58.59
400,265,player,1,95.4,287.1,125.7,332.4,32.12,44.97
400,263,player,1,167.5,296.2,196.9,344.3,54.08,46.87
400,264,player,1,33.1,269.2,63.2,313.6,12.99,41.89
400,296,player,1,66.6,265.2,79.0,296.9,20.57,39.09
400,301,player,2,0.0,427.3,16.4,474.2,0.36,68.87
401,6,player,1,230.4,4.9,266.8,53.3,74.12,-1.04
401,7,player,1,85.4,6.3,120.7,53.5,30.08,-0.94
401,8,player,1,20.2,4.8,52.3,53.8,9.81,-0.86
401,9,player,2,157.1,8.6,189.5,53.6,51.36,-0.96
401,10,player,1,295.4,6.0,329.7,53.9,93.41,-0.97
401,266,player,1,0.0,415.5,23.7,475.7,1.49,69.12
401,255,player,1,5.8,360.5,30.2,416.0,3.53,59.06
401,265,player,1,102.0,287.1,131.6,333.7,34.03,45.16
401,264,player,1,35.6,269.0,66.6,313.8,13.89,41.93
401,296,player,1,68.0,264.0,83.3,301.8,21.45,39.91
401,301,player,1,0.0,427.5,14.6,475.1,0.07,69.04
401,291,player,1,265.3,290.0,293.9,326.9,83.83,43.86
402,6,player,1,230.4,4.9,266.9,53.4,74.13,-1.03
402,7,player,1,85.4,6.3,120.7,53.5,30.08,-0.94
402,8,player,1,20.2,4.8,52.3,53.8,9.81,-0.87
402,9,player,2,157.1,8.6,189.4,53.6,51.34,-0.96
402,10,player,1,295.3,6.0,329.7,54.0,93.4,-0.96
402,266,player,1,0.0,412.2,22.5,476.9,1.29,69.33
402,255,player,1,5.1,360.1,30.3,415.8,3.43,59.03
402,265,player,1,106.5,286.4,135.3,333.9,35.29,45.21
402,264,player,1,38.3,269.0,70.2,314.9,14.86,42.11
402,296,player,1,70.0,262.9,87.0,303.4,22.31,40.17
402,291,player,1,262.6,290.3,292.5,326.9,83.2,43.87
402,263,player,1,169.9,293.1,200.0,341.8,54.91,46.44
403,6,player,1,230.4,4.9,266.9,53.4,74.14,-1.03
403,7,player,1,85.4,6.3,120.7,53.5,30.08,-0.94
403,8,player,1,20.2,4.8,52.3,53.8,9.81,-0.86
403,9,player,2,157.0,8.6,189.4,53.6,51.33,-0.95
403,10,player,1,295.2,6.0,329.7,54.0,93.38,-0.95
403,266,player,1,0.0,411.1,21.7,477.3,1.17,69.4
403,255,player,1,4.8,360.0,30.6,415.7,3.42,59.02
403,265,player,1,108.5,286.1,136.2,334.0,35.74,45.22
403,264,player,1,39.3,269.0,71.6,315.3,15.22,42.18
403,296,player,1,70.4,262.5,88.4,304.0,22.6,40.28
403,291,player,1,261.2,290.4,292.6,326.9,83.0,43.86
403,263,player,1,170.1,292.5,200.7,341.2,55.04,46.34
404,6,player,1,230.5,4.9,266.9,53.4,74.14,-1.03
404,7,player,1,85.4,6.3,120.7,53.4,30.09,-0.96
404,8,player,1,20.2,4.8,52.3,53.8,9.82,-0.86
404,9,player,2,157.0,8.6,189.3,53.6,51.32,-0.96
404,10,player,1,295.3,6.0,329.7,54.0,93.38,-0.96
404,255,player,1,4.5,360.0,30.7,415.7,3.4,59.02
404,265,player,1,112.0,285.2,139.0,333.3,36.71,45.09
404,264,player,1,41.3,269.2,73.4,316.0,15.81,42.28
404,296,player,1,72.5,262.1,91.6,305.5,23.4,40.51
404,291,player,1,258.0,291.7,291.0,328.4,82.29,44.11
404,263,player,1,170.7,292.0,200.7,339.5,55.13,46.06
405,6,player,1,230.3,4.9,266.8,53.4,74.11,-1.02
405,7,player,1,85.4,6.3,120.7,53.4,30.09,-0.96
405,8,player,1,20.2,4.8,52.3,53.8,9.81,-0.86
405,9,player,2,157.0,8.6,189.3,53.5,51.31,-0.97
405,10,player,1,295.4,6.0,329.6,53.8,93.4,-0.99
405,255,player,1,3.7,360.5,30.0,416.2,3.16,59.09
405,265,player,1,115.1,284.5,140.9,330.1,37.46,44.56
405,264,player,1,43.8,269.2,75.2,317.2,16.47,42.49
405,296,player,1,75.0,261.7,93.1,304.1,24.01,40.27
405,291,player,1,250.5,291.7,286.8,331.9,80.49,44.69
405,263,player,1,172.2,291.4,201.5,337.8,55.49,45.77
406,6,player,1,230.3,4.9,266.7,53.4,74.08,-1.02
406,7,player,1,85.5,6.3,120.7,53.3,30.09,-0.97
406,8,player,1,20.1,4.8,52.4,54.0,9.81,-0.84
406,9,player,2,156.9,8.6,189.3,53.6,51.3,-0.95
406,10,player,1,295.3,6.0,329.6,53.9,93.38,-0.97
406,255,player,1,3.3,361.1,29.3,416.4,2.99,59.12
406,265,player,1,118.2,283.8,144.1,328.1,38.43,44.22
406,264,player,1,47.4,268.3,77.3,316.6,17.34,42.39
406,296,player,1,77.3,260.9,95.1,303.6,24.69,40.2
406,263,player,1,173.7,291.5,201.9,336.4,55.79,45.55
407,6,player,1,230.4,4.9,266.8,53.4,74.11,-1.03
407,7,player,1,85.5,6.3,120.7,53.4,30.1,-0.96
407,8,player,1,20.2,4.7,52.4,54.0,9.82,-0.83
407,9,player,2,157.0,8.6,189.3,53.6,51.31,-0.96
407,10,player,1,295.1,6.0,329.5,54.0,93.34,-0.96
407,255,player,1,2.4,361.0,28.6,417.1,2.74,59.26
407,265,player,1,121.8,282.4,148.6,327.5,39.68,44.12
407,264,player,1,50.1,266.9,78.1,313.0,17.89,41.79
407,296,player,1,80.4,260.1,95.0,295.1,25.15,38.78
407,263,player,1,175.2,291.6,203.1,336.3,56.19,45.52
408,6,player,1,230.4,4.9,266.8,53.4,74.12,-1.03
408,7,player,1,85.4,6.3,120.7,53.5,30.09,-0.94
408,8,player,1,20.2,4.7,52.4,54.0,9.82,-0.82
408,9,player,2,157.0,8.6,189.3,53.6,51.32,-0.96
408,10,player,1,295.1,6.0,329.5,54.1,93.33,-0.94
408,255,player,1,2.3,360.3,28.6,417.0,2.73,59.24
408,265,player,1,124.3,281.5,151.9,328.0,40.57,44.19
408,264,player,1,51.5,265.7,79.1,311.4,18.26,41.51
408,296,player,1,83.8,258.7,97.2,290.4,26.0,38.0
408,263,player,1,176.3,291.9,206.0,340.1,56.8,46.15
409,6,player,1,230.4,4.9,266.8,53.4,74.12,-1.03
409,7,player,1,85.4,6.3,120.7,53.5,30.09,-0.93
409,8,player,1,20.2,4.8,52.4,54.1,9.83,-0.82
409,9,player,2,157.0,8.6,189.3,53.6,51.33,-0.96
409,10,player,1,295.0,6.0,329.6,54.2,93.33,-0.93
409,255,player,1,2.4,360.0,28.5,417.0,2.73,59.23
409,265,player,1,125.2,281.2,153.1,328.2,40.88,44.22
409,264,player,1,52.0,265.3,79.4,310.8,18.38,41.41
409,296,player,1,84.7,258.2,97.8,289.0,26.25,37.76
409,263,player,1,176.8,292.0,206.9,341.4,57.02,46.37
410,6,player,1,230.3,4.9,266.7,53.3,74.1,-1.03
410,7,player,1,85.4,6.3,120.7,53.4,30.1,-0.96
410,8,player,1,20.1,4.8,52.4,54.1,9.82,-0.81
410,9,player,2,157.1,8.6,189.4,53.5,51.35,-0.98
410,10,player,1,295.0,6.0,329.6,54.2,93.33,-0.92
410,255,player,1,1.2,359.1,27.2,416.5,2.34,59.14
410,265,player,1,127.3,280.5,156.3,330.1,41.71,44.55
410,264,player,1,53.6,264.7,81.2,309.7,18.91,41.23
410,296,player,1,85.8,257.1,102.1,293.4,27.07,38.49
410,263,player,1,178.7,293.0,208.4,342.5,57.54,46.55
410,291,player,1,238.6,307.0,266.2,334.2,75.54,45.1
411,6,player,1,230.2,4.9,266.6,53.3,74.06,-1.04
411,7,player,1,85.4,6.3,120.8,53.5,30.1,-0.94
411,8,player,1,20.1,4.8,52.4,54.1,9.81,-0.82
411,9,player,2,157.1,8.6,189.5,53.5,51.36,-0.97
411,10,player,1,291.9,6.0,327.2,54.1,92.5,-0.94
411,255,player,1,0.0,357.6,24.0,415.7,1.66,59.01
411,265,player,1,132.6,279.7,160.9,328.6,43.22,44.29
411,264,player,1,55.2,264.4,83.5,308.8,19.51,41.09
411,296,player,1,86.8,256.4,103.8,293.6,27.48,38.52
411,263,player,1,183.2,293.8,212.7,342.9,58.88,46.62
412,6,player,1,230.2,4.9,266.6,53.3,74.05,-1.04
412,7,player,1,85.4,6.3,120.8,53.5,30.1,-0.94
412,8,player,1,20.1,4.8,52.3,54.0,9.81,-0.83
412,9,player,2,157.1,8.6,189.5,53.6,51.36,-0.96
412,10,player,1,290.4,6.0,326.5,54.1,92.18,-0.95
412,255,player,1,0.0,357.1,22.6,415.4,1.46,58.96
412,265,player,1,134.7,279.4,162.4,328.0,43.78,44.19
412,264,player,1,55.5,264.3,84.6,308.5,19.72,41.04
412,296,player,1,87.0,256.1,104.7,293.9,27.65,38.57
412,263,player,1,184.7,294.0,214.1,343.1,59.34,46.63
412,291,player,1,232.3,307.9,261.1,333.7,73.79,45.03
413,6,player,1,230.3,4.9,266.7,53.2,74.08,-1.05
413,7,player,1,85.4,6.3,120.8,53.6,30.1,-0.93
413,8,player,1,20.2,4.8,52.3,53.8,9.81,-0.86
413,9,player,2,157.0,8.6,189.4,53.6,51.34,-0.96
413,10,player,1,292.9,6.0,328.7,53.9,92.88,-0.97
413,255,player,1,0.0,355.7,24.0,414.4,1.67,58.8
413,265,player,1,140.1,277.5,166.5,323.8,45.23,43.48
413,264,player,1,62.6,264.3,91.1,308.5,21.8,41.01
413,263,player,1,189.1,293.0,218.1,339.6,60.61,46.06
413,291,player,1,227.6,305.6,260.8,334.0,73.03,45.08
414,6,player,1,230.4,4.9,266.7,53.1,74.1,-1.07
414,7,player,1,85.4,6.3,120.8,53.6,30.1,-0.93
414,8,player,1,20.2,4.8,52.3,53.8,9.82,-0.86
414,9,player,2,157.0,8.6,189.4,53.5,51.33,-0.97
414,10,player,1,294.0,6.0,329.6,53.8,93.17,-0.99
414,255,player,1,0.0,355.2,24.5,414.0,1.75,58.72
414,265,player,1,142.0,276.8,167.9,322.2,45.74,43.22
414,264,player,1,65.2,264.4,93.7,309.1,22.6,41.12
414,263,player,1,190.2,292.4,219.8,338.4,61.05,45.86
414,291,player,1,225.6,304.9,261.1,334.2,72.77,45.11
414,296,player,1,94.8,253.8,112.7,293.6,30.06,38.52
415,6,player,1,230.4,4.9,266.7,53.1,74.11,-1.08
415,7,player,1,85.4,6.3,120.8,53.6,30.1,-0.93
415,8,player,1,20.2,4.8,52.3,53.9,9.82,-0.85
415,9,player,2,157.0,8.6,189.4,53.6,51.33,-0.97
415,10,player,1,294.4,6.0,329.9,53.8,93.29,-0.98
415,255,player,1,1.8,354.5,26.9,413.1,2.39,58.58
415,265,player,1,147.2,275.4,173.7,321.3,47.42,43.06
415,264,player,1,70.5,264.2,98.0,308.9,24.07,41.08
415,263,player,1,193.5,292.1,222.9,336.7,62.03,45.57
415,291,player,1,225.9,304.3,262.0,333.6,72.95,45.01
415,296,player,1,101.1,253.3,118.4,292.7,31.91,38.35
416,6,player,1,230.5,4.9,266.8,53.1,74.14,-1.07
416,7,player,1,85.3,6.3,120.8,53.6,30.1,-0.92
416,8,player,1,20.2,4.8,52.4,54.0,9.82,-0.84
416,9,player,2,157.1,8.6,189.5,53.5,51.37,-0.97
416,10,player,1,294.7,6.0,330.0,53.7,93.34,-1.01
416,255,player,1,6.2,354.0,30.9,411.1,3.69,58.23
416,265,player,1,153.6,273.8,180.9,320.8,49.49,42.96
416,264,player,1,76.2,263.2,102.9,308.2,25.69,40.95
416,263,player,1,200.0,291.7,231.3,337.6,64.29,45.71
416,291,player,1,228.5,304.0,265.1,333.8,73.83,45.04
417,6,player,1,230.3,4.9,266.6,53.1,74.07,-1.07
417,7,player,1,85.4,6.3,120.8,53.6,30.1,-0.93
417,8,player,1,20.2,4.8,52.4,54.0,9.82,-0.83
417,9,player,2,157.1,8.6,189.5,53.6,51.37,-0.96
417,10,player,1,294.7,6.0,329.9,53.6,93.33,-1.01
417,255,player,1,11.0,353.7,35.3,409.5,5.11,57.96
417,265,player,1,162.0,272.8,189.4,320.3,52.08,42.88
417,264,player,1,83.7,262.1,109.1,306.4,27.8,40.65
417,291,player,1,233.5,304.0,268.2,332.7,75.06,44.85
418,6,player,1,230.1,4.9,266.5,53.2,74.03,-1.06
418,7,player,1,85.4,6.3,120.8,53.5,30.1,-0.93
418,8,player,1,20.2,4.8,52.4,54.0,9.82,-0.83
418,9,player,2,157.0,8.6,189.5,53.5,51.35,-0.97
418,10,player,1,294.7,6.0,329.9,53.7,93.33,-1.01
418,255,player,1,15.9,353.2,40.5,410.0,6.67,58.04
418,265,player,1,170.7,272.6,197.3,319.8,54.61,42.78
418,264,player,1,93.1,261.4,117.0,303.3,30.47,40.12
418,291,player,1,238.6,303.9,271.1,331.5,76.29,44.64
419,6,player,1,230.0,4.9,266.5,53.1,74.02,-1.06
419,7,player,1,85.4,6.3,120.8,53.5,30.1,-0.93
419,8,player,1,20.2,4.8,52.4,54.0,9.83,-0.82
419,9,player,2,157.2,8.6,189.7,53.5,51.41,-0.97
419,10,player,1,294.7,6.0,329.8,53.6,93.31,-1.01
419,255,player,1,21.9,351.4,46.3,409.1,8.49,57.88
419,265,player,1,180.6,271.9,207.1,319.4,57.62,42.71
419,291,player,1,232.1,294.7,274.1,331.7,75.74,44.69
419,296,player,1,109.1,259.8,128.1,302.0,34.61,39.89
420,6,player,1,230.1,4.9,266.6,53.1,74.04,-1.08
420,7,player,1,85.4,6.3,120.8,53.5,30.1,-0.95
420,8,player,1,20.2,4.8,52.4,54.0,9.83,-0.84
420,9,player,2,157.1,8.6,189.6,53.5,51.37,-0.98
420,10,player,1,294.6,6.0,329.7,53.7,93.28,-1.0
420,255,player,1,28.5,349.5,52.6,407.1,10.48,57.53
420,265,player,1,189.8,270.3,217.2,319.8,60.59,42.77
420,291,player,1,232.0,290.6,275.5,330.6,75.95,44.51
420,319,player,1,141.9,257.3,164.2,293.5,45.15,38.45
420,296,player,1,115.4,261.0,134.8,303.4,36.6,40.11
421,6,player,1,230.2,4.9,266.6,53.0,74.05,-1.08
421,7,player,1,85.4,6.3,120.8,53.4,30.1,-0.95
421,8,player,1,20.2,4.8,52.4,53.9,9.83,-0.84
421,9,player,2,157.1,8.6,189.5,53.5,51.36,-0.98
421,10,player,1,294.5,6.0,329.7,53.7,93.27,-1.0
421,255,player,1,31.0,348.8,54.9,406.3,11.22,57.41
421,265,player,1,193.3,269.7,220.8,320.0,61.66,42.79
421,291,player,1,232.5,288.8,275.8,330.4,76.06,44.47
421,319,player,1,143.0,257.4,165.4,293.8,45.51,38.5
421,296,player,1,117.5,261.4,137.3,303.8,37.3,40.19
422,6,player,1,230.3,4.9,266.8,53.1,74.11,-1.07
422,7,player,1,85.3,6.3,120.8,53.6,30.09,-0.93
422,8,player,1,20.2,4.8,52.4,54.0,9.84,-0.82
422,9,player,2,157.0,8.6,189.4,53.5,51.34,-0.98
422,10,player,1,294.7,6.0,329.8,53.7,93.32,-1.0
422,255,player,1,36.7,347.6,60.1,403.3,12.9,56.89
422,265,player,1,201.9,268.7,228.4,316.0,64.13,42.11
422,291,player,1,234.2,287.6,278.6,331.8,76.75,44.69
422,319,player,1,151.3,256.0,173.8,292.6,48.06,38.29
422,296,player,1,123.1,262.4,142.6,303.7,38.97,40.17
423,6,player,1,230.4,4.9,266.9,53.3,74.13,-1.05
423,7,player,1,85.3,6.3,120.8,53.5,30.08,-0.94
423,8,player,1,20.2,4.8,52.4,53.9,9.83,-0.84
423,9,player,2,157.0,8.5,189.5,53.6,51.35,-0.96
423,10,player,1,294.9,6.0,330.1,54.1,93.39,-0.94
423,255,player,1,43.3,346.2,66.6,401.0,14.93,56.5
423,265,player,1,211.2,268.0,237.4,314.2,66.93,41.81
423,291,player,1,244.2,287.0,286.0,330.1,79.41,44.41
423,296,player,1,131.6,263.0,150.8,302.9,41.53,40.03
424,6,player,1,230.4,4.9,266.9,53.3,74.14,-1.04
424,7,player,1,85.3,6.3,120.7,53.5,30.08,-0.95
424,8,player,1,20.2,4.8,52.4,53.9,9.83,-0.85
424,9,player,2,157.0,8.5,189.6,53.6,51.35,-0.95
424,10,player,1,295.0,6.0,330.2,54.2,93.41,-0.92
424,255,player,1,45.6,345.7,68.9,400.2,15.65,56.36
424,265,player,1,214.2,267.8,240.7,313.6,67.9,41.71
424,291,player,1,248.7,286.8,288.7,329.4,80.5,44.29
424,296,player,1,134.6,263.2,153.8,302.6,42.45,39.97
425,6,player,1,230.5,4.9,266.9,53.3,74.15,-1.04
425,7,player,1,85.3,6.3,120.7,53.4,30.07,-0.96
425,8,player,1,20.2,4.8,52.4,53.9,9.83,-0.85
425,9,player,2,156.8,8.5,189.5,53.7,51.33,-0.94
425,10,player,1,295.0,6.0,330.0,54.0,93.4,-0.95
425,255,player,1,55.9,344.8,79.2,399.1,18.82,56.15
425,265,player,1,224.4,269.4,249.7,314.1,70.84,41.77
425,291,player,1,249.2,291.4,283.8,328.9,79.84,44.2
426,6,player,1,230.5,4.9,266.9,53.3,74.15,-1.04
426,7,player,1,85.3,6.3,120.7,53.4,30.06,-0.96
426,8,player,1,20.2,4.7,52.4,53.9,9.82,-0.85
426,9,player,2,156.8,8.5,189.5,53.7,51.31,-0.93
426,10,player,1,295.1,6.0,329.9,53.9,93.4,-0.97
426,255,player,1,59.7,344.4,82.9,398.7,19.97,56.08
426,265,player,1,228.1,270.0,252.7,314.3,71.86,41.8
426,291,player,1,249.5,293.5,281.5,328.6,79.54,44.16
426,321,player,1,177.8,255.8,199.5,288.8,56.05,37.63
426,322,player,1,274.3,287.9,306.9,332.6,87.2,44.79
426,323,player,1,147.8,263.7,173.9,298.3,47.53,39.24
427,6,player,1,230.5,4.9,267.0,53.3,74.16,-1.03
427,7,player,1,85.3,6.3,120.7,53.5,30.07,-0.95
427,8,player,1,20.2,4.7,52.5,54.1,9.83,-0.81
427,9,player,2,156.8,8.5,189.5,53.8,51.32,-0.93
427,10,player,1,295.1,6.0,329.8,53.7,93.39,-1.01
427,255,player,1,64.5,344.2,87.3,398.0,21.39,55.96
427,265,player,1,234.5,268.9,258.7,313.3,73.74,41.64
427,291,player,1,250.5,291.5,283.5,328.4,79.98,44.13
427,321,player,1,182.7,255.8,203.6,287.5,57.41,37.41
427,322,player,1,278.9,288.6,311.5,333.2,88.6,44.89
427,323,player,1,154.2,264.0,179.5,297.5,49.37,39.11
428,6,player,1,230.4,4.9,266.9,53.4,74.13,-1.02
428,7,player,1,85.2,6.3,120.7,53.6,30.07,-0.92
428,8,player,1,20.2,4.7,52.4,53.8,9.83,-0.86
428,9,player,2,156.9,8.6,189.4,53.7,51.32,-0.94
428,10,player,1,295.0,6.0,329.8,53.8,93.36,-0.99
428,255,player,1,70.6,343.1,93.3,397.2,23.25,55.81
428,265,player,1,241.9,268.1,265.3,311.5,75.87,41.33
428,291,player,1,253.7,289.4,287.0,328.1,81.01,44.06
428,321,player,1,189.8,255.9,210.7,287.7,59.58,37.44
428,322,player,1,285.1,289.1,316.9,332.6,90.37,44.77
428,323,player,1,162.3,264.2,187.3,297.2,51.8,39.04
428,325,player,1,14.7,391.3,46.2,455.0,7.29,65.61
429,6,player,1,230.4,4.9,266.9,53.4,74.13,-1.03
429,7,player,1,85.2,6.3,120.7,53.6,30.07,-0.92
429,8,player,1,20.2,4.7,52.3,53.8,9.82,-0.87
429,9,player,2,156.9,8.6,189.4,53.7,51.31,-0.94
429,10,player,1,294.9,6.0,329.7,53.9,93.33,-0.96
429,255,player,1,76.5,341.6,98.9,395.3,25.04,55.49
429,291,player,1,255.6,287.9,288.6,327.3,81.54,43.93
429,321,player,1,195.6,255.9,217.2,288.6,61.46,37.59
429,322,player,1,288.9,288.7,319.8,331.3,91.38,44.56
429,323,player,1,168.7,265.8,193.7,298.5,53.77,39.26
429,325,player,1,19.6,389.2,50.7,452.0,8.74,65.09
430,6,player,1,230.2,4.9,266.7,53.3,74.07,-1.03
430,7,player,1,85.3,6.3,120.8,53.7,30.08,-0.91
430,8,player,1,20.2,4.8,52.4,54.0,9.82,-0.84
430,9,player,2,156.9,8.6,189.3,53.7,51.3,-0.94
430,10,player,1,294.8,6.0,329.7,54.1,93.32,-0.93
430,255,player,1,82.6,340.0,104.7,393.4,26.87,55.16
430,291,player,1,251.1,274.5,293.0,326.5,81.53,43.8
430,321,player,1,200.2,255.9,221.7,288.6,62.85,37.58
430,322,player,1,294.3,288.3,322.2,327.0,92.57,43.85
430,323,player,1,175.3,267.4,201.8,301.7,56.0,39.77
430,325,player,1,25.6,387.7,56.1,449.2,10.51,64.62
430,331,player,1,24.3,280.3,44.3,324.3,8.71,43.7
431,6,player,1,230.1,4.9,266.7,53.3,74.06,-1.03
431,7,player,1,85.3,6.3,120.8,53.7,30.09,-0.91
431,8,player,1,20.2,4.8,52.4,53.9,9.83,-0.85
431,9,player,2,156.8,8.6,189.3,53.7,51.3,-0.94
431,10,player,1,294.7,6.0,329.7,54.2,93.3,-0.92
431,255,player,1,84.7,339.4,106.7,392.7,27.5,55.05
431,291,player,1,250.1,269.6,294.1,326.2,81.54,43.75
431,321,player,1,201.6,255.9,223.0,288.6,63.26,37.58
431,322,player,1,295.9,288.2,322.7,325.7,92.89,43.62
431,323,player,1,177.1,267.8,204.5,302.7,56.7,39.94
431,325,player,1,27.2,387.2,57.7,448.5,11.0,64.49
431,331,player,1,25.2,280.2,45.1,324.0,8.97,43.65
432,6,player,1,230.1,4.9,266.7,53.3,74.06,-1.03
432,7,player,1,85.3,6.3,120.8,53.7,30.09,-0.91
432,8,player,1,20.2,4.7,52.4,53.9,9.83,-0.85
432,9,player,2,156.9,8.6,189.3,53.6,51.29,-0.95
432,10,player,1,294.7,6.0,329.6,54.0,93.3,-0.95
432,255,player,1,88.5,337.8,110.6,391.7,28.68,54.88
432,321,player,1,206.8,256.2,228.0,288.4,64.81,37.54
432,322,player,1,300.6,288.8,327.9,327.3,94.4,43.88
432,323,player,1,182.2,268.2,208.4,301.8,58.07,39.78
432,325,player,1,30.6,385.8,61.3,447.8,12.08,64.36
432,331,player,1,32.6,279.2,52.4,322.7,11.25,43.42
432,265,player,1,260.4,267.9,289.6,323.5,82.42,43.29
433,6,player,1,230.1,4.9,266.7,53.3,74.06,-1.04
433,7,player,1,85.3,6.3,120.8,53.6,30.08,-0.92
433,8,player,1,20.2,4.7,52.4,53.9,9.82,-0.85
433,9,player,2,157.0,8.6,189.5,53.7,51.34,-0.95
433,10,player,1,294.7,6.0,329.6,54.1,93.29,-0.94
433,255,player,1,93.3,336.5,114.8,389.1,30.07,54.44
433,321,player,1,210.4,255.2,232.3,288.1,66.01,37.48
433,322,player,1,305.1,289.2,330.6,325.2,95.48,43.54
433,323,player,1,186.8,268.4,212.5,301.8,59.39,39.78
433,325,player,1,33.6,384.2,64.2,446.1,12.99,64.07
433,331,player,1,40.1,278.4,57.7,316.3,13.22,42.35
433,265,player,1,264.7,267.6,293.4,324.0,83.66,43.38
434,6,player,1,229.9,4.9,266.6,53.3,74.01,-1.04
434,7,player,1,85.3,6.3,120.7,53.6,30.08,-0.93
434,8,player,1,20.2,4.8,52.4,54.1,9.83,-0.81
434,9,player,2,157.1,8.6,189.5,53.6,51.36,-0.96
434,10,player,1,294.7,6.0,329.5,53.9,93.27,-0.98
434,255,player,1,97.7,335.7,118.6,387.1,31.33,54.1
434,321,player,1,213.3,254.1,236.1,288.2,67.04,37.51
434,322,player,1,309.1,289.8,334.7,325.7,96.73,43.62
434,323,player,1,190.1,268.4,215.3,302.1,60.34,39.82
434,325,player,1,35.6,382.9,64.7,442.6,13.39,63.48
434,331,player,1,46.3,278.1,62.8,313.0,14.96,41.8
434,265,player,1,274.0,267.0,304.0,324.0,86.68,43.36
435,6,player,1,229.9,4.9,266.6,53.3,74.0,-1.04
435,7,player,1,85.3,6.3,120.7,53.6,30.08,-0.92
435,8,player,1,20.2,4.8,52.4,54.1,9.83,-0.81
435,9,player,2,157.2,8.6,189.6,53.6,51.39,-0.96
435,10,player,1,294.8,6.0,329.5,53.8,93.28,-1.0
435,255,player,1,101.8,335.4,121.5,383.7,32.4,53.52
435,321,player,1,215.0,253.6,237.2,286.8,67.47,37.27
435,322,player,1,313.3,290.2,338.8,325.4,97.99,43.56
435,323,player,1,193.3,268.2,217.7,301.8,61.18,39.77
435,325,player,1,37.8,381.5,65.7,439.8,13.88,63.01
435,331,player,1,50.5,276.5,67.4,312.2,16.31,41.65
436,6,player,1,229.8,4.9,266.5,53.3,73.99,-1.04
436,7,player,1,85.3,6.3,120.7,53.5,30.08,-0.93
436,8,player,1,20.2,4.8,52.5,54.2,9.83,-0.8
436,9,player,2,157.2,8.6,189.6,53.5,51.4,-0.97
436,10,player,1,294.7,6.0,329.6,53.9,93.28,-0.97
436,255,player,1,105.5,335.3,124.7,382.5,33.47,53.32
436,321,player,1,216.6,252.9,238.3,285.5,67.87,37.05
436,322,player,1,316.5,290.7,341.6,324.7,98.9,43.43
436,323,player,1,199.1,268.1,223.5,301.5,62.97,39.72
436,325,player,1,40.1,380.3,67.7,439.0,14.56,62.88
436,331,player,1,54.2,276.2,71.0,311.7,17.42,41.57
436,337,player,1,270.9,283.7,289.3,321.8,83.97,43.0
436,265,player,1,283.2,265.4,305.2,306.6,88.27,40.47
437,6,player,1,229.8,4.9,266.6,53.2,73.99,-1.05
437,7,player,1,85.4,6.3,120.7,53.5,30.08,-0.94
437,8,player,1,20.2,4.8,52.5,54.2,9.83,-0.79
437,9,player,2,157.2,8.6,189.7,53.5,51.4,-0.97
437,10,player,1,294.7,6.0,329.5,53.9,93.27,-0.98
437,255,player,1,106.7,335.3,125.7,382.1,33.81,53.25
437,321,player,1,216.8,252.6,238.4,285.1,67.92,36.98
437,322,player,1,317.3,290.9,342.5,324.4,99.17,43.39
437,323,player,1,201.1,268.0,225.5,301.4,63.56,39.7
437,325,player,1,41.1,379.9,68.2,438.8,14.78,62.85
437,331,player,1,55.3,276.2,71.9,311.7,17.74,41.56
437,337,player,1,270.7,282.9,289.4,321.5,83.96,42.97
437,265,player,1,284.0,265.2,303.9,301.9,88.17,39.7
438,6,player,1,230.0,4.9,266.8,53.3,74.05,-1.04
438,7,player,1,85.4,6.3,120.7,53.5,30.08,-0.94
438,8,player,1,20.1,4.8,52.6,54.5,9.84,-0.75
438,9,player,2,157.2,8.6,189.7,53.6,51.4,-0.96
438,10,player,1,294.7,6.0,329.5,53.7,93.28,-1.0
438,255,player,1,109.0,335.2,128.3,382.9,34.57,53.38
438,321,player,1,217.1,251.8,238.7,284.5,68.01,36.88
438,322,player,1,319.1,291.3,344.5,324.6,99.74,43.42
438,323,player,1,204.0,267.9,228.4,301.0,64.46,39.62
438,325,player,1,43.3,378.6,70.0,437.6,15.41,62.64
438,331,player,1,56.5,275.1,73.7,311.7,18.2,41.56
438,337,player,1,270.7,282.7,289.2,320.6,83.92,42.81
438,265,player,1,286.5,264.7,306.2,301.2,88.89,39.58
439,6,player,1,230.2,4.9,266.9,53.3,74.1,-1.04
439,7,player,1,85.3,6.3,120.7,53.5,30.07,-0.94
439,8,player,1,20.2,4.7,52.4,54.1,9.83,-0.82
439,9,player,2,157.0,8.6,189.5,53.5,51.34,-0.98
439,10,player,1,294.8,6.0,329.6,53.8,93.3,-0.99
439,255,player,1,111.3,333.9,131.2,383.6,35.37,53.49
439,322,player,1,321.2,291.9,346.7,325.0,100.4,43.48
439,323,player,1,206.8,267.9,231.2,300.8,65.3,39.58
439,325,player,1,46.6,378.5,73.5,438.5,16.44,62.78
439,331,player,1,58.7,273.9,76.2,311.6,18.91,41.55
439,337,player,1,269.6,281.6,288.5,320.1,83.65,42.73
439,265,player,1,289.8,264.3,309.2,300.1,89.86,39.4
439,319,player,1,216.9,251.0,234.5,279.5,67.34,36.05
440,6,player,1,230.2,4.9,266.9,53.3,74.1,-1.04
440,7,player,1,85.4,6.3,120.7,53.5,30.08,-0.94
440,8,player,1,20.2,4.7,52.3,53.9,9.82,-0.85
440,9,player,2,156.9,8.6,189.4,53.5,51.31,-0.97
440,10,player,1,294.9,6.0,329.7,53.8,93.32,-0.98
440,255,player,1,115.7,332.9,135.6,383.6,36.72,53.48
440,322,player,1,324.1,292.7,349.5,325.8,101.26,43.61
440,323,player,1,210.3,268.6,234.1,300.3,66.28,39.51
440,325,player,1,48.6,378.2,75.3,438.2,17.03,62.73
440,331,player,1,61.2,272.6,79.2,312.0,19.76,41.61
440,337,player,1,270.2,281.9,288.6,319.0,83.76,42.54
440,265,player,1,293.6,264.7,312.1,299.6,90.88,39.31
440,341,player,1,3.2,299.0,15.2,339.0,0.97,46.18
440,319,player,1,218.3,249.8,236.5,279.2,67.85,36.0
441,6,player,1,230.2,4.9,266.9,53.3,74.1,-1.03
441,7,player,1,85.4,6.3,120.7,53.5,30.08,-0.95
441,8,player,1,20.3,4.7,52.3,53.7,9.83,-0.87
441,9,player,2,156.9,8.6,189.3,53.5,51.3,-0.97
441,10,player,1,295.0,6.0,329.7,53.9,93.34,-0.98
441,255,player,1,120.1,331.9,140.0,383.3,38.05,53.43
441,322,player,1,326.4,292.5,352.1,326.4,102.01,43.7
441,323,player,1,213.2,268.9,237.2,300.5,67.21,39.54
441,325,player,1,51.1,378.5,77.4,438.0,17.74,62.7
441,331,player,1,63.6,272.2,81.7,312.2,20.51,41.65
441,337,player,1,270.9,281.8,289.8,318.9,84.05,42.53
441,265,player,1,297.5,264.2,315.7,300.0,92.02,39.36
441,341,player,1,4.9,299.1,17.2,339.5,1.55,46.25
441,319,player,1,220.5,249.6,238.7,279.1,68.52,35.98
442,6,player,1,230.2,5.0,266.8,53.3,74.09,-1.03
442,7,player,1,85.4,6.3,120.7,53.5,30.08,-0.94
442,8,player,1,20.2,4.8,52.4,54.0,9.83,-0.82
442,9,player,2,156.9,8.6,189.4,53.6,51.31,-0.95
442,10,player,1,295.0,6.0,329.8,53.9,93.36,-0.97
442,255,player,1,124.4,331.4,143.9,381.5,39.32,53.13
442,322,player,1,328.6,292.0,354.5,326.6,102.71,43.74
442,323,player,1,216.1,269.0,240.6,301.4,68.16,39.68
442,325,player,1,53.3,378.6,79.0,437.5,18.34,62.61
442,331,player,1,66.7,271.9,84.7,312.2,21.44,41.64
442,337,player,1,272.9,281.5,292.2,318.7,84.72,42.5
442,265,player,1,302.3,264.0,320.3,300.5,93.45,39.45
442,341,player,1,8.3,298.6,21.1,339.8,2.66,46.3
442,319,player,1,222.5,249.5,241.4,279.9,69.25,36.12
443,6,player,1,230.3,5.0,266.9,53.4,74.12,-1.02
443,7,player,1,85.4,6.3,120.7,53.5,30.08,-0.95
443,8,player,1,20.2,4.7,52.4,54.0,9.84,-0.83
443,9,player,2,156.9,8.5,189.4,53.7,51.32,-0.93
443,10,player,1,295.1,6.0,329.8,54.0,93.37,-0.96
443,255,player,1,129.5,331.6,147.7,377.9,40.7,52.51
443,322,player,1,330.2,291.0,356.4,327.1,103.25,43.82
443,323,player,1,218.7,267.1,244.7,301.8,69.19,39.74
443,325,player,1,56.4,378.7,79.7,432.8,18.92,61.81
443,331,player,1,69.4,272.5,87.6,313.6,22.31,41.87
443,337,player,1,276.7,281.2,296.6,319.2,85.98,42.58
443,265,player,1,308.0,264.1,325.2,300.2,95.05,39.38
443,341,player,1,12.5,298.3,25.4,339.2,3.97,46.19
443,344,player,,224.1,249.8,235.6,270.0,68.6,34.47
444,6,player,1,230.3,5.0,266.9,53.4,74.12,-1.02
444,7,player,1,85.4,6.3,120.7,53.5,30.08,-0.95
444,8,player,1,20.2,4.7,52.4,54.0,9.84,-0.83
444,9,player,2,156.9,8.5,189.4,53.8,51.31,-0.93
444,10,player,1,295.1,6.0,329.8,54.0,93.38,-0.95
444,255,player,1,131.1,331.7,149.1,376.5,41.15,52.29
444,322,player,1,330.9,290.6,356.9,327.3,103.43,43.85
444,323,player,1,219.7,266.4,246.1,301.9,69.55,39.76
444,325,player,1,57.4,378.8,79.7,431.0,19.09,61.51
444,331,player,1,70.4,272.8,88.5,314.1,22.61,41.95
444,337,player,1,277.9,281.1,298.1,319.4,86.39,42.61
444,265,player,1,310.0,264.1,326.7,300.1,95.59,39.37
444,341,player,1,13.7,298.2,26.9,338.9,4.38,46.15
444,344,player,,224.6,249.9,235.9,269.8,68.72,34.44
445,7,player,1,85.2,6.3,120.8,53.9,30.07,-0.88
445,8,player,1,20.1,4.8,52.2,53.9,9.79,-0.84
446,7,player,1,85.2,6.3,120.8,54.1,30.08,-0.85
446,8,player,1,20.2,4.9,52.2,53.9,9.79,-0.84
446,345,player,1,1.9,227.6,132.5,478.4,18.6,69.49
446,346,player,1,186.3,150.6,351.6,424.2,80.7,60.09
446,6,player,1,230.5,5.0,266.9,53.2,74.16,-1.05
447,7,player,1,85.2,6.3,120.8,54.1,30.08,-0.84
447,8,player,1,20.1,4.8,52.1,53.9,9.77,-0.84
447,345,player,1,5.3,229.2,135.3,478.4,19.56,69.5
447,346,player,1,187.3,154.0,349.2,421.1,80.48,59.57
448,7,player,1,85.2,6.3,120.9,54.1,30.09,-0.84
448,8,player,1,20.1,4.8,52.2,53.9,9.78,-0.85
448,345,player,1,9.0,228.8,139.8,478.5,20.83,69.5
448,346,player,1,180.1,146.7,352.7,431.0,79.91,61.24
449,7,player,1,85.3,6.3,120.9,54.1,30.09,-0.84
449,8,player,1,20.2,4.8,52.2,53.9,9.79,-0.85
449,345,player,1,11.9,228.7,143.3,477.8,21.83,69.38
449,346,player,1,176.6,148.9,351.2,435.3,79.16,61.97
449,6,player,1,230.4,5.1,266.7,53.2,74.1,-1.06
450,7,player,1,85.3,6.4,120.9,54.1,30.09,-0.85
450,8,player,1,20.2,4.8,52.2,53.9,9.8,-0.85
450,345,player,1,11.1,216.3,149.1,476.2,22.58,69.1
450,346,player,1,177.6,150.0,347.0,425.9,78.66,60.39
451,7,player,1,85.3,6.4,120.8,54.1,30.09,-0.85
451,8,player,1,20.2,4.8,52.3,54.0,9.81,-0.82
451,345,player,1,12.0,212.2,153.7,476.7,23.44,69.19
451,346,player,1,176.0,137.6,352.0,423.4,79.17,59.96
451,9,player,2,156.7,8.6,189.1,53.8,51.24,-0.93
452,7,player,1,85.2,6.4,120.8,54.2,30.08,-0.83
452,8,player,1,20.2,4.8,52.3,54.0,9.82,-0.84
452,345,player,1,13.4,214.6,155.6,476.9,23.95,69.22
452,346,player,1,191.1,152.8,360.0,429.0,82.72,60.89
452,348,player,2,256.9,6.1,355.6,231.6,91.8,28.08
453,7,player,1,85.2,6.4,120.8,54.2,30.07,-0.83
453,8,player,1,20.3,4.8,52.5,54.0,9.86,-0.83
453,345,player,1,15.5,220.4,157.3,477.8,24.53,69.37
453,346,player,1,200.2,164.1,359.7,424.0,84.06,60.04
454,7,player,1,85.3,6.3,120.8,54.1,30.09,-0.84
454,8,player,1,20.2,4.8,52.4,54.0,9.83,-0.82
454,345,player,1,14.3,214.1,160.9,476.8,24.9,69.19
454,346,player,1,198.4,179.2,346.3,415.0,81.73,58.55
455,7,player,1,85.3,6.3,120.8,54.2,30.08,-0.82
455,8,player,1,20.2,4.7,52.3,54.0,9.81,-0.83
455,345,player,1,13.0,208.2,164.5,476.3,25.25,69.11
455,10,player,1,295.2,6.1,330.1,54.4,93.44,-0.9
455,6,player,1,230.6,5.0,266.9,53.2,74.17,-1.06
456,7,player,1,85.2,6.3,120.9,54.4,30.09,-0.8
456,345,player,1,15.7,221.7,162.8,477.0,25.4,69.23
456,10,player,1,294.9,6.0,329.8,54.3,93.35,-0.9
456,6,player,1,230.6,5.0,266.9,53.0,74.16,-1.09
456,9,player,2,157.0,8.6,189.4,53.7,51.34,-0.94
457,7,player,1,85.2,6.3,120.8,54.3,30.08,-0.8
457,345,player,1,23.2,204.8,154.2,423.2,25.3,60.17
457,6,player,1,230.6,4.9,267.0,53.1,74.17,-1.07
458,345,player,1,24.0,195.8,150.3,399.1,24.85,56.13
458,6,player,1,230.5,4.9,266.8,53.0,74.14,-1.09
458,8,player,1,18.7,4.5,57.6,64.5,10.37,0.87
458,9,player,2,156.7,8.6,189.2,53.6,51.25,-0.96
459,345,player,1,23.6,193.8,150.6,391.2,24.85,54.82
459,9,player,2,156.7,8.5,189.2,53.6,51.26,-0.96
459,7,player,1,85.2,6.3,120.9,54.5,30.08,-0.77
460,345,player,1,11.8,189.4,168.0,430.9,25.67,61.47
460,9,player,2,156.7,8.6,189.1,53.6,51.24,-0.95
460,7,player,1,85.2,6.3,120.7,54.2,30.06,-0.83
460,348,player,1,268.4,5.8,341.3,171.7,91.29,18.24
460,6,player,1,230.5,4.9,266.9,53.2,74.14,-1.06
460,8,player,1,20.1,4.8,53.8,56.7,10.01,-0.4
461,345,player,1,16.1,186.6,164.9,410.4,25.86,58.03
461,9,player,2,156.9,8.6,189.3,53.6,51.31,-0.96
461,7,player,1,85.4,6.3,120.7,53.8,30.08,-0.89
461,351,player,1,285.6,199.3,358.1,463.1,96.98,66.55
461,6,player,1,229.9,4.9,266.5,53.0,74.0,-1.08
461,8,player,1,20.3,4.9,52.8,54.8,9.89,-0.7
462,345,player,1,19.7,185.3,157.3,385.4,25.28,53.84
462,9,player,2,157.0,8.6,189.4,53.5,51.34,-0.97
462,7,player,1,85.4,6.3,120.6,53.7,30.06,-0.91
462,6,player,1,227.7,4.9,265.0,53.0,73.43,-1.09
462,8,player,1,20.3,4.8,52.5,54.1,9.86,-0.82
463,345,player,1,18.4,179.6,156.9,375.9,25.04,52.25
463,9,player,2,156.9,8.7,189.4,53.7,51.31,-0.94
463,7,player,1,85.4,6.3,120.6,53.7,30.08,-0.92
463,6,player,1,229.1,4.9,266.3,53.0,73.86,-1.09
463,8,player,1,20.4,5.0,52.5,54.1,9.87,-0.81
464,345,player,1,16.5,175.5,160.1,374.8,25.23,52.06
464,9,player,2,156.9,8.7,189.2,53.6,51.28,-0.95
464,7,player,1,85.5,6.3,120.7,53.6,30.09,-0.92
464,6,player,1,229.4,4.9,266.6,53.0,73.94,-1.09
464,8,player,1,20.5,5.1,52.6,54.0,9.91,-0.82
464,10,player,1,295.1,6.0,329.7,54.2,93.36,-0.92
465,345,player,1,17.5,176.7,158.5,367.5,25.15,50.84
465,9,player,2,156.7,8.6,189.0,53.5,51.23,-0.97
465,7,player,1,85.3,6.3,120.6,53.8,30.05,-0.89
465,6,player,1,229.7,4.9,267.0,53.1,74.05,-1.07
465,8,player,1,20.4,5.0,52.3,53.7,9.84,-0.88
465,10,player,1,295.2,6.0,329.7,54.1,93.38,-0.94
466,345,player,1,14.9,176.6,157.0,365.1,24.52,50.44
466,9,player,2,156.8,8.5,189.1,53.5,51.25,-0.98
466,7,player,1,85.1,6.3,120.6,53.9,30.02,-0.87
466,6,player,1,229.9,4.9,267.1,53.2,74.09,-1.06
466,8,player,1,20.3,4.9,52.3,53.7,9.84,-0.87
466,10,player,1,295.2,6.0,329.8,54.3,93.39,-0.91
467,345,player,1,15.4,177.1,164.4,370.7,25.74,51.38
467,9,player,2,156.6,8.5,189.0,53.4,51.22,-0.99
467,7,player,1,84.8,6.3,120.3,53.9,29.93,-0.88
467,6,player,1,229.8,4.9,267.1,53.2,74.07,-1.06
467,8,player,1,20.3,4.9,52.2,53.4,9.81,-0.93
467,10,player,1,295.3,6.0,329.8,54.1,93.4,-0.94
468,345,player,1,10.8,180.9,164.0,377.8,24.96,52.57
468,9,player,2,156.9,8.5,189.5,53.4,51.33,-0.98
468,7,player,1,84.9,6.3,120.3,53.7,29.96,-0.92
468,8,player,1,20.2,5.0,52.3,53.8,9.81,-0.87
468,346,player,1,211.5,125.4,360.0,394.0,85.8,55.02
469,345,player,1,12.5,181.5,172.9,384.1,26.57,53.62
469,9,player,2,157.0,8.6,189.4,53.4,51.34,-0.99
469,7,player,1,85.1,6.3,120.5,53.6,30.02,-0.92
469,8,player,1,20.2,4.9,52.3,53.7,9.82,-0.87
470,345,player,1,10.1,182.0,174.2,387.1,26.41,54.12
470,9,player,2,157.0,8.6,189.4,53.4,51.33,-0.98
470,7,player,1,85.2,6.3,120.6,53.6,30.04,-0.93
470,8,player,1,20.3,4.8,52.4,53.8,9.83,-0.87
470,6,player,1,230.3,5.0,267.3,53.2,74.17,-1.06
471,345,player,1,8.9,182.3,179.0,393.1,26.96,55.12
471,9,player,2,156.8,8.7,189.2,53.5,51.26,-0.97
471,7,player,1,85.0,6.3,120.5,53.6,30.0,-0.92
471,8,player,1,20.2,4.8,52.3,53.7,9.82,-0.87
471,356,player,1,245.9,58.8,357.0,324.2,90.48,43.39
471,346,player,1,197.5,126.2,360.0,411.4,83.67,57.94
472,345,player,1,6.3,194.3,179.4,407.9,26.6,57.59
472,9,player,2,156.8,8.6,189.3,53.6,51.29,-0.95
472,7,player,1,85.2,6.3,120.7,53.8,30.05,-0.9
472,8,player,1,20.2,4.9,52.4,53.9,9.83,-0.84
472,356,player,1,233.3,59.2,344.9,324.2,86.72,43.39
472,346,player,1,202.9,154.3,346.3,408.4,82.42,57.44
472,10,player,1,295.0,6.0,329.8,54.6,93.37,-0.86
472,6,player,1,230.4,4.9,267.3,53.3,74.2,-1.05
473,345,player,1,6.5,204.4,176.2,412.0,26.14,58.28
473,9,player,2,157.0,8.5,189.6,53.7,51.36,-0.94
473,7,player,1,85.1,6.3,120.6,53.7,30.01,-0.91
473,8,player,1,20.3,4.9,52.4,53.7,9.84,-0.89
473,356,player,1,227.5,70.7,338.0,329.9,84.8,44.35
473,10,player,1,295.2,6.0,329.8,54.5,93.39,-0.87
473,6,player,1,230.3,5.0,267.0,53.0,74.14,-1.1
474,345,player,1,0.0,206.9,184.8,437.4,26.42,62.55
474,9,player,1,156.8,8.6,189.5,53.8,51.32,-0.92
474,7,player,1,84.3,6.2,120.0,53.4,29.82,-0.95
474,8,player,1,20.3,4.6,52.4,53.4,9.84,-0.93
474,10,player,1,295.3,5.9,329.7,54.1,93.4,-0.94
474,6,player,1,230.4,4.8,267.2,53.2,74.18,-1.05
474,346,player,1,177.7,128.4,339.8,415.9,77.57,58.72
475,345,player,1,0.0,207.6,186.4,443.7,26.68,63.61
475,9,player,1,156.8,8.5,189.6,53.9,51.33,-0.91
475,7,player,1,84.1,6.1,120.0,53.4,29.78,-0.96
475,8,player,1,20.3,4.5,52.4,53.3,9.84,-0.95
475,10,player,1,295.4,5.9,329.7,53.9,93.41,-0.97
475,6,player,1,230.4,4.7,267.3,53.4,74.2,-1.03
475,356,player,1,227.0,96.8,332.6,338.7,83.9,45.82
476,345,player,1,0.0,208.9,185.6,444.3,26.54,63.71
476,9,player,1,156.8,8.5,189.6,53.9,51.33,-0.91
476,7,player,1,84.2,6.1,120.1,53.2,29.8,-0.98
476,8,player,1,20.3,4.4,52.4,53.2,9.84,-0.95
476,10,player,1,295.4,5.8,329.7,53.9,93.4,-0.97
476,6,player,1,230.5,4.7,267.2,53.3,74.2,-1.05
476,356,player,1,226.5,97.1,334.9,339.5,84.17,45.95
477,345,player,1,1.9,208.4,179.7,428.4,25.94,61.05
477,9,player,1,156.9,8.6,189.6,53.8,51.34,-0.92
477,7,player,1,82.1,6.1,118.9,53.4,29.31,-0.96
477,8,player,1,20.2,4.4,52.3,53.3,9.81,-0.94
477,10,player,1,295.4,5.8,329.7,53.8,93.4,-0.98
477,6,player,1,230.6,4.8,267.1,53.1,74.19,-1.07
477,356,player,1,223.5,83.6,337.8,333.9,84.16,45.02
478,345,player,1,1.7,208.1,179.4,427.8,25.88,60.94
478,9,player,1,157.1,8.5,189.8,53.8,51.4,-0.93
478,7,player,1,81.8,6.1,118.9,53.4,29.27,-0.96
478,8,player,1,20.2,4.4,52.3,53.4,9.81,-0.92
478,10,player,1,295.4,5.9,329.7,53.8,93.41,-0.99
478,6,player,1,230.6,4.8,267.0,53.0,74.18,-1.08
478,356,player,1,219.4,74.5,338.1,330.0,83.57,44.38
479,345,player,1,4.0,207.1,176.1,418.5,25.74,59.37
479,9,player,1,156.9,8.5,189.7,53.8,51.36,-0.92
479,7,player,1,80.9,6.1,118.7,53.4,29.1,-0.95
479,8,player,1,20.2,4.4,52.3,53.5,9.8,-0.92
479,10,player,1,295.4,5.8,329.7,53.7,93.41,-1.0
479,6,player,1,230.6,4.8,267.0,53.1,74.18,-1.08
479,346,player,1,199.5,146.7,333.6,385.6,79.91,53.64
480,345,player,1,4.7,206.7,175.1,414.8,25.68,58.77
480,9,player,1,157.0,8.5,189.7,53.8,51.38,-0.92
480,7,player,1,81.0,6.1,119.0,53.4,29.16,-0.96
480,8,player,1,20.2,4.3,52.3,53.5,9.8,-0.91
480,10,player,1,295.4,5.8,329.7,53.8,93.41,-0.99
480,6,player,1,230.7,4.7,267.0,53.1,74.19,-1.08
480,346,player,1,202.5,148.8,333.1,382.6,80.3,53.14
481,345,player,1,0.0,196.0,181.1,419.2,25.88,59.49
481,9,player,1,156.9,8.5,189.7,53.9,51.36,-0.91
481,7,player,1,81.2,6.1,119.5,53.3,29.26,-0.97
481,8,player,1,20.2,4.3,52.2,53.4,9.8,-0.92
481,10,player,1,295.4,5.8,329.7,53.8,93.41,-0.99
481,6,player,1,230.5,4.8,266.9,53.1,74.15,-1.08
481,346,player,1,201.1,148.8,332.5,386.0,79.99,53.71
482,345,player,1,0.0,196.9,183.9,427.8,26.3,60.94
482,9,player,1,156.8,8.5,189.6,53.9,51.33,-0.9
482,7,player,1,81.1,6.1,119.7,53.3,29.28,-0.97
482,8,player,1,20.3,4.4,52.3,53.4,9.82,-0.93
482,10,player,1,295.4,5.8,329.7,53.7,93.41,-1.0
482,6,player,1,230.7,4.8,266.9,53.0,74.17,-1.09
482,346,player,1,200.4,148.4,332.1,387.8,79.84,54.01
482,356,player,1,217.2,63.8,345.1,334.0,84.31,45.03
483,345,player,1,1.3,203.2,177.7,419.8,25.56,59.6
483,9,player,1,156.9,8.5,189.7,53.9,51.35,-0.91
483,7,player,1,80.2,6.1,119.2,53.4,29.06,-0.95
483,8,player,1,20.3,4.4,52.3,53.6,9.83,-0.9
483,10,player,1,295.4,5.8,329.7,53.7,93.41,-1.0
483,6,player,1,230.8,4.7,267.0,53.0,74.2,-1.08
483,356,player,1,214.4,65.6,348.1,343.7,84.36,46.65
484,345,player,1,3.7,205.1,175.5,414.9,25.6,58.79
484,9,player,1,156.9,8.5,189.7,53.9,51.36,-0.91
484,7,player,1,79.7,6.1,119.2,53.4,28.99,-0.95
484,8,player,1,20.3,4.4,52.3,53.6,9.83,-0.89
484,10,player,1,295.4,5.9,329.7,53.7,93.41,-1.0
484,6,player,1,230.8,4.8,266.9,53.0,74.2,-1.09
484,356,player,1,212.8,66.2,349.7,347.0,84.37,47.2
485,345,player,1,2.0,207.2,178.5,422.8,25.79,60.1
485,9,player,1,156.8,8.5,189.6,53.9,51.34,-0.91
485,7,player,1,80.1,6.1,119.7,53.3,29.12,-0.97
485,10,player,1,295.4,5.8,329.7,53.7,93.41,-1.0
485,6,player,1,230.8,4.7,266.8,52.9,74.18,-1.11
485,346,player,1,194.1,125.9,347.1,410.6,81.19,57.82
486,345,player,1,1.3,208.5,177.8,423.8,25.55,60.28
486,9,player,1,156.9,8.5,189.7,53.9,51.35,-0.91
486,7,player,1,79.8,6.1,119.7,53.3,29.07,-0.97
486,10,player,1,295.4,5.9,329.7,53.8,93.41,-1.0
486,6,player,1,230.8,4.7,266.8,52.9,74.17,-1.1
486,8,player,1,20.2,4.4,52.3,53.6,9.81,-0.89
486,356,player,1,219.4,94.8,343.4,340.0,84.41,46.04
487,345,player,1,1.5,209.3,179.0,425.5,25.78,60.57
487,9,player,1,156.8,8.5,189.5,53.8,51.32,-0.92
487,7,player,1,81.9,6.1,121.4,53.3,29.65,-0.98
487,10,player,1,295.4,5.8,329.7,53.8,93.41,-0.99
487,6,player,1,230.8,4.8,266.9,53.0,74.18,-1.08
487,8,player,1,20.4,4.4,52.4,53.5,9.85,-0.91
487,346,player,1,194.6,117.5,349.4,411.4,81.61,57.96
488,345,player,1,4.8,210.9,176.3,418.2,25.89,59.34
488,9,player,1,156.8,8.5,189.5,53.8,51.31,-0.92
488,7,player,1,82.7,6.1,121.9,53.1,29.86,-1.0
488,10,player,1,295.4,5.8,329.7,53.8,93.41,-0.99
488,6,player,1,230.8,4.8,266.9,53.1,74.18,-1.08
488,8,player,1,20.5,4.4,52.4,53.4,9.87,-0.92
488,356,player,1,220.2,97.2,345.0,337.1,84.77,45.56
489,345,player,1,3.5,209.0,177.9,419.3,25.93,59.52
489,9,player,1,156.8,8.5,189.4,53.8,51.3,-0.92
489,7,player,1,83.1,6.1,122.0,53.2,29.94,-1.0
489,10,player,1,295.4,5.8,329.8,53.9,93.41,-0.98
489,6,player,1,230.8,4.7,266.9,53.2,74.2,-1.06
489,8,player,1,20.4,4.4,52.4,53.4,9.86,-0.93
489,346,player,1,196.9,119.2,344.8,405.0,81.26,56.88
490,345,player,1,3.2,208.2,178.4,418.9,25.96,59.45
490,9,player,1,156.7,8.5,189.4,53.8,51.29,-0.92
490,7,player,1,83.3,6.1,122.0,53.2,29.96,-0.99
490,10,player,1,295.4,5.8,329.8,53.9,93.41,-0.97
490,6,player,1,230.8,4.8,266.9,53.2,74.19,-1.05
490,8,player,1,20.4,4.4,52.3,53.4,9.85,-0.93
490,346,player,1,199.0,119.6,342.0,399.1,81.13,55.9
491,345,player,1,3.5,208.6,178.6,418.2,26.03,59.33
491,9,player,1,156.8,8.5,189.4,53.8,51.29,-0.92
491,7,player,1,81.8,6.1,120.8,53.2,29.56,-1.0
491,10,player,1,295.4,5.8,329.8,53.9,93.41,-0.98
491,6,player,1,230.8,4.7,266.8,53.0,74.19,-1.08
491,8,player,1,20.4,4.4,52.3,53.4,9.85,-0.93
491,346,player,1,195.9,120.1,341.5,409.1,80.61,57.56
492,345,player,1,3.5,208.7,178.8,417.9,26.06,59.28
492,9,player,1,156.8,8.5,189.4,53.8,51.3,-0.92
492,7,player,1,81.2,6.1,120.3,53.2,29.39,-1.0
492,10,player,1,295.4,5.8,329.8,53.9,93.41,-0.98
492,6,player,1,230.8,4.7,266.8,53.0,74.19,-1.09
492,8,player,1,20.4,4.4,52.3,53.4,9.85,-0.93
492,346,player,1,195.5,120.7,340.7,412.6,80.42,58.16
493,345,player,1,0.4,208.2,181.9,425.2,26.05,60.5
493,9,player,1,156.9,8.5,189.5,53.8,51.33,-0.92
493,7,player,1,82.5,6.1,121.5,53.1,29.77,-1.0
493,10,player,1,295.4,5.9,329.8,53.9,93.41,-0.98
493,6,player,1,230.8,4.7,266.9,53.1,74.2,-1.07
493,8,player,1,20.3,4.4,52.3,53.4,9.83,-0.93
493,346,player,1,198.8,153.7,337.7,434.7,80.49,61.86
493,356,player,1,214.9,66.6,353.9,331.2,85.29,44.57
494,345,player,1,0.0,209.9,182.9,430.3,26.14,61.36
494,9,player,1,156.9,8.5,189.5,53.8,51.33,-0.92
494,7,player,1,83.1,6.1,121.7,53.1,29.89,-1.01
494,10,player,1,295.4,5.9,329.8,53.9,93.41,-0.97
494,6,player,1,230.8,4.8,266.9,53.1,74.19,-1.07
494,8,player,1,20.4,4.4,52.3,53.4,9.85,-0.93
494,346,player,1,204.2,163.6,334.3,426.5,80.79,60.48
494,356,player,1,212.9,75.0,353.1,338.0,84.89,45.7
495,345,player,1,0.0,210.5,183.1,432.2,26.17,61.69
495,9,player,1,156.9,8.5,189.5,53.8,51.33,-0.93
495,7,player,1,83.4,6.1,121.8,53.0,29.95,-1.02
495,10,player,1,295.4,5.9,329.8,53.9,93.41,-0.97
495,6,player,1,230.8,4.8,266.8,53.1,74.19,-1.06
495,8,player,1,20.4,4.4,52.3,53.4,9.85,-0.93
495,346,player,1,206.2,167.1,333.1,423.3,80.91,59.95
495,356,player,1,211.8,78.4,353.2,340.5,84.74,46.11
496,345,player,1,0.0,209.9,181.5,429.1,25.94,61.16
496,9,player,1,156.8,8.6,189.4,53.8,51.29,-0.92
496,7,player,1,82.9,6.1,121.3,53.1,29.8,-1.0
496,10,player,1,295.4,5.9,329.8,54.0,93.41,-0.96
496,6,player,1,230.9,4.8,266.8,53.0,74.2,-1.08
496,8,player,1,20.4,4.4,52.4,53.5,9.85,-0.91
496,346,player,1,200.3,137.9,337.1,417.6,80.62,58.98
496,356,player,1,210.4,67.8,354.5,332.4,84.71,44.77
497,345,player,1,0.0,209.7,180.3,428.8,25.75,61.12
497,9,player,1,156.7,8.6,189.3,53.8,51.27,-0.92
497,7,player,1,82.7,6.1,121.2,53.2,29.74,-1.0
497,10,player,1,295.4,5.9,329.8,54.0,93.41,-0.96
497,6,player,1,230.9,4.8,266.8,53.0,74.2,-1.09
497,8,player,1,20.4,4.4,52.4,53.5,9.85,-0.9
497,346,player,1,198.8,127.7,338.1,415.7,80.53,58.67
497,356,player,1,210.0,63.8,355.0,327.9,84.72,44.02
498,345,player,1,0.0,208.4,179.2,425.4,25.58,60.54
498,9,player,1,156.8,8.5,189.5,53.8,51.31,-0.92
498,7,player,1,82.8,6.1,121.4,53.3,29.8,-0.97
498,10,player,1,295.3,5.9,329.8,54.0,93.41,-0.95
498,6,player,1,230.9,4.8,266.8,53.0,74.19,-1.09
498,346,player,1,201.9,143.0,332.8,412.9,80.2,58.2
499,345,player,1,0.0,209.1,180.3,428.3,25.74,61.02
499,9,player,1,156.8,8.5,189.6,53.8,51.33,-0.92
499,7,player,1,82.9,6.1,121.4,53.3,29.81,-0.97
499,10,player,1,295.3,5.9,329.8,54.0,93.41,-0.96
499,6,player,1,230.9,4.7,266.8,53.0,74.2,-1.09
499,346,player,1,198.1,129.8,335.7,415.7,80.06,58.68
500,345,player,1,0.0,208.9,182.6,433.6,26.1,61.92
500,9,player,1,156.8,8.5,189.5,53.9,51.32,-0.91
500,7,player,1,82.3,6.1,120.8,53.2,29.64,-0.98
500,10,player,1,295.4,5.9,329.8,54.0,93.41,-0.96
500,6,player,1,230.9,4.7,266.7,52.9,74.18,-1.1
500,346,player,1,198.3,134.0,335.6,419.9,80.08,59.38
500,8,player,1,20.3,4.4,52.3,53.5,9.83,-0.91
501,345,player,1,0.0,210.7,180.1,429.4,25.72,61.22
501,9,player,1,156.8,8.5,189.5,53.8,51.3,-0.92
501,7,player,1,82.3,6.1,120.9,53.2,29.64,-0.98
501,10,player,1,295.4,5.8,329.8,53.9,93.41,-0.96
501,6,player,1,230.9,4.7,266.7,52.8,74.19,-1.11
501,346,player,1,200.7,139.3,334.3,418.6,80.25,59.16
501,8,player,1,20.4,4.4,52.4,53.5,9.85,-0.91
502,345,player,1,0.0,210.1,182.0,434.1,26.0,62.01
502,9,player,1,156.8,8.5,189.5,53.8,51.31,-0.92
502,7,player,1,82.8,6.1,121.3,53.3,29.78,-0.97
502,10,player,1,295.4,5.8,329.8,53.9,93.41,-0.97
502,6,player,1,230.9,4.7,266.7,52.8,74.17,-1.11
502,356,player,1,206.6,75.0,354.5,341.8,84.13,46.33
503,345,player,1,0.0,209.3,179.3,427.9,25.59,60.95
503,9,player,1,156.9,8.6,189.6,53.8,51.35,-0.93
503,7,player,1,83.4,6.1,121.6,53.2,29.91,-0.98
503,10,player,1,295.4,5.8,329.7,53.9,93.41,-0.97
503,6,player,1,230.9,4.7,266.7,52.9,74.18,-1.11
503,356,player,1,207.4,90.8,344.6,337.2,82.75,45.58
503,8,player,1,20.2,4.3,52.3,53.6,9.82,-0.9
504,345,player,1,0.0,209.6,183.6,436.2,26.24,62.36
504,9,player,1,156.9,8.5,189.6,53.8,51.34,-0.92
504,7,player,1,83.3,6.1,121.4,53.2,29.89,-1.0
504,10,player,1,295.4,5.9,329.7,53.9,93.41,-0.97
504,6,player,1,230.9,4.7,266.7,52.8,74.18,-1.13
504,356,player,1,207.7,93.7,346.0,340.3,83.01,46.09
504,8,player,1,20.2,4.3,52.3,53.7,9.81,-0.88
504,346,player,1,207.8,164.0,323.7,402.5,79.7,56.47
505,345,player,1,2.2,209.2,178.4,423.4,25.8,60.2
505,9,player,1,156.9,8.5,189.6,53.8,51.35,-0.93
505,7,player,1,83.6,6.1,121.5,53.1,29.92,-1.01
505,10,player,1,295.4,5.8,329.8,53.9,93.42,-0.97
505,6,player,1,230.9,4.8,266.7,52.8,74.19,-1.12
505,356,player,1,212.5,97.1,346.4,331.1,83.8,44.56
505,8,player,1,20.3,4.4,52.3,53.7,9.83,-0.87
506,9,player,2,156.8,8.5,189.7,53.7,51.35,-0.94
506,7,player,1,83.7,5.8,121.8,53.2,29.99,-1.0
506,10,player,1,295.4,6.0,329.7,54.0,93.42,-0.95
506,6,player,1,230.9,4.8,266.8,53.0,74.18,-1.08
506,8,player,1,20.5,4.6,52.4,53.5,9.86,-0.92
507,9,player,2,157.0,8.5,189.9,53.6,51.41,-0.96
507,7,player,1,83.8,5.6,121.9,53.1,30.03,-1.01
507,10,player,1,295.5,6.1,329.8,54.1,93.44,-0.94
507,6,player,1,230.8,4.9,266.7,53.0,74.15,-1.1
507,8,player,1,20.4,4.8,52.4,53.6,9.87,-0.9
507,366,player,1,17.1,194.3,36.0,232.4,6.51,28.45
507,367,player,1,230.6,296.1,258.4,349.0,73.13,47.58
507,368,player,1,306.8,196.5,320.9,235.7,94.11,28.74
507,369,player,1,98.0,162.3,114.3,202.1,30.89,23.39
507,370,player,1,150.9,204.1,174.1,246.1,48.05,30.59
507,371,player,1,2.5,162.6,18.6,200.4,1.68,23.19
507,373,player,1,272.3,173.8,291.1,216.0,84.32,25.53
508,9,player,2,157.0,8.4,189.8,53.4,51.41,-0.99
508,7,player,1,84.0,5.4,122.1,53.2,30.08,-1.0
508,10,player,1,295.6,6.1,329.7,53.8,93.43,-1.0
508,6,player,1,230.7,4.9,266.5,52.8,74.12,-1.11
508,8,player,1,20.4,4.8,52.3,53.3,9.84,-0.95
508,366,player,1,16.8,194.0,35.8,232.4,6.45,28.46
508,367,player,1,229.1,295.8,256.0,347.2,72.54,47.28
508,368,player,1,307.5,196.2,321.6,235.4,94.33,28.69
508,369,player,1,99.3,162.2,115.6,202.1,31.27,23.37
508,370,player,1,151.0,204.4,173.3,245.1,47.95,30.44
508,371,player,1,4.2,162.5,20.6,200.8,2.26,23.24
508,373,player,1,271.7,173.2,290.9,216.0,84.2,25.53
508,378,player,1,239.1,186.7,251.4,218.8,73.25,26.02
509,9,player,2,156.9,8.5,189.6,53.3,51.35,-1.0
509,7,player,1,83.8,5.3,122.0,53.2,30.04,-0.99
509,10,player,1,295.5,6.1,329.5,53.5,93.39,-1.04
509,6,player,1,230.7,4.9,266.5,52.8,74.11,-1.12
509,8,player,1,20.4,4.7,52.3,53.1,9.84,-0.97
509,366,player,1,15.8,193.2,35.0,232.4,6.16,28.45
509,367,player,1,228.3,294.9,255.4,347.2,72.32,47.28
509,368,player,1,308.6,196.2,322.3,233.9,94.6,28.44
509,369,player,1,101.0,162.0,117.2,201.8,31.78,23.34
509,370,player,1,150.5,203.7,172.7,244.6,47.78,30.34
509,371,player,1,5.7,162.3,21.6,199.1,2.64,22.97
509,373,player,1,272.3,173.7,291.4,215.6,84.37,25.47
509,378,player,1,238.7,186.1,251.1,218.1,73.15,25.91
509,380,player,1,169.5,261.7,182.8,305.0,52.21,40.34
510,9,player,2,156.8,8.5,189.5,53.2,51.31,-1.02
510,7,player,1,83.9,5.4,121.8,53.2,30.03,-1.0
510,10,player,1,295.4,6.1,329.4,53.5,93.36,-1.04
510,6,player,1,230.7,4.9,266.6,52.8,74.13,-1.13
510,8,player,1,20.4,4.6,52.4,53.1,9.85,-0.97
510,366,player,1,15.6,192.7,35.0,232.3,6.15,28.44
510,367,player,1,227.0,293.6,254.1,346.2,71.93,47.11
510,368,player,1,309.5,196.1,323.4,234.1,94.91,28.47
510,369,player,1,102.3,161.7,118.4,201.2,32.16,23.24
510,370,player,1,150.4,203.2,172.5,244.4,47.73,30.32
510,371,player,1,5.3,161.7,21.2,198.4,2.52,22.85
510,373,player,1,272.6,173.6,292.1,215.8,84.53,25.49
510,378,player,1,238.0,185.0,250.6,217.1,72.95,25.73
510,380,player,1,165.6,260.1,179.4,304.7,51.1,40.29
511,7,player,1,83.7,5.5,121.8,53.7,29.99,-0.91
511,10,player,1,295.4,6.1,329.5,53.5,93.38,-1.03
511,6,player,1,230.6,4.9,266.5,52.7,74.11,-1.14
511,8,player,1,20.2,4.6,52.5,53.3,9.85,-0.94
511,366,player,1,16.0,192.2,35.6,232.4,6.29,28.45
511,367,player,1,226.4,292.3,253.2,344.5,71.69,46.83
511,368,player,1,310.5,195.8,324.6,234.3,95.23,28.51
511,369,player,1,103.7,161.2,119.8,200.7,32.59,23.16
511,370,player,1,150.6,202.7,172.7,244.5,47.79,30.32
511,371,player,1,4.6,160.6,20.6,197.4,2.32,22.69
511,373,player,1,273.8,173.1,293.7,215.6,84.94,25.46
511,378,player,1,237.3,184.8,250.1,216.6,72.78,25.66
511,380,player,1,161.6,258.3,175.2,300.6,49.86,39.62
512,7,player,1,84.0,5.5,121.9,53.6,30.06,-0.93
512,10,player,1,295.5,6.1,329.5,53.5,93.38,-1.04
512,6,player,1,230.6,4.9,266.6,52.7,74.12,-1.14
512,8,player,1,20.3,4.6,52.5,53.2,9.86,-0.95
512,366,player,1,16.6,192.1,36.2,232.2,6.48,28.42
512,367,player,1,225.5,291.2,251.5,341.7,71.29,46.37
512,368,player,1,311.2,195.8,325.3,233.9,95.45,28.45
512,369,player,1,104.7,160.8,121.0,200.9,32.94,23.17
512,370,player,1,151.0,202.6,173.1,245.0,47.93,30.41
512,371,player,1,3.8,160.2,19.5,196.8,2.03,22.59
512,373,player,1,274.1,173.5,294.1,215.4,85.05,25.43
512,378,player,1,235.7,184.1,249.5,217.6,72.44,25.82
512,380,player,1,158.9,256.9,172.6,297.7,49.03,39.13
512,385,player,1,271.0,224.5,297.7,244.0,85.16,30.14
512,9,player,2,156.8,8.4,189.7,53.4,51.35,-0.99
513,7,player,1,84.0,5.5,122.0,53.8,30.08,-0.89
513,10,player,1,295.4,6.1,329.5,53.4,93.38,-1.05
513,6,player,1,230.6,4.9,266.6,52.7,74.12,-1.13
513,8,player,1,20.2,4.6,52.5,53.3,9.84,-0.95
513,366,player,1,16.8,192.0,36.5,232.1,6.55,28.41
513,367,player,1,224.8,290.8,250.8,341.0,71.08,46.24
513,368,player,1,311.4,195.8,325.6,233.9,95.52,28.44
513,369,player,1,105.1,160.7,121.3,200.9,33.04,23.18
513,370,player,1,151.2,202.5,173.2,245.3,47.96,30.47
513,371,player,1,3.4,160.0,19.0,196.8,1.89,22.58
513,373,player,1,273.9,173.5,294.2,215.4,85.04,25.43
513,378,player,1,234.8,184.0,249.3,218.2,72.27,25.91
513,380,player,1,157.8,256.5,172.1,297.0,48.8,39.02
513,385,player,1,270.7,224.5,297.2,244.0,85.03,30.14
513,9,player,2,156.8,8.4,189.7,53.5,51.35,-0.97
514,7,player,1,84.3,5.4,122.0,53.5,30.11,-0.94
514,10,player,1,295.4,6.1,329.5,53.4,93.37,-1.05
514,6,player,1,230.6,4.9,266.8,52.8,74.15,-1.12
514,8,player,1,20.2,4.7,52.6,53.3,9.86,-0.94
514,366,player,1,17.2,192.0,37.1,232.3,6.71,28.44
514,367,player,1,222.7,290.1,249.0,339.9,70.48,46.06
514,368,player,1,311.9,195.6,326.5,234.0,95.74,28.45
514,369,player,1,105.8,160.4,121.9,200.3,33.24,23.09
514,370,player,1,152.0,202.5,173.4,244.8,48.12,30.38
514,371,player,1,3.7,160.0,19.3,197.1,1.98,22.64
514,373,player,1,275.3,173.3,295.6,215.4,85.46,25.42
514,378,player,1,233.4,184.0,248.8,218.7,71.99,26.01
514,380,player,1,156.7,256.0,171.5,296.9,48.52,39.01
514,9,player,2,156.8,8.4,189.7,53.5,51.35,-0.97
515,7,player,1,84.4,5.4,122.0,53.5,30.13,-0.94
515,10,player,1,295.3,6.1,329.4,53.4,93.36,-1.06
515,6,player,1,230.7,4.9,266.8,52.8,74.16,-1.12
515,8,player,1,20.2,4.7,52.6,53.3,9.86,-0.94
515,366,player,1,17.1,191.7,37.4,232.4,6.73,28.44
515,367,player,1,221.2,291.0,247.2,339.1,69.98,45.93
515,368,player,1,312.6,194.8,327.2,233.1,95.95,28.31
515,369,player,1,106.6,160.5,122.7,200.4,33.49,23.1
515,370,player,1,152.6,202.6,173.9,245.3,48.28,30.46
515,373,player,1,275.1,173.3,295.5,215.6,85.41,25.45
515,378,player,1,232.2,183.8,248.4,218.9,71.74,26.03
515,380,player,1,156.2,254.5,171.9,296.8,48.52,38.98
515,9,player,2,156.8,8.5,189.7,53.5,51.35,-0.97
516,7,player,1,84.5,5.4,121.8,53.3,30.12,-0.98
516,10,player,1,295.3,6.1,329.5,53.5,93.36,-1.03
516,6,player,1,230.7,4.9,266.8,52.8,74.16,-1.11
516,8,player,1,20.1,4.7,52.6,53.4,9.84,-0.93
516,367,player,1,220.1,291.6,246.0,339.0,69.62,45.93
516,368,player,1,313.2,193.9,328.3,232.8,96.19,28.25
516,369,player,1,107.5,159.9,123.9,200.4,33.8,23.1
516,370,player,1,153.3,202.7,174.0,244.8,48.41,30.38
516,373,player,1,275.1,173.5,295.2,215.5,85.37,25.44
516,378,player,1,231.1,183.8,248.0,219.1,71.52,26.07
516,380,player,1,155.2,253.3,171.6,296.3,48.32,38.9
516,9,player,2,157.1,8.5,190.1,53.5,51.45,-0.97
516,385,player,1,268.2,220.2,299.5,243.5,85.01,30.06
516,371,player,1,5.3,160.2,19.9,195.0,2.32,22.29
517,7,player,1,84.6,5.5,121.7,53.2,30.11,-1.0
517,10,player,1,295.3,6.1,329.6,53.6,93.37,-1.02
517,6,player,1,230.7,4.9,266.8,52.8,74.17,-1.11
517,8,player,1,20.1,4.8,52.6,53.4,9.84,-0.92
517,367,player,1,219.6,291.8,245.7,339.0,69.51,45.93
517,368,player,1,313.3,193.5,328.7,232.6,96.28,28.23
517,369,player,1,107.9,159.9,124.2,200.4,33.91,23.1
517,370,player,1,153.7,202.8,173.9,244.7,48.46,30.36
517,373,player,1,275.1,173.6,295.1,215.5,85.35,25.44
517,378,player,1,230.6,183.8,248.0,219.1,71.45,26.08
517,380,player,1,154.9,252.9,171.8,296.3,48.3,38.9
517,9,player,2,157.3,8.5,190.5,53.5,51.53,-0.97
517,389,player,1,350.5,109.9,359.9,146.3,106.46,14.05
517,385,player,1,268.0,219.7,299.6,243.5,85.0,30.05
517,371,player,1,5.6,160.4,20.1,194.6,2.4,22.22
518,7,player,1,84.7,5.5,121.8,53.2,30.14,-0.99
518,10,player,1,294.2,6.1,328.9,53.6,93.11,-1.02
518,6,player,1,230.6,4.9,266.8,52.9,74.14,-1.11
518,8,player,1,20.1,4.8,52.6,53.4,9.84,-0.93
518,367,player,1,215.3,289.8,242.4,338.9,68.34,45.91
518,368,player,1,314.1,192.6,329.8,231.9,96.57,28.1
518,369,player,1,109.2,159.7,125.7,200.6,34.34,23.13
518,370,player,1,154.6,202.8,174.4,244.5,48.67,30.33
518,373,player,1,274.6,173.0,294.5,215.4,85.19,25.42
518,378,player,1,228.1,183.1,245.5,218.4,70.68,25.96
518,380,player,1,153.1,250.6,169.9,293.5,47.74,38.44
518,9,player,2,157.0,8.5,190.3,53.5,51.47,-0.97
518,371,player,1,6.7,160.6,20.6,192.9,2.65,21.94
519,7,player,1,84.7,5.5,121.8,53.2,30.14,-0.99
519,10,player,1,294.1,6.1,329.0,53.6,93.1,-1.02
519,6,player,1,230.6,4.9,266.8,52.8,74.13,-1.11
519,8,player,1,20.1,4.8,52.6,53.4,9.83,-0.94
519,367,player,1,213.8,288.9,241.1,338.9,67.92,45.91
519,368,player,1,314.3,192.4,330.3,231.5,96.67,28.03
519,369,player,1,109.7,159.6,126.4,200.7,34.52,23.14
519,370,player,1,155.0,202.9,174.5,244.2,48.74,30.27
519,373,player,1,274.7,172.8,294.2,215.3,85.15,25.41
519,378,player,1,227.2,183.1,244.5,218.1,70.38,25.91
519,380,player,1,152.5,249.6,169.6,292.4,47.6,38.26
519,9,player,2,156.9,8.5,190.2,53.5,51.45,-0.97
519,371,player,1,6.8,160.4,21.1,193.4,2.74,22.03
519,390,player,1,351.0,211.6,359.9,244.4,106.76,30.14
519,391,player,1,10.0,189.5,36.6,275.3,5.43,35.56
520,7,player,1,84.8,5.5,121.8,53.1,30.15,-1.01
520,10,player,1,294.7,6.1,329.5,53.5,93.28,-1.03
520,6,player,1,230.5,4.9,266.7,52.8,74.11,-1.12
520,8,player,1,20.1,4.8,52.6,53.4,9.84,-0.93
520,367,player,1,209.7,288.2,236.8,338.2,66.63,45.8
520,368,player,1,315.1,192.2,330.7,229.5,96.85,27.72
520,369,player,1,110.2,159.5,126.9,200.6,34.67,23.13
520,370,player,1,155.5,202.6,174.9,244.3,48.89,30.29
520,373,player,1,275.3,172.5,294.3,214.9,85.27,25.35
520,378,player,1,226.5,183.6,243.3,217.4,70.09,25.8
520,380,player,1,152.0,248.3,169.9,291.5,47.58,38.1
520,9,player,2,156.7,8.5,190.1,53.5,51.4,-0.97
520,371,player,1,5.9,160.4,19.7,192.4,2.39,21.86
520,390,player,1,350.1,210.0,359.5,244.5,106.56,30.15
521,7,player,1,84.6,5.5,121.6,53.1,30.11,-1.01
521,10,player,1,295.0,6.1,329.8,53.5,93.36,-1.04
521,6,player,1,230.4,4.9,266.7,52.8,74.1,-1.12
521,8,player,1,20.0,4.8,52.6,53.4,9.83,-0.93
521,367,player,1,206.6,286.3,233.5,337.2,65.65,45.63
521,368,player,1,315.2,192.0,330.8,228.5,96.89,27.54
521,369,player,1,110.4,159.4,127.2,200.9,34.75,23.18
521,370,player,1,155.1,202.3,174.3,244.1,48.72,30.26
521,373,player,1,275.4,172.4,293.8,214.5,85.2,25.28
521,378,player,1,225.4,183.5,241.9,216.5,69.73,25.66
521,380,player,1,152.2,247.5,167.2,283.8,47.2,36.84
521,9,player,2,156.7,8.5,190.1,53.5,51.4,-0.97
521,371,player,1,4.3,160.3,18.1,192.6,1.91,21.9
521,390,player,1,347.7,206.3,357.1,240.2,105.82,29.45
521,392,player,1,25.6,231.5,43.5,274.3,8.89,35.39
522,7,player,1,84.6,5.5,121.7,53.1,30.11,-1.01
522,10,player,1,295.1,6.1,329.9,53.5,93.39,-1.04
522,6,player,1,230.5,4.9,266.7,52.8,74.12,-1.12
522,8,player,1,20.0,4.8,52.8,53.5,9.86,-0.9
522,367,player,1,203.2,284.7,230.4,336.4,64.66,45.51
522,368,player,1,314.9,191.8,330.4,227.4,96.77,27.36
522,369,player,1,110.6,159.5,127.3,200.6,34.8,23.13
522,370,player,1,154.7,202.2,173.4,243.6,48.54,30.17
522,373,player,1,273.9,171.5,292.1,214.3,84.72,25.25
522,378,player,1,223.9,183.7,241.3,218.4,69.41,25.97
522,380,player,1,149.5,246.2,166.0,284.3,46.59,36.92
522,9,player,2,156.6,8.5,189.9,53.4,51.35,-0.98
522,371,player,1,3.6,160.1,17.1,192.1,1.64,21.82
523,7,player,1,84.6,5.5,121.6,53.1,30.11,-1.01
523,10,player,1,295.1,6.1,330.0,53.5,93.41,-1.04
523,6,player,1,230.5,4.9,266.8,52.8,74.14,-1.12
523,8,player,1,19.9,4.8,52.7,53.6,9.83,-0.89
523,367,player,1,201.8,284.5,228.7,336.2,64.18,45.47
523,368,player,1,313.9,191.0,329.9,226.8,96.54,27.27
523,369,player,1,109.7,158.6,126.9,200.5,34.59,23.11
523,370,player,1,154.0,202.2,172.4,243.6,48.27,30.17
523,373,player,1,273.3,171.6,291.0,214.3,84.46,25.25
523,378,player,1,222.8,183.7,240.6,219.5,69.12,26.14
523,380,player,1,147.7,245.7,165.3,284.4,46.22,36.94
523,9,player,2,156.6,8.6,189.7,53.3,51.33,-1.0
523,371,player,1,2.5,159.8,15.7,191.9,1.27,21.79
523,391,player,1,11.0,184.9,26.0,232.8,4.06,28.53
523,392,player,1,31.6,229.2,50.5,273.4,10.88,35.24
524,7,player,1,84.7,5.5,121.7,53.1,30.12,-1.01
524,10,player,1,295.2,6.1,330.0,53.5,93.41,-1.04
524,6,player,1,230.5,4.9,266.8,52.8,74.12,-1.13
524,8,player,1,19.9,4.8,52.7,53.6,9.84,-0.9
524,367,player,1,198.8,282.4,225.4,333.5,63.23,45.02
524,368,player,1,313.2,190.6,329.3,226.2,96.35,27.18
524,369,player,1,109.6,159.5,126.4,200.2,34.49,23.07
524,370,player,1,152.5,202.9,170.7,243.8,47.77,30.22
524,373,player,1,270.8,171.5,288.7,214.0,83.72,25.2
524,378,player,1,219.1,184.8,239.3,224.6,68.36,26.99
524,380,player,1,145.0,245.3,163.3,283.9,45.49,36.85
524,9,player,2,156.6,8.6,189.7,53.4,51.31,-1.0
524,391,player,1,9.0,184.3,23.9,231.6,3.44,28.32
524,392,player,1,39.3,228.5,56.2,266.4,12.94,34.07
525,7,player,1,84.7,5.5,121.6,53.1,30.12,-1.0
525,10,player,1,295.0,6.1,329.9,53.5,93.37,-1.04
525,6,player,1,230.5,4.9,266.8,52.8,74.13,-1.13
525,8,player,1,19.9,4.8,52.7,53.6,9.82,-0.89
525,367,player,1,197.2,281.5,223.8,332.4,62.73,44.84
525,368,player,1,312.0,190.6,328.3,226.4,96.01,27.21
525,369,player,1,109.0,160.5,125.5,200.1,34.26,23.04
525,370,player,1,151.5,203.2,169.6,243.9,47.47,30.23
525,373,player,1,269.2,171.5,287.0,213.5,83.22,25.11
525,378,player,1,216.6,185.1,237.8,226.6,67.76,27.31
525,380,player,1,144.0,245.2,162.6,283.2,45.24,36.75
525,9,player,2,156.7,8.6,189.7,53.3,51.33,-1.01
525,391,player,1,8.2,184.1,22.9,230.5,3.15,28.14
525,392,player,1,41.2,228.5,57.5,263.5,13.44,33.59
525,397,player,1,335.8,204.5,359.7,243.3,104.41,29.96
525,389,player,1,351.7,107.3,360.0,144.2,106.65,13.7
526,7,player,1,84.7,5.5,121.7,53.2,30.12,-1.0
526,10,player,1,294.9,6.1,329.7,53.5,93.33,-1.04
526,6,player,1,230.5,4.9,266.8,52.8,74.14,-1.12
526,8,player,1,19.9,4.8,52.7,53.6,9.84,-0.89
526,367,player,1,194.7,280.3,221.5,331.2,62.0,44.65
526,368,player,1,311.3,190.3,327.6,225.9,95.79,27.13
526,369,player,1,108.5,160.7,125.0,200.0,34.12,23.03
526,370,player,1,149.9,203.5,168.0,244.2,46.98,30.28
526,373,player,1,267.3,171.9,285.2,213.5,82.65,25.12
526,378,player,1,215.3,185.6,235.3,223.9,67.18,26.88
526,380,player,1,141.7,244.4,160.7,283.1,44.59,36.73
526,9,player,2,156.8,8.6,189.7,53.2,51.35,-1.02
526,397,player,1,333.0,203.5,356.2,241.2,103.46,29.62
526,389,player,1,351.6,107.0,360.0,144.0,106.64,13.66
527,7,player,1,84.7,5.5,121.7,53.2,30.13,-0.98
527,10,player,1,294.8,6.1,329.7,53.5,93.31,-1.04
527,6,player,1,230.5,4.9,266.8,52.8,74.14,-1.12
527,8,player,1,19.9,4.7,52.7,53.6,9.84,-0.9
527,367,player,1,191.6,279.6,218.4,330.5,61.04,44.55
527,368,player,1,310.4,189.9,327.2,226.2,95.61,27.18
527,369,player,1,107.7,160.9,124.1,199.8,33.86,22.99
527,370,player,1,150.3,203.4,168.6,244.9,47.13,30.39
527,373,player,1,265.8,172.2,283.8,213.6,82.21,25.14
527,378,player,1,214.5,186.5,234.2,224.3,66.89,26.94
527,380,player,1,139.2,242.3,158.9,283.1,43.93,36.73
527,9,player,2,156.8,8.6,189.7,53.2,51.34,-1.03
527,397,player,1,328.3,203.2,351.6,240.9,102.04,29.57
527,389,player,1,351.7,106.8,360.0,143.8,106.66,13.64
528,7,player,1,84.7,5.4,121.8,53.3,30.14,-0.97
528,10,player,1,294.7,6.1,329.7,53.5,93.31,-1.04
528,6,player,1,230.5,4.9,266.9,52.9,74.15,-1.11
528,8,player,1,19.9,4.7,52.7,53.6,9.83,-0.9
528,367,player,1,189.2,279.6,215.6,330.2,60.25,44.49
528,368,player,1,309.9,189.7,326.8,225.9,95.47,27.13
528,369,player,1,107.0,161.0,123.4,199.8,33.66,23.0
528,370,player,1,150.0,203.6,168.2,244.7,47.01,30.36
528,373,player,1,265.1,172.5,283.2,213.6,82.02,25.13
528,378,player,1,213.6,187.1,233.6,225.3,66.67,27.11
528,380,player,1,136.9,240.5,156.7,281.9,43.25,36.53
528,9,player,2,156.6,8.5,189.5,53.2,51.29,-1.02
528,397,player,1,324.2,202.7,347.9,240.5,100.86,29.51
528,389,player,1,351.8,106.7,360.0,143.7,106.67,13.62
529,7,player,1,84.6,5.5,121.6,53.3,30.09,-0.98
529,10,player,1,294.9,6.1,329.9,53.6,93.35,-1.03
529,6,player,1,230.5,4.9,266.9,52.9,74.14,-1.11
529,8,player,1,20.0,4.8,52.7,53.5,9.85,-0.91
529,367,player,1,188.0,279.3,214.2,330.0,59.86,44.47
529,368,player,1,309.3,189.6,326.2,225.7,95.27,27.1
529,369,player,1,106.2,160.6,122.7,199.7,33.41,22.98
529,370,player,1,149.1,203.6,167.3,244.6,46.74,30.34
529,373,player,1,264.2,172.7,282.4,213.7,81.76,25.16
529,378,player,1,212.8,187.5,233.0,226.1,66.46,27.24
529,380,player,1,136.3,239.9,156.5,281.4,43.12,36.45
529,9,player,2,157.2,8.5,190.3,53.3,51.49,-1.0
529,397,player,1,322.4,202.7,346.2,240.4,100.34,29.49
529,389,player,1,351.4,107.4,360.0,144.1,106.61,13.68
529,402,player,1,278.2,205.5,291.6,241.0,85.33,29.64
530,7,player,1,84.6,5.5,121.5,53.2,30.08,-0.99
530,10,player,1,294.9,6.1,330.0,53.7,93.37,-1.01
530,6,player,1,230.5,4.9,266.9,52.9,74.15,-1.1
530,8,player,1,20.0,4.7,52.7,53.4,9.84,-0.92
530,367,player,1,185.0,278.9,211.0,330.2,58.9,44.5
530,368,player,1,308.9,189.7,325.7,225.1,95.14,27.0
530,369,player,1,105.8,160.2,122.4,199.8,33.31,23.0
530,370,player,1,148.3,203.3,166.8,245.0,46.54,30.41
530,373,player,1,264.1,173.5,282.1,213.9,81.7,25.18
530,378,player,1,212.3,187.6,232.5,226.1,66.31,27.24
530,380,player,1,133.9,239.6,153.5,280.1,42.29,36.24
530,9,player,2,157.5,8.6,190.6,53.3,51.59,-1.01
530,397,player,1,319.6,202.8,343.1,239.8,99.42,29.41
530,389,player,1,351.2,107.5,360.0,144.1,106.58,13.68
530,404,player,1,72.0,227.9,90.0,269.7,23.12,34.58
531,7,player,1,84.5,5.6,121.4,53.2,30.06,-0.99
531,10,player,1,294.9,6.1,329.9,53.7,93.36,-1.01
531,6,player,1,230.5,4.9,266.9,52.9,74.15,-1.1
531,8,player,1,20.0,4.7,52.6,53.4,9.82,-0.93
531,367,player,1,182.2,279.2,207.4,330.5,57.93,44.56
531,369,player,1,105.1,158.9,122.2,200.1,33.18,23.04
531,370,player,1,147.9,202.8,166.7,245.1,46.46,30.44
531,373,player,1,264.0,173.0,282.6,213.8,81.77,25.17
531,378,player,1,212.0,187.6,232.2,226.0,66.21,27.23
531,380,player,1,132.4,238.1,152.5,280.1,41.91,36.24
531,9,player,2,157.3,8.6,190.4,53.2,51.53,-1.02
531,397,player,1,316.6,203.9,339.7,240.3,98.47,29.48
531,389,player,1,351.1,107.5,359.8,144.0,106.53,13.67
531,404,player,1,76.2,226.3,94.7,268.9,24.5,34.44
531,402,player,1,277.2,205.6,290.7,241.2,85.03,29.67
532,7,player,1,84.6,5.5,121.5,53.2,30.08,-0.99
532,10,player,1,294.9,6.1,330.0,53.7,93.37,-1.0
532,6,player,1,230.5,4.9,266.9,52.9,74.15,-1.1
532,8,player,1,20.0,4.8,52.8,53.5,9.86,-0.91
532,367,player,1,179.7,279.7,203.1,329.6,56.88,44.4
532,369,player,1,105.0,159.4,121.7,199.6,33.09,22.97
532,370,player,1,147.5,202.0,166.5,244.8,46.39,30.38
532,373,player,1,263.5,172.9,282.3,213.6,81.65,25.14
532,378,player,1,211.5,186.9,231.2,224.3,65.98,26.95
532,380,player,1,131.5,236.5,151.7,279.4,41.66,36.12
532,9,player,2,157.0,8.5,190.2,53.3,51.45,-1.01
532,397,player,1,315.0,205.9,336.7,240.1,97.77,29.46
532,404,player,1,78.8,224.4,98.2,268.4,25.42,34.35
532,402,player,1,276.0,205.2,290.0,241.5,84.74,29.73
533,7,player,1,84.6,5.6,121.5,53.2,30.09,-1.0
533,10,player,1,294.8,6.1,329.9,53.7,93.35,-1.0
533,6,player,1,230.5,4.9,266.9,53.0,74.15,-1.09
533,8,player,1,20.2,4.8,53.0,53.5,9.91,-0.92
533,367,player,1,176.2,276.5,200.2,329.4,55.91,44.37
533,369,player,1,104.8,159.2,121.5,199.4,33.02,22.94
533,370,player,1,147.7,201.4,166.9,245.1,46.45,30.43
533,373,player,1,262.7,172.7,281.8,213.7,81.46,25.15
533,378,player,1,210.9,186.1,230.3,223.2,65.75,26.76
533,380,player,1,130.8,235.8,150.2,277.9,41.33,35.87
533,9,player,2,157.9,8.5,191.5,53.3,51.79,-1.0
533,404,player,1,78.4,222.1,97.8,265.6,25.3,33.88
533,402,player,1,275.8,206.2,289.4,241.2,84.63,29.68
533,391,player,1,0.0,163.6,16.3,231.6,0.89,28.34
534,7,player,1,84.6,5.6,121.5,53.2,30.08,-0.99
534,10,player,1,294.7,6.1,329.7,53.7,93.3,-1.01
534,6,player,1,230.5,4.9,266.9,53.0,74.15,-1.09
534,8,player,1,20.1,4.9,53.0,53.5,9.91,-0.91
534,367,player,1,173.3,274.5,197.0,328.2,54.97,44.18
534,369,player,1,104.4,159.6,121.0,199.8,32.89,23.0
534,370,player,1,146.8,200.8,166.1,244.8,46.21,30.38
534,373,player,1,262.2,172.8,281.3,213.6,81.3,25.14
534,378,player,1,210.6,185.0,230.2,222.8,65.69,26.7
534,380,player,1,129.6,235.5,148.3,276.6,40.85,35.67
534,9,player,2,157.3,8.5,191.0,53.4,51.63,-0.99
534,404,player,1,79.1,220.1,97.5,260.8,25.37,33.09
534,402,player,1,276.4,204.6,290.5,240.8,84.89,29.6
534,410,player,1,340.6,232.4,358.9,276.8,105.1,35.49
535,7,player,1,84.7,5.6,121.5,53.2,30.09,-1.0
535,10,player,1,294.8,6.1,329.8,53.7,93.34,-1.01
535,6,player,1,230.6,4.9,266.9,53.0,74.16,-1.1
535,8,player,1,20.0,4.8,52.8,53.3,9.85,-0.94
535,367,player,1,172.0,274.5,195.2,327.9,54.49,44.13
535,369,player,1,103.6,158.8,120.2,199.5,32.64,22.95
535,370,player,1,145.9,200.6,165.3,244.7,45.95,30.37
535,373,player,1,261.2,172.8,280.6,213.6,81.05,25.14
535,378,player,1,210.0,184.7,229.4,222.5,65.48,26.65
535,380,player,1,129.0,235.5,147.3,276.2,40.62,35.59
535,9,player,2,157.0,8.5,190.7,53.3,51.52,-1.0
535,404,player,1,78.3,219.5,96.6,259.2,25.11,32.84
535,402,player,1,274.6,203.6,289.2,240.7,84.42,29.59
535,410,player,1,340.0,232.4,358.1,276.4,104.88,35.42
535,397,player,1,310.9,207.0,331.3,239.9,96.33,29.43
536,7,player,1,84.8,5.6,121.5,53.1,30.11,-1.0
536,10,player,1,294.8,6.1,329.9,53.9,93.34,-0.97
536,6,player,1,230.4,4.9,266.8,53.0,74.12,-1.09
536,8,player,1,19.9,4.7,52.7,53.2,9.83,-0.95
536,367,player,1,165.3,273.2,188.9,328.0,52.51,44.15
536,369,player,1,99.3,158.6,115.9,199.4,31.34,22.94
536,370,player,1,141.2,200.2,160.8,244.6,44.55,30.36
536,373,player,1,256.7,172.8,276.3,213.6,79.71,25.14
536,378,player,1,205.8,184.1,225.3,222.6,64.22,26.67
536,380,player,1,124.4,235.2,142.3,275.6,39.14,35.5
536,9,player,2,155.7,8.6,189.7,53.4,51.17,-0.99
536,404,player,1,76.0,218.5,94.0,256.7,24.37,32.42
536,402,player,1,269.5,203.2,284.5,240.5,82.92,29.57
536,410,player,1,333.4,232.1,352.0,277.3,102.95,35.57
536,397,player,1,305.5,207.4,325.2,239.7,94.58,29.4
537,7,player,1,84.9,5.6,121.5,53.1,30.14,-1.01
537,10,player,1,294.7,6.1,330.0,54.3,93.35,-0.91
537,6,player,1,230.5,4.9,266.9,53.1,74.15,-1.08
537,8,player,1,19.8,4.7,52.7,53.2,9.82,-0.96
537,367,player,1,156.9,272.7,180.3,326.4,49.91,43.91
537,369,player,1,93.0,157.8,109.8,199.5,29.45,22.95
537,370,player,1,136.3,200.0,155.5,244.6,42.99,30.35
537,373,player,1,249.8,173.2,269.2,213.6,77.59,25.15
537,378,player,1,200.0,183.9,219.1,222.1,62.39,26.59
537,380,player,1,118.0,234.5,135.8,275.3,37.17,35.45
537,9,player,2,155.9,8.6,189.7,53.3,51.2,-1.01
537,404,player,1,72.4,217.1,90.4,254.1,23.27,32.0
537,402,player,1,262.6,202.7,278.0,240.5,80.9,29.57
537,410,player,1,325.6,232.1,344.1,276.8,100.58,35.5
538,7,player,1,84.9,5.6,121.6,53.1,30.14,-1.01
538,10,player,1,294.9,6.1,330.0,54.1,93.39,-0.94
538,6,player,1,230.5,4.9,267.0,53.1,74.16,-1.08
538,8,player,1,19.8,4.7,52.9,53.4,9.85,-0.92
538,367,player,1,147.8,272.4,170.9,325.0,47.07,43.67
538,369,player,1,86.3,157.6,103.0,199.5,27.38,22.97
538,370,player,1,128.7,200.1,147.8,244.2,40.65,30.3
538,373,player,1,244.5,172.8,264.7,213.7,76.08,25.17
538,378,player,1,192.4,183.7,212.0,224.0,60.16,26.91
538,380,player,1,109.1,233.4,127.0,274.1,34.46,35.26
538,9,player,2,155.5,8.6,189.6,53.6,51.13,-0.96
538,404,player,1,68.8,216.2,86.9,252.0,22.18,31.64
538,402,player,1,255.2,201.5,271.3,240.6,78.73,29.6
538,410,player,1,315.3,232.0,333.9,276.1,97.45,35.4
539,7,player,1,85.0,5.6,121.6,53.1,30.15,-1.01
539,10,player,1,295.1,6.1,329.9,53.8,93.39,-0.98
539,6,player,1,230.5,4.9,267.0,53.1,74.17,-1.08
539,8,player,1,19.8,4.7,52.8,53.3,9.82,-0.94
539,367,player,1,139.3,273.4,162.0,324.7,44.42,43.64
539,369,player,1,79.1,157.5,95.7,199.8,25.18,23.02
539,370,player,1,121.2,200.1,140.1,243.9,38.34,30.26
539,373,player,1,235.5,172.5,256.6,215.5,73.49,25.47
539,378,player,1,184.8,183.8,204.7,225.3,57.88,27.13
539,380,player,1,101.7,232.2,119.5,272.8,32.19,35.06
539,9,player,2,155.9,8.6,189.7,53.4,51.2,-1.0
539,404,player,1,63.8,216.1,83.5,253.1,20.9,31.84
539,410,player,1,305.2,230.6,324.1,275.2,94.42,35.26
540,7,player,1,85.1,5.9,121.4,53.2,30.15,-0.99
540,10,player,1,295.3,6.1,330.1,53.8,93.45,-0.99
540,6,player,1,230.6,4.9,267.0,53.2,74.17,-1.06
540,8,player,1,19.8,4.8,53.0,53.7,9.86,-0.89
540,367,player,1,131.1,273.6,153.4,324.2,41.84,43.56
540,369,player,1,71.5,157.2,88.1,200.1,22.84,23.07
540,370,player,1,113.2,200.0,132.2,243.8,35.92,30.25
540,373,player,1,227.2,172.0,247.6,213.9,70.86,25.21
540,378,player,1,177.3,183.9,196.4,224.4,55.47,26.98
540,380,player,1,94.6,231.2,112.3,271.9,29.99,34.92
540,9,player,2,156.2,8.5,189.9,53.2,51.28,-1.02
540,404,player,1,57.8,216.0,79.8,255.1,19.41,32.17
540,410,player,1,297.3,228.7,316.7,274.1,92.11,35.08
540,385,player,1,248.1,184.5,309.2,239.6,83.43,29.41
541,10,player,1,295.1,6.1,330.0,54.0,93.41,-0.96
541,6,player,1,230.5,5.0,266.9,53.2,74.15,-1.05
541,8,player,1,19.8,4.8,53.1,54.1,9.86,-0.82
541,367,player,1,123.1,273.8,145.4,324.2,39.38,43.57
541,369,player,1,63.7,157.2,80.4,200.3,20.48,23.11
541,370,player,1,105.6,199.9,124.7,243.9,33.6,30.27
541,373,player,1,219.2,171.9,239.2,213.5,68.36,25.16
541,378,player,1,169.7,184.0,188.1,223.6,53.05,26.86
541,380,player,1,87.1,230.8,104.7,271.5,27.69,34.86
541,9,player,2,156.2,8.5,189.9,53.2,51.28,-1.02
541,404,player,1,50.9,216.0,74.4,256.0,17.53,32.33
541,410,player,1,289.5,228.2,309.1,273.7,89.74,35.03
541,385,player,1,247.6,183.8,301.4,239.5,82.17,29.41
542,10,player,1,295.2,6.1,329.9,53.7,93.41,-1.0
542,6,player,1,230.6,5.0,266.8,53.1,74.14,-1.08
542,8,player,1,19.8,4.8,53.0,54.0,9.85,-0.83
542,367,player,1,113.6,272.6,136.2,324.0,36.52,43.54
542,369,player,1,56.4,157.1,72.7,200.2,18.19,23.1
542,370,player,1,97.8,200.0,116.8,243.9,31.21,30.28
542,373,player,1,212.0,171.9,231.7,212.9,66.14,25.07
542,378,player,1,162.2,183.8,180.4,223.3,50.75,26.82
542,380,player,1,80.5,230.2,97.9,270.7,25.64,34.73
542,9,player,2,155.9,8.5,189.8,53.5,51.23,-0.98
542,404,player,1,46.4,216.7,71.1,257.9,16.34,32.63
542,410,player,1,281.7,227.0,301.5,272.9,87.4,34.9
542,385,player,1,243.4,181.3,293.0,239.2,80.24,29.35
542,7,player,1,84.4,5.9,120.9,53.2,29.96,-0.99
543,10,player,1,295.3,6.1,330.1,54.0,93.46,-0.96
543,6,player,1,230.6,5.1,266.8,53.0,74.15,-1.09
543,8,player,1,19.7,4.8,53.0,54.1,9.84,-0.81
543,367,player,1,103.9,273.6,125.7,323.8,33.43,43.53
543,369,player,1,48.9,157.1,65.0,200.2,15.87,23.1
543,370,player,1,89.8,199.9,108.8,243.7,28.76,30.25
543,373,player,1,205.1,171.9,224.7,212.7,64.01,25.04
543,378,player,1,155.2,183.5,172.7,222.0,48.5,26.62
543,380,player,1,72.9,230.2,90.2,270.5,23.29,34.71
543,9,player,2,156.2,8.6,189.9,53.3,51.29,-1.0
543,404,player,1,48.5,217.7,68.0,249.6,16.2,31.27
543,410,player,1,273.4,226.3,293.1,272.6,84.87,34.85
543,430,player,1,334.1,364.1,353.8,420.5,103.65,59.38
543,402,player,1,247.5,195.8,265.0,238.9,76.6,29.32
544,10,player,1,295.2,6.1,330.0,54.0,93.42,-0.95
544,6,player,1,230.7,5.0,266.8,53.0,74.16,-1.08
544,8,player,1,19.8,4.8,52.9,53.9,9.84,-0.85
544,367,player,1,94.5,273.0,116.3,323.5,30.55,43.49
544,369,player,1,41.4,157.1,57.3,200.2,13.54,23.11
544,370,player,1,81.7,199.8,100.5,243.1,26.26,30.17
544,373,player,1,197.4,171.2,217.3,212.5,61.73,25.02
544,378,player,1,147.8,182.6,165.5,222.0,46.27,26.61
544,380,player,1,65.5,230.0,82.8,270.4,21.04,34.7
544,9,player,2,156.3,8.5,189.9,53.4,51.3,-1.0
544,404,player,1,48.0,219.1,65.1,247.2,15.67,30.87
544,410,player,1,264.7,225.6,284.3,271.7,82.21,34.72
544,430,player,1,328.3,364.0,348.1,420.7,101.88,59.42
544,402,player,1,242.6,198.2,258.7,238.3,74.92,29.22
544,7,player,1,84.9,5.9,121.4,53.2,30.12,-0.99
545,10,player,1,295.3,6.1,330.0,54.0,93.44,-0.96
545,6,player,1,230.6,5.0,266.8,53.1,74.15,-1.07
545,8,player,1,19.9,4.8,52.9,53.8,9.85,-0.86
545,367,player,1,83.9,270.1,106.2,322.9,27.37,43.4
545,369,player,1,33.9,157.1,49.5,200.2,11.21,23.13
545,370,player,1,73.3,199.4,92.2,243.0,23.69,30.16
545,373,player,1,189.2,171.0,209.0,212.4,59.21,25.01
545,378,player,1,140.3,181.6,158.1,222.0,44.0,26.62
545,380,player,1,57.3,230.0,74.1,269.3,18.44,34.53
545,9,player,2,156.2,8.5,189.8,53.4,51.27,-0.99
545,404,player,1,46.2,220.0,62.6,247.4,15.01,30.91
545,410,player,1,256.6,225.2,275.5,270.6,79.64,34.54
545,430,player,1,318.9,363.2,338.8,420.5,99.03,59.4
545,7,player,1,85.1,5.9,121.5,53.2,30.17,-0.99
546,10,player,1,294.8,6.1,329.6,54.0,93.3,-0.95
546,6,player,1,230.7,5.0,266.8,53.1,74.16,-1.08
546,8,player,1,20.4,4.9,53.5,53.8,10.02,-0.86
546,367,player,1,74.1,268.8,96.1,322.3,24.32,43.32
546,370,player,1,65.5,199.4,83.9,242.5,21.24,30.08
546,373,player,1,181.6,171.0,201.1,212.3,56.85,24.99
546,378,player,1,132.7,181.2,150.8,222.5,41.73,26.72
546,380,player,1,43.6,223.0,63.8,268.9,14.77,34.46
546,9,player,2,156.3,8.5,189.8,53.5,51.28,-0.98
546,410,player,1,248.1,224.9,266.9,270.6,77.03,34.55
546,430,player,1,309.3,363.3,329.2,420.8,96.09,59.45
546,7,player,1,84.9,5.9,121.3,53.1,30.09,-1.0
547,10,player,1,294.9,6.1,329.5,53.8,93.3,-0.99
547,6,player,1,230.6,5.0,266.8,53.1,74.14,-1.08
547,8,player,1,20.2,4.7,53.3,53.6,9.97,-0.9
547,367,player,1,67.6,268.1,89.4,322.1,22.29,43.29
547,370,player,1,59.4,199.3,77.9,242.9,19.38,30.15
547,373,player,1,175.9,171.1,195.1,212.2,55.06,24.97
547,378,player,1,127.3,181.1,144.9,221.6,40.01,26.58
547,380,player,1,35.8,220.4,56.2,265.2,12.41,33.87
547,9,player,2,156.3,8.5,189.8,53.4,51.28,-0.99
547,410,player,1,242.8,225.0,261.3,270.3,75.36,34.5
547,430,player,1,302.6,362.9,322.4,420.9,94.03,59.48
547,7,player,1,84.9,5.9,121.2,53.1,30.09,-1.01
547,441,player,1,292.4,209.1,304.4,256.1,89.46,32.12
547,369,player,1,21.1,157.2,36.3,200.1,7.25,23.11
548,10,player,1,294.8,6.1,329.4,53.6,93.27,-1.02
548,6,player,1,230.7,5.0,266.8,53.1,74.16,-1.07
548,8,player,1,20.2,4.8,53.2,53.7,9.95,-0.88
548,367,player,1,64.0,267.6,85.5,321.9,21.14,43.26
548,370,player,1,57.7,199.0,75.5,242.3,18.76,30.06
548,378,player,1,126.0,181.2,142.9,220.8,39.5,26.43
548,9,player,2,156.3,8.5,189.7,53.4,51.28,-0.98
548,410,player,1,240.0,225.2,258.1,270.3,74.45,34.51
548,430,player,1,299.0,363.3,318.3,420.5,92.85,59.43
548,7,player,1,84.9,5.9,121.2,53.0,30.08,-1.03
548,441,player,1,291.1,209.3,303.0,255.8,89.04,32.07
548,448,player,1,224.2,197.2,238.8,237.4,69.07,29.1
548,404,player,1,37.8,218.8,64.0,265.4,13.91,33.9
549,10,player,1,295.0,6.0,329.4,53.5,93.3,-1.04
549,6,player,1,230.7,5.0,266.8,53.1,74.17,-1.07
549,8,player,1,20.1,4.8,53.1,53.6,9.91,-0.9
549,367,player,1,61.8,267.4,82.4,319.3,20.33,42.82
549,370,player,1,56.8,198.6,74.4,242.5,18.46,30.09
549,378,player,1,125.8,181.6,142.1,220.1,39.35,26.33
549,9,player,2,156.4,8.5,189.7,53.4,51.29,-0.99
549,410,player,1,237.9,225.4,255.9,270.7,73.79,34.58
549,430,player,1,295.7,362.2,315.4,420.5,91.9,59.43
549,7,player,1,85.0,5.9,121.2,52.9,30.1,-1.03
549,441,player,1,290.0,209.4,302.0,255.8,88.71,32.07
549,448,player,1,222.3,196.7,237.5,238.4,68.58,29.26
549,368,player,1,299.3,196.1,319.6,241.7,92.78,29.73
550,10,player,1,295.1,6.0,329.6,53.7,93.34,-1.01
550,6,player,1,230.7,5.0,266.8,53.1,74.17,-1.07
550,8,player,1,20.0,4.6,53.1,53.6,9.91,-0.9
550,367,player,1,60.6,267.7,80.5,318.3,19.86,42.66
550,370,player,1,55.1,198.0,72.7,242.6,17.92,30.11
550,378,player,1,126.6,182.1,142.7,220.3,39.57,26.36
550,9,player,2,156.4,8.5,189.6,53.4,51.27,-0.98
550,410,player,1,237.1,225.6,254.5,269.9,73.46,34.44
550,430,player,1,292.1,361.4,312.2,420.6,90.85,59.44
550,7,player,1,85.1,5.9,121.2,52.9,30.13,-1.04
550,441,player,1,288.7,209.1,300.6,255.1,88.32,31.95
550,448,player,1,221.8,195.9,237.4,238.7,68.49,29.31
550,453,player,1,18.6,157.2,30.9,200.1,6.04,23.12
550,368,player,1,298.7,198.7,317.0,242.2,92.31,29.81
550,404,player,1,37.3,224.7,61.2,268.3,13.4,34.37
551,10,player,1,295.1,6.0,329.5,53.5,93.33,-1.04
551,6,player,1,230.7,5.0,266.8,53.1,74.16,-1.08
551,8,player,1,20.0,4.6,53.0,53.6,9.89,-0.9
551,367,player,1,58.3,267.4,78.1,318.7,19.14,42.72
551,378,player,1,126.7,183.0,142.9,221.5,39.62,26.55
551,9,player,2,156.5,8.5,189.6,53.4,51.28,-0.99
551,410,player,1,236.1,225.5,252.9,268.8,73.06,34.26
551,430,player,1,288.5,361.2,308.9,420.1,89.79,59.38
551,7,player,1,85.1,5.9,121.2,52.9,30.12,-1.04
551,441,player,1,287.6,208.8,299.7,255.2,88.01,31.97
551,448,player,1,221.2,192.4,237.7,238.2,68.46,29.22
551,453,player,1,18.1,157.0,30.3,199.7,5.87,23.05
551,368,player,1,297.5,200.1,314.2,242.3,91.71,29.83
551,455,player,1,206.7,176.3,227.4,217.1,64.67,25.75
551,404,player,1,39.2,226.0,61.9,268.5,13.81,34.4
552,10,player,1,295.2,6.0,329.6,53.5,93.37,-1.04
552,6,player,1,230.7,5.0,266.7,53.0,74.15,-1.09
552,8,player,1,20.1,4.6,53.1,53.6,9.92,-0.9
552,367,player,1,56.3,266.9,75.7,317.5,18.46,42.53
552,378,player,1,126.5,184.0,142.4,222.1,39.5,26.66
552,9,player,2,156.6,8.5,189.6,53.4,51.29,-0.99
552,410,player,1,235.1,224.3,251.8,267.5,72.75,34.06
552,430,player,1,287.1,361.3,307.7,420.1,89.4,59.36
552,7,player,1,85.0,5.9,121.2,53.0,30.1,-1.03
552,441,player,1,286.3,208.6,298.7,255.4,87.65,32.01
552,448,player,1,220.8,194.2,236.6,238.0,68.23,29.19
552,453,player,1,17.2,157.1,29.4,199.7,5.59,23.05
552,368,player,1,296.2,197.9,313.0,242.3,91.31,29.83
552,455,player,1,210.0,177.2,231.1,218.9,65.73,26.06
552,404,player,1,38.7,225.1,60.7,268.5,13.55,34.4
552,457,player,1,57.7,197.9,73.1,253.6,18.37,31.92
552,458,player,1,177.5,194.6,192.2,238.6,54.87,29.33
553,10,player,1,295.2,6.0,329.7,53.5,93.38,-1.03
553,6,player,1,230.7,5.0,266.7,53.0,74.14,-1.1
553,8,player,1,20.0,4.6,53.1,53.6,9.91,-0.89
553,367,player,1,55.1,266.8,74.1,317.0,18.04,42.44
553,9,player,2,156.5,8.5,189.3,53.3,51.24,-1.01
553,410,player,1,234.7,223.9,251.3,267.1,72.61,33.98
553,430,player,1,284.5,361.3,305.7,420.1,88.71,59.37
553,7,player,1,85.0,5.9,121.2,53.0,30.09,-1.02
553,441,player,1,285.1,208.7,297.6,255.4,87.31,32.0
553,448,player,1,218.0,194.8,233.8,238.0,67.36,29.21
553,453,player,1,16.4,157.1,28.6,199.5,5.34,23.02
553,368,player,1,295.6,197.3,311.9,242.2,91.06,29.81
553,455,player,1,207.2,177.5,228.3,218.7,64.89,26.03
553,404,player,1,38.2,225.1,59.4,268.4,13.27,34.39
553,457,player,1,56.3,198.0,72.2,255.4,18.03,32.23
553,458,player,1,172.5,176.3,193.2,237.9,54.27,29.22
553,392,player,1,126.6,184.7,143.5,222.2,39.69,26.67
554,10,player,1,295.3,6.0,329.7,53.5,93.4,-1.04
554,6,player,1,230.8,5.0,266.7,53.0,74.16,-1.1
554,8,player,1,20.2,4.8,53.2,53.5,9.95,-0.91
554,367,player,1,53.9,266.4,72.6,316.5,17.62,42.36
554,9,player,2,156.6,8.6,189.4,53.4,51.27,-0.98
554,410,player,1,233.7,223.5,250.4,266.3,72.32,33.86
554,430,player,1,282.2,361.3,304.0,419.7,88.08,59.32
554,7,player,1,85.0,5.9,121.2,53.1,30.11,-1.01
554,441,player,1,283.8,208.6,296.4,254.7,86.94,31.89
554,453,player,1,15.6,156.9,27.7,199.0,5.09,22.94
554,368,player,1,294.7,196.7,310.4,241.9,90.7,29.77
554,455,player,1,210.4,178.5,230.5,218.3,65.7,25.96
554,404,player,1,37.7,224.8,58.3,268.5,13.03,34.4
554,392,player,1,127.7,184.3,143.8,220.4,39.91,26.37
554,402,player,1,218.9,195.0,235.7,238.0,67.81,29.2
555,10,player,1,295.4,6.0,329.7,53.4,93.4,-1.05
555,6,player,1,230.7,5.0,266.7,52.9,74.15,-1.1
555,8,player,1,20.2,4.6,53.2,53.5,9.95,-0.91
555,367,player,1,51.9,264.9,70.7,315.9,17.03,42.28
555,9,player,2,156.7,8.6,189.5,53.4,51.3,-0.98
555,410,player,1,232.6,221.6,249.5,265.3,72.0,33.69
555,430,player,1,281.2,361.1,303.2,419.1,87.81,59.21
555,7,player,1,85.0,5.9,121.3,53.2,30.11,-0.99
555,441,player,1,282.3,208.7,295.2,254.4,86.52,31.84
555,453,player,1,14.6,156.9,26.7,198.8,4.78,22.9
555,404,player,1,37.5,224.2,57.2,267.6,12.83,34.26
555,392,player,1,127.5,184.3,143.6,220.1,39.84,26.33
555,460,player,1,62.8,217.2,75.8,257.1,19.56,32.51
555,457,player,1,55.7,197.8,68.2,242.9,17.34,30.15
555,458,player,1,171.7,186.2,189.1,237.2,53.52,29.1
556,10,player,1,295.3,6.0,329.6,53.5,93.38,-1.03
556,6,player,1,230.7,5.0,266.7,53.0,74.14,-1.09
556,8,player,1,20.1,4.6,53.2,53.6,9.93,-0.89
556,367,player,1,49.4,263.9,67.6,315.2,16.17,42.15
556,9,player,2,156.7,8.6,189.4,53.5,51.29,-0.98
556,410,player,1,230.7,220.3,247.8,264.7,71.47,33.59
556,430,player,1,280.8,360.7,303.1,418.9,87.73,59.18
556,7,player,1,84.9,5.8,121.3,53.4,30.09,-0.96
556,441,player,1,280.7,209.0,293.8,254.0,86.05,31.79
556,453,player,1,13.7,156.8,25.7,198.5,4.5,22.87
556,404,player,1,37.5,224.2,56.5,267.2,12.71,34.19
556,392,player,1,127.1,184.1,143.3,219.7,39.74,26.27
556,458,player,1,171.3,190.5,187.6,237.3,53.22,29.13
556,402,player,1,212.4,185.2,233.0,237.8,66.4,29.17
557,10,player,1,295.4,6.0,329.8,53.5,93.42,-1.04
557,6,player,1,230.6,5.0,266.7,53.1,74.14,-1.08
557,8,player,1,20.1,4.6,53.2,53.5,9.94,-0.91
557,367,player,1,47.3,262.7,65.5,314.5,15.52,42.04
557,9,player,2,156.7,8.6,189.4,53.5,51.29,-0.97
557,410,player,1,228.0,220.6,245.5,264.9,70.71,33.63
557,430,player,1,279.5,360.2,302.3,418.8,87.41,59.16
557,7,player,1,84.7,5.9,121.0,53.3,30.03,-0.98
557,441,player,1,279.1,209.3,292.6,254.1,85.62,31.8
557,453,player,1,12.5,156.7,24.6,198.6,4.15,22.88
557,404,player,1,36.7,224.0,55.2,267.0,12.4,34.16
557,392,player,1,127.3,184.2,142.8,218.3,39.69,26.03
557,458,player,1,170.7,192.5,186.6,237.3,52.97,29.12
557,448,player,1,216.4,192.2,233.2,238.3,67.04,29.25
557,460,player,1,66.9,215.6,79.9,254.7,20.82,32.1
557,457,player,1,54.2,197.6,66.1,240.3,16.78,29.73
558,10,player,1,295.4,6.0,329.7,53.4,93.41,-1.05
558,6,player,1,230.6,5.0,266.7,53.0,74.13,-1.09
558,8,player,1,20.1,4.6,53.1,53.4,9.92,-0.92
558,367,player,1,44.3,262.2,62.4,314.0,14.59,41.97
558,9,player,2,156.7,8.5,189.4,53.6,51.3,-0.96
558,410,player,1,226.6,220.4,244.3,264.3,70.3,33.53
558,430,player,1,278.6,360.0,301.3,418.0,87.12,59.03
558,7,player,1,84.6,5.9,121.0,53.2,30.01,-0.99
558,441,player,1,276.4,209.5,290.6,254.1,84.92,31.81
558,453,player,1,11.5,156.8,23.4,198.4,3.8,22.84
558,404,player,1,36.7,224.1,54.4,266.8,12.28,34.13
558,392,player,1,126.7,183.6,142.2,217.7,39.52,25.93
558,460,player,1,69.5,214.5,82.8,253.6,21.66,31.92
558,457,player,1,53.8,197.3,66.1,240.5,16.71,29.76
558,402,player,1,208.3,184.4,229.8,237.8,65.3,29.17
559,10,player,1,295.4,6.0,329.8,53.4,93.42,-1.05
559,6,player,1,230.6,5.0,266.6,52.9,74.13,-1.1
559,8,player,1,20.0,4.6,53.0,53.4,9.89,-0.93
559,367,player,1,43.0,262.0,61.1,314.0,14.19,41.96
559,9,player,2,156.6,8.6,189.2,53.5,51.24,-0.97
559,410,player,1,224.9,220.7,242.8,264.1,69.82,33.5
559,430,player,1,278.0,360.0,300.6,417.8,86.92,59.0
559,7,player,1,84.7,5.9,121.0,53.2,30.03,-0.99
559,441,player,1,274.8,209.5,289.6,253.8,84.52,31.76
559,404,player,1,36.2,224.1,53.5,266.8,12.06,34.13
559,392,player,1,126.5,183.4,141.7,217.0,39.42,25.81
559,460,player,1,69.7,214.1,83.5,253.1,21.81,31.83
559,457,player,1,53.0,197.2,65.6,240.8,16.53,29.81
559,402,player,1,206.7,183.7,229.1,238.2,64.94,29.24
559,458,player,1,168.3,191.7,184.7,236.9,52.33,29.06
560,10,player,1,295.4,6.1,329.7,53.4,93.42,-1.05
560,6,player,1,230.7,5.0,266.7,53.0,74.15,-1.08
560,8,player,1,20.0,4.7,52.9,53.4,9.88,-0.93
560,367,player,1,40.5,262.2,58.8,314.3,13.45,42.01
560,9,player,2,156.7,8.6,189.2,53.5,51.26,-0.97
560,410,player,1,224.0,220.4,242.1,264.0,69.56,33.48
560,430,player,1,277.1,359.9,299.2,416.4,86.56,58.77
560,7,player,1,84.8,5.9,121.1,53.2,30.05,-0.99
560,441,player,1,273.0,209.8,288.5,254.2,84.08,31.83
560,404,player,1,35.4,224.0,52.4,266.7,11.76,34.12
560,392,player,1,125.5,182.0,141.4,217.2,39.2,25.85
560,460,player,1,73.2,213.6,88.5,254.6,23.1,32.08
560,457,player,1,51.9,197.4,64.5,241.0,16.19,29.85
560,402,player,1,206.0,183.6,228.7,237.9,64.77,29.19
560,458,player,1,167.7,191.5,184.7,237.1,52.23,29.1
560,453,player,1,9.3,156.6,21.2,198.3,3.13,22.83
561,10,player,1,295.5,6.0,329.8,53.5,93.44,-1.04
561,6,player,1,230.7,5.0,266.8,53.1,74.15,-1.07
561,8,player,1,19.9,4.7,53.0,53.7,9.87,-0.89
561,367,player,1,39.0,262.7,57.3,313.8,13.0,41.94
561,9,player,2,156.8,8.5,189.3,53.6,51.27,-0.96
561,410,player,1,221.8,222.1,239.6,264.6,68.86,33.58
561,430,player,1,274.9,358.9,296.7,415.2,85.86,58.56
561,7,player,1,84.8,5.9,121.1,53.2,30.06,-0.99
561,441,player,1,271.2,209.7,287.3,254.2,83.62,31.83
561,404,player,1,35.0,223.0,51.7,266.0,11.61,33.99
561,392,player,1,125.0,180.5,140.9,216.2,39.05,25.69
561,460,player,1,76.5,212.7,91.7,251.4,24.1,31.54
561,457,player,1,50.6,197.6,63.2,240.8,15.8,29.81
561,402,player,1,205.5,182.2,228.9,237.9,64.73,29.19
561,458,player,1,163.9,190.4,181.1,237.1,51.09,29.09
561,368,player,1,283.8,198.6,299.4,243.4,87.36,30.03
562,10,player,1,295.5,6.0,329.8,53.5,93.43,-1.03
562,6,player,1,230.7,5.0,266.8,53.1,74.17,-1.07
562,8,player,1,20.0,4.6,53.0,53.7,9.89,-0.88
562,367,player,1,37.3,263.3,55.7,313.4,12.49,41.87
562,9,player,2,156.8,8.5,189.2,53.5,51.26,-0.97
562,410,player,1,220.3,223.3,238.0,264.7,68.39,33.61
562,430,player,1,273.2,358.6,293.9,412.7,85.16,58.15
562,7,player,1,84.9,5.9,121.2,53.2,30.09,-1.0
562,441,player,1,270.0,209.9,286.5,254.0,83.33,31.78
562,404,player,1,34.6,222.7,50.8,265.0,11.39,33.83
562,392,player,1,125.4,179.3,141.4,215.7,39.19,25.6
562,457,player,1,49.8,197.9,62.6,241.5,15.58,29.94
562,458,player,1,161.8,191.0,178.5,236.8,50.39,29.06
562,465,player,1,168.9,170.0,186.3,213.2,52.66,25.15
562,368,player,1,281.4,199.8,297.1,243.2,86.64,29.99
562,448,player,1,212.6,192.4,229.0,236.9,65.83,29.02
562,453,player,1,7.9,156.1,19.7,198.3,2.69,22.83
563,10,player,1,295.4,6.1,329.8,53.6,93.42,-1.03
563,6,player,1,230.7,5.0,266.8,53.2,74.18,-1.06
563,367,player,1,36.1,263.6,54.5,313.1,12.13,41.82
563,9,player,2,156.8,8.5,189.1,53.6,51.26,-0.96
563,410,player,1,219.2,222.7,237.5,264.8,68.14,33.62
563,430,player,1,271.2,358.4,290.8,410.9,84.36,57.86
563,7,player,1,84.9,5.9,121.2,53.3,30.09,-0.98
563,441,player,1,268.3,209.7,285.3,253.8,82.89,31.76
563,404,player,1,34.6,222.2,50.5,264.1,11.36,33.68
563,392,player,1,126.1,177.9,142.5,216.2,39.47,25.69
563,457,player,1,49.0,198.0,61.9,241.6,15.34,29.94
563,458,player,1,160.6,190.7,177.1,236.6,49.99,29.01
563,465,player,1,168.2,170.2,185.7,213.4,52.46,25.19
563,368,player,1,279.6,200.7,295.4,243.3,86.11,30.01
563,448,player,1,212.1,193.7,228.2,236.5,65.62,28.96
563,453,player,1,7.3,156.0,19.0,198.4,2.49,22.84
564,10,player,1,295.4,6.0,329.8,53.6,93.41,-1.02
564,6,player,1,230.7,5.0,266.8,53.2,74.17,-1.06
564,367,player,1,35.1,263.2,53.9,313.0,11.87,41.81
564,9,player,2,156.8,8.6,189.1,53.6,51.26,-0.96
564,410,player,1,217.8,222.5,236.2,264.4,67.73,33.56
564,430,player,1,269.0,358.0,288.9,412.9,83.74,58.19
564,7,player,1,84.8,5.9,121.1,53.3,30.06,-0.98
564,441,player,1,266.4,209.3,283.7,253.6,82.35,31.73
564,404,player,1,34.0,221.8,49.6,263.3,11.12,33.56
564,392,player,1,127.2,176.6,143.3,214.6,39.76,25.43
564,457,player,1,48.2,197.9,61.2,241.5,15.11,29.94
564,458,player,1,159.6,191.1,175.5,235.4,49.59,28.82
564,465,player,1,166.9,169.9,184.6,213.5,52.1,25.21
564,368,player,1,277.7,201.9,293.4,243.0,85.51,29.98
564,448,player,1,211.7,193.9,228.0,236.3,65.54,28.92
564,453,player,1,6.8,155.8,18.4,198.3,2.31,22.82
565,10,player,1,295.2,6.1,329.9,54.1,93.4,-0.93
565,6,player,1,230.4,5.1,266.5,53.1,74.07,-1.07
565,9,player,2,156.8,8.5,189.2,53.7,51.26,-0.95
565,7,player,1,84.9,5.6,121.7,53.6,30.16,-0.92
565,8,player,1,20.0,4.8,52.9,53.7,9.87,-0.88
566,10,player,1,295.2,6.1,329.9,54.3,93.4,-0.9
566,6,player,1,230.2,5.1,266.4,53.1,74.03,-1.07
566,9,player,2,156.7,8.5,189.1,53.7,51.25,-0.94
566,7,player,1,85.0,5.5,121.8,53.8,30.2,-0.89
566,8,player,1,20.0,4.8,52.8,53.7,9.87,-0.88
567,10,player,1,295.2,6.1,329.9,54.4,93.4,-0.89
567,6,player,1,230.2,5.1,266.4,53.1,74.02,-1.07
567,9,player,2,156.7,8.5,189.1,53.7,51.25,-0.94
567,7,player,1,85.1,5.5,121.9,53.8,30.21,-0.89
567,8,player,1,20.0,4.8,52.8,53.7,9.87,-0.87
568,10,player,1,295.2,6.1,329.9,54.4,93.4,-0.89
568,6,player,1,230.1,5.1,266.4,53.1,74.01,-1.07
568,9,player,2,156.8,8.5,189.1,53.7,51.25,-0.94
568,7,player,1,85.1,5.4,121.8,53.9,30.22,-0.88
568,8,player,1,20.1,4.8,52.8,53.7,9.87,-0.87
569,10,player,1,295.2,6.1,329.9,54.4,93.4,-0.88
569,6,player,1,230.1,5.1,266.4,53.1,74.01,-1.07
569,9,player,2,156.8,8.5,189.1,53.7,51.26,-0.94
569,7,player,1,85.2,5.4,121.8,53.9,30.22,-0.88
569,8,player,1,20.0,4.7,52.8,53.7,9.86,-0.87
570,10,player,1,295.2,6.1,329.8,54.4,93.4,-0.88
570,6,player,1,230.2,5.1,266.5,53.1,74.03,-1.07
570,9,player,2,156.8,8.5,189.1,53.7,51.26,-0.94
570,7,player,1,85.2,5.5,121.8,53.9,30.21,-0.88
570,8,player,1,20.0,4.7,52.8,53.7,9.86,-0.87
571,10,player,1,295.2,6.1,329.8,54.4,93.4,-0.88
571,6,player,1,230.2,5.1,266.5,53.1,74.04,-1.07
571,9,player,2,156.8,8.5,189.1,53.7,51.26,-0.94
571,7,player,1,85.2,5.5,121.7,53.9,30.21,-0.88
571,8,player,1,20.1,4.8,52.7,53.7,9.86,-0.87
571,476,player,1,0.0,3.0,98.7,224.4,13.51,27.12
572,10,player,1,295.2,6.1,329.8,54.4,93.4,-0.88
572,6,player,1,230.2,5.1,266.6,53.1,74.05,-1.07
572,9,player,2,156.9,8.5,189.1,53.7,51.27,-0.94
572,7,player,1,85.3,5.5,121.7,53.9,30.22,-0.88
572,8,player,1,20.1,4.8,52.7,53.7,9.86,-0.87
573,10,player,1,295.2,6.1,329.8,54.4,93.4,-0.88
573,6,player,1,230.1,5.1,266.5,53.1,74.03,-1.07
573,9,player,2,156.9,8.5,189.1,53.7,51.27,-0.94
573,7,player,1,85.3,5.5,121.7,53.9,30.22,-0.88
573,8,player,1,20.1,4.7,52.8,53.7,9.87,-0.87
574,10,player,1,295.2,6.1,329.8,54.5,93.4,-0.88
574,6,player,1,230.0,5.1,266.5,53.1,74.02,-1.07
574,9,player,2,156.8,8.6,188.9,53.7,51.23,-0.94
574,7,player,1,85.3,5.5,121.6,53.9,30.22,-0.88
574,8,player,1,20.1,4.8,52.7,53.7,9.87,-0.87
575,10,player,1,295.2,6.1,329.8,54.5,93.39,-0.88
575,6,player,1,230.0,5.1,266.6,53.2,74.03,-1.06
575,9,player,2,156.8,8.5,189.0,53.7,51.24,-0.94
575,7,player,1,85.4,5.4,121.6,53.9,30.22,-0.88
575,8,player,1,20.1,4.8,52.7,53.7,9.87,-0.88
576,10,player,1,295.3,6.1,329.8,54.5,93.4,-0.88
576,6,player,1,230.1,5.1,266.6,53.1,74.05,-1.07
576,9,player,2,156.9,8.5,189.1,53.7,51.26,-0.94
576,7,player,1,85.4,5.5,121.6,53.9,30.22,-0.88
576,8,player,1,20.1,4.8,52.7,53.7,9.87,-0.88
577,10,player,1,295.3,6.1,329.8,54.5,93.41,-0.88
577,6,player,1,230.0,5.0,266.6,53.1,74.02,-1.08
577,9,player,2,156.9,8.5,189.1,53.7,51.27,-0.94
577,7,player,1,85.4,5.5,121.6,53.9,30.22,-0.88
577,8,player,1,20.1,4.8,52.7,53.7,9.87,-0.88
577,480,player,1,41.6,151.4,287.6,454.6,48.67,65.35
578,10,player,1,295.1,6.1,329.7,54.5,93.36,-0.87
578,6,player,1,229.9,5.0,266.5,53.1,73.99,-1.08
578,9,player,2,156.9,8.5,189.1,53.7,51.27,-0.94
578,7,player,1,85.4,5.4,121.6,53.9,30.22,-0.88
578,8,player,1,20.2,4.8,52.7,53.7,9.87,-0.88
579,10,player,1,294.9,6.1,329.5,54.5,93.31,-0.87
579,6,player,1,229.8,5.0,266.5,53.1,73.99,-1.07
579,9,player,2,156.9,8.5,189.1,53.7,51.26,-0.94
579,7,player,1,85.4,5.4,121.6,53.9,30.22,-0.88
579,8,player,1,20.2,4.8,52.7,53.7,9.87,-0.88
580,10,player,1,295.0,6.1,329.5,54.5,93.32,-0.88
580,6,player,1,229.8,5.0,266.5,53.1,73.98,-1.07
580,9,player,2,156.9,8.5,189.0,53.7,51.25,-0.94
580,7,player,1,85.5,5.4,121.6,53.9,30.22,-0.88
580,8,player,1,20.2,4.8,52.7,53.7,9.87,-0.88
580,480,player,1,4.0,135.3,245.2,433.0,36.35,61.77
581,10,player,1,295.1,6.1,329.7,54.5,93.37,-0.88
581,6,player,1,229.9,5.1,266.6,53.1,74.01,-1.07
581,9,player,2,156.9,8.5,189.0,53.7,51.25,-0.94
581,7,player,1,85.5,5.4,121.6,53.8,30.23,-0.89
581,8,player,1,20.2,4.8,52.7,53.7,9.87,-0.88
581,480,player,1,15.4,132.8,260.7,432.9,40.5,61.74
582,10,player,1,295.3,6.1,329.7,54.4,93.39,-0.89
582,6,player,1,229.9,5.1,266.6,53.1,74.02,-1.06
582,9,player,2,156.9,8.5,189.0,53.7,51.25,-0.94
582,7,player,1,85.5,5.4,121.5,53.9,30.22,-0.88
582,8,player,1,20.2,4.8,52.7,53.7,9.87,-0.87
583,10,player,1,295.3,6.1,329.7,54.4,93.4,-0.89
583,6,player,1,229.9,5.1,266.7,53.2,74.03,-1.06
583,9,player,2,156.9,8.5,189.0,53.7,51.25,-0.93
583,7,player,1,85.5,5.4,121.5,53.9,30.22,-0.88
583,8,player,1,20.2,4.8,52.7,53.7,9.87,-0.87
584,10,player,1,295.4,6.1,329.7,54.4,93.41,-0.89
584,6,player,1,230.0,5.1,266.7,53.2,74.04,-1.06
584,9,player,2,156.9,8.5,189.0,53.7,51.25,-0.93
584,7,player,1,85.5,5.4,121.5,53.9,30.22,-0.88
584,8,player,1,20.2,4.8,52.7,53.7,9.87,-0.87
585,10,player,1,295.4,6.1,329.7,54.4,93.41,-0.9
585,6,player,1,230.0,5.1,266.7,53.2,74.05,-1.06
585,9,player,2,156.9,8.5,189.0,53.7,51.25,-0.94
585,7,player,1,85.5,5.4,121.5,53.9,30.21,-0.88
585,8,player,1,20.2,4.8,52.7,53.7,9.87,-0.88
586,10,player,1,295.4,6.1,329.7,54.4,93.41,-0.9
586,6,player,1,230.0,5.1,266.7,53.2,74.04,-1.06
586,9,player,2,156.9,8.5,189.0,53.7,51.25,-0.94
586,7,player,1,85.5,5.5,121.4,53.8,30.21,-0.89
586,8,player,1,20.2,4.7,52.7,53.7,9.87,-0.88
587,10,player,1,295.4,6.1,329.7,54.4,93.41,-0.89
587,6,player,1,230.0,5.1,266.7,53.2,74.03,-1.06
587,9,player,2,156.9,8.6,188.9,53.7,51.25,-0.94
587,7,player,1,85.5,5.5,121.4,53.8,30.21,-0.88
587,8,player,1,20.2,4.7,52.7,53.7,9.87,-0.88
588,10,player,1,295.4,6.1,329.7,54.4,93.4,-0.89
588,6,player,1,230.0,5.1,266.7,53.2,74.04,-1.06
588,9,player,2,156.9,8.6,188.9,53.7,51.24,-0.94
588,7,player,1,85.5,5.5,121.4,53.8,30.21,-0.89
588,8,player,1,20.2,4.7,52.7,53.7,9.87,-0.88
589,10,player,1,295.4,6.1,329.7,54.4,93.4,-0.89
589,6,player,1,230.0,5.1,266.7,53.2,74.04,-1.06
589,9,player,2,156.9,8.6,188.9,53.7,51.24,-0.94
589,7,player,1,85.5,5.5,121.4,53.8,30.21,-0.89
589,8,player,1,20.2,4.7,52.7,53.7,9.87,-0.88
590,10,player,1,295.4,6.1,329.7,54.4,93.4,-0.89
590,6,player,1,229.9,5.1,266.6,53.1,74.01,-1.07
590,9,player,2,156.9,8.5,188.9,53.7,51.24,-0.94
590,7,player,1,85.5,5.4,121.4,53.8,30.21,-0.89
590,8,player,1,20.2,4.7,52.7,53.7,9.87,-0.88
591,10,player,1,295.4,6.1,329.7,54.5,93.41,-0.88
591,6,player,1,229.8,5.0,266.6,53.1,73.99,-1.07
591,9,player,2,156.9,8.5,188.9,53.7,51.24,-0.94
591,7,player,1,85.5,5.5,121.4,53.8,30.21,-0.89
591,8,player,1,20.2,4.7,52.7,53.7,9.87,-0.88
592,10,player,1,295.4,6.1,329.7,54.5,93.41,-0.88
592,6,player,1,229.9,5.1,266.7,53.2,74.02,-1.06
592,9,player,2,156.9,8.6,188.9,53.7,51.24,-0.94
592,7,player,1,85.5,5.5,121.4,53.8,30.21,-0.89
592,8,player,1,20.2,4.7,52.7,53.7,9.87,-0.88
593,10,player,1,295.5,6.1,329.7,54.3,93.42,-0.91
593,6,player,1,230.3,5.0,267.0,53.1,74.13,-1.07
593,9,player,2,157.4,8.6,189.3,53.7,51.37,-0.95
593,7,player,1,85.5,5.6,121.3,53.9,30.18,-0.88
593,8,player,1,20.1,4.5,52.8,54.0,9.87,-0.83
594,10,player,1,295.6,6.1,329.6,54.2,93.42,-0.92
594,6,player,1,230.5,5.0,267.0,53.1,74.17,-1.08
594,9,player,2,157.5,8.6,189.5,53.6,51.42,-0.95
594,7,player,1,85.4,5.7,121.2,53.9,30.17,-0.87
594,8,player,1,20.0,4.5,52.9,54.1,9.87,-0.81
594,483,player,1,0.5,205.7,94.9,336.2,12.81,45.67
594,484,player,1,311.2,226.5,351.5,300.8,99.55,39.47
594,485,player,1,188.1,247.6,240.2,300.5,63.83,39.54
594,488,player,2,276.4,251.6,295.5,289.0,85.71,37.57
595,10,player,1,295.6,6.1,329.6,54.2,93.42,-0.92
595,6,player,1,230.6,5.0,267.1,53.1,74.18,-1.08
595,9,player,2,157.5,8.6,189.6,53.6,51.44,-0.95
595,7,player,1,85.4,5.7,121.2,53.9,30.16,-0.87
595,8,player,1,20.1,4.5,52.8,54.2,9.87,-0.8
595,483,player,1,1.0,206.3,94.8,336.0,12.88,45.64
595,484,player,1,310.9,226.1,351.6,300.9,99.53,39.49
595,485,player,1,187.7,246.6,240.7,300.5,63.84,39.54
595,488,player,2,276.4,251.5,295.5,289.0,85.72,37.57
596,10,player,1,295.6,6.1,329.6,54.2,93.42,-0.92
596,6,player,1,230.6,5.0,267.0,53.1,74.19,-1.08
596,9,player,2,157.5,8.6,189.7,53.6,51.45,-0.95
596,7,player,1,85.4,5.7,121.2,53.9,30.16,-0.87
596,8,player,1,20.1,4.4,52.8,54.2,9.87,-0.8
596,483,player,1,1.9,206.6,95.5,336.0,13.13,45.63
596,484,player,1,311.0,226.3,351.6,300.9,99.54,39.49
596,485,player,1,187.0,245.1,241.6,300.5,63.87,39.55
596,488,player,2,276.5,251.6,295.5,289.0,85.72,37.57
597,10,player,1,295.6,6.1,329.6,54.2,93.42,-0.92
597,6,player,1,230.7,5.0,267.0,53.1,74.19,-1.08
597,9,player,2,157.4,8.6,189.8,53.6,51.45,-0.95
597,7,player,1,85.5,5.7,121.2,53.9,30.17,-0.87
597,8,player,1,20.2,4.4,52.9,54.2,9.89,-0.8
597,483,player,1,3.1,207.3,96.1,335.5,13.39,45.54
597,484,player,1,311.2,226.9,351.4,300.7,99.54,39.46
597,485,player,1,187.9,246.7,241.0,300.6,63.92,39.56
597,491,player,1,23.7,276.0,35.0,305.9,7.23,40.64
598,10,player,1,295.6,6.1,329.6,54.2,93.42,-0.92
598,6,player,1,230.7,5.0,267.0,53.1,74.19,-1.08
598,9,player,2,157.4,8.6,189.7,53.6,51.44,-0.95
598,7,player,1,85.5,5.7,121.2,53.9,30.17,-0.88
598,8,player,1,20.2,4.4,52.9,54.2,9.9,-0.8
598,483,player,1,3.2,207.3,96.4,335.3,13.47,45.52
598,484,player,1,310.7,225.1,351.9,300.7,99.54,39.45
598,485,player,1,188.2,247.3,240.7,300.6,63.93,39.56
598,491,player,1,23.7,276.1,35.0,305.9,7.23,40.63
599,10,player,1,295.6,6.1,329.6,54.2,93.42,-0.92
599,6,player,1,230.7,5.0,266.9,53.1,74.19,-1.08
599,9,player,2,157.3,8.6,189.8,53.6,51.43,-0.96
599,7,player,1,85.5,5.7,121.2,53.9,30.17,-0.88
599,8,player,1,20.2,4.4,52.9,54.2,9.91,-0.8
599,483,player,1,2.4,207.4,95.6,335.1,13.22,45.49
599,484,player,1,310.4,224.3,352.1,300.6,99.52,39.44
599,485,player,1,187.0,244.0,242.3,300.5,63.98,39.54
599,491,player,1,28.4,276.4,39.9,306.0,8.71,40.65
600,10,player,1,295.6,6.1,329.5,54.2,93.42,-0.92
600,6,player,1,230.7,5.0,266.9,53.1,74.19,-1.08
600,9,player,2,157.3,8.6,189.8,53.6,51.43,-0.96
600,7,player,1,85.5,5.7,121.2,53.9,30.17,-0.88
600,8,player,1,20.3,4.4,52.9,54.2,9.91,-0.8
600,483,player,1,2.2,207.1,95.6,334.8,13.19,45.44
600,484,player,1,310.0,223.1,352.5,300.9,99.53,39.49
600,485,player,1,187.0,244.3,241.8,300.3,63.9,39.52
600,492,player,1,147.7,245.7,184.9,297.0,49.21,39.02
601,10,player,1,295.7,6.1,329.5,54.2,93.42,-0.92
601,6,player,1,230.8,5.0,266.9,53.1,74.19,-1.08
601,9,player,2,157.2,8.6,189.8,53.6,51.43,-0.96
601,7,player,1,85.5,5.7,121.2,53.9,30.17,-0.88
601,8,player,1,20.3,4.4,52.9,54.2,9.91,-0.8
601,483,player,1,2.7,207.8,95.5,334.2,13.25,45.33
601,484,player,1,310.0,222.9,352.5,300.8,99.53,39.47
601,485,player,1,187.8,245.3,241.6,300.3,64.0,39.51
601,492,player,1,148.7,247.4,184.5,296.9,49.3,39.0
601,488,player,2,276.0,249.4,296.0,289.0,85.73,37.57
602,10,player,1,295.7,6.1,329.5,54.2,93.42,-0.92
602,6,player,1,230.8,5.0,266.9,53.1,74.18,-1.08
602,9,player,2,157.2,8.6,189.8,53.6,51.43,-0.96
602,7,player,1,85.5,5.7,121.2,53.9,30.17,-0.88
602,8,player,1,20.3,4.4,52.8,54.2,9.91,-0.8
602,483,player,1,3.3,208.7,95.5,333.5,13.34,45.21
602,484,player,1,309.9,222.9,352.4,300.7,99.49,39.46
602,485,player,1,187.4,244.5,241.8,300.2,63.97,39.5
602,492,player,1,147.8,245.3,185.1,296.9,49.25,38.99
602,488,player,2,276.1,249.8,296.0,289.0,85.74,37.57
602,491,player,1,35.9,281.3,45.1,304.8,10.67,40.45
603,10,player,1,295.7,6.1,329.5,54.2,93.42,-0.92
603,6,player,1,230.8,5.0,266.8,53.1,74.18,-1.08
603,9,player,2,157.1,8.6,189.7,53.7,51.4,-0.95
603,7,player,1,85.5,5.7,121.2,53.9,30.17,-0.88
603,8,player,1,20.3,4.4,52.8,54.2,9.91,-0.8
603,483,player,1,3.5,209.5,95.5,333.3,13.38,45.19
603,484,player,1,309.9,223.1,352.3,300.7,99.48,39.46
603,485,player,1,185.4,240.0,243.6,300.4,63.94,39.52
603,492,player,1,147.7,244.5,185.4,296.8,49.27,38.99
603,488,player,2,275.8,248.3,296.3,289.0,85.75,37.57
603,491,player,1,37.8,283.5,46.0,304.7,11.08,40.43
604,10,player,1,295.7,6.1,329.5,54.2,93.42,-0.92
604,6,player,1,230.8,5.0,266.8,53.1,74.18,-1.08
604,9,player,2,157.1,8.6,189.7,53.7,51.39,-0.94
604,7,player,1,85.5,5.7,121.2,53.9,30.17,-0.88
604,8,player,1,20.3,4.4,52.8,54.2,9.91,-0.8
604,483,player,1,3.4,209.7,95.7,333.3,13.39,45.18
604,484,player,1,309.9,222.7,352.3,300.7,99.48,39.46
604,485,player,1,184.8,238.3,244.1,300.4,63.92,39.53
604,492,player,1,147.6,244.1,185.4,296.9,49.27,38.99
604,488,player,2,275.8,247.7,296.4,289.0,85.75,37.57
604,491,player,1,38.3,284.1,46.1,304.7,11.19,40.42
605,10,player,1,295.7,6.1,329.5,54.2,93.42,-0.92
605,6,player,1,230.8,5.0,266.8,53.1,74.18,-1.08
605,9,player,2,157.0,8.6,189.7,53.7,51.38,-0.94
605,7,player,1,85.5,5.7,121.2,53.9,30.17,-0.88
605,8,player,1,20.3,4.4,52.8,54.2,9.91,-0.8
605,483,player,1,3.4,210.0,96.2,333.5,13.46,45.21
605,484,player,1,310.0,223.0,352.3,300.7,99.5,39.46
605,485,player,1,185.6,238.8,243.8,300.3,64.0,39.52
605,492,player,1,147.8,243.5,185.8,296.9,49.37,38.99
605,491,player,,38.1,284.7,45.8,305.1,11.11,40.5
606,10,player,1,295.7,6.1,329.5,54.2,93.42,-0.92
606,6,player,1,230.8,5.0,266.8,53.1,74.18,-1.08
606,9,player,2,157.0,8.6,189.7,53.7,51.38,-0.94
606,7,player,1,85.5,5.7,121.2,53.9,30.17,-0.88
606,8,player,1,20.3,4.4,52.8,54.2,9.91,-0.8
606,483,player,1,0.4,209.9,93.5,334.3,12.59,45.35
606,484,player,1,310.0,222.9,352.3,300.6,99.5,39.45
606,485,player,1,187.1,239.2,243.9,299.8,64.23,39.43
606,492,player,1,148.6,242.4,187.0,296.9,49.67,38.99
607,10,player,1,295.7,6.1,329.5,54.2,93.42,-0.92
607,6,player,1,230.8,5.0,266.8,53.1,74.18,-1.08
607,9,player,2,157.0,8.6,189.7,53.7,51.38,-0.94
607,7,player,1,85.5,5.7,121.2,53.9,30.17,-0.88
607,8,player,1,20.3,4.4,52.8,54.2,9.91,-0.8
607,483,player,1,0.1,209.7,93.8,335.0,12.59,45.46
607,484,player,1,310.0,222.8,352.3,300.6,99.49,39.44
607,485,player,1,186.3,238.5,243.8,300.5,64.09,39.54
607,492,player,1,149.2,241.3,187.8,297.0,49.88,39.02
608,10,player,1,295.7,6.1,329.5,54.2,93.42,-0.92
608,6,player,1,230.9,5.0,266.8,53.1,74.18,-1.08
608,9,player,2,157.0,8.6,189.7,53.7,51.38,-0.94
608,7,player,1,85.5,5.7,121.2,53.9,30.17,-0.88
608,8,player,1,20.3,4.4,52.8,54.2,9.91,-0.8
608,483,player,1,0.3,209.3,95.1,335.8,12.81,45.6
608,484,player,1,309.7,221.5,352.5,300.6,99.49,39.43
608,485,player,1,185.7,235.4,245.0,300.6,64.19,39.56
608,492,player,1,149.3,240.2,188.2,297.1,49.96,39.04
608,488,player,2,276.6,249.4,296.4,288.9,85.88,37.54
609,10,player,1,295.7,6.1,329.5,54.2,93.42,-0.92
609,6,player,1,230.9,5.0,266.8,53.1,74.18,-1.08
609,9,player,2,157.0,8.6,189.7,53.7,51.38,-0.94
609,7,player,1,85.5,5.7,121.2,53.9,30.17,-0.88
609,8,player,1,20.3,4.4,52.8,54.2,9.91,-0.8
609,483,player,1,2.2,208.4,98.8,336.5,13.68,45.72
609,484,player,1,309.7,221.3,352.6,300.6,99.49,39.43
609,485,player,1,186.6,234.4,244.9,299.7,64.33,39.41
609,492,player,1,149.8,239.6,188.3,297.0,50.03,39.02
609,488,player,2,276.7,249.3,296.5,288.8,85.9,37.54
610,10,player,1,295.7,6.1,329.5,54.2,93.42,-0.92
610,6,player,1,230.9,5.0,266.8,53.1,74.18,-1.08
610,9,player,2,157.0,8.6,189.7,53.7,51.38,-0.94
610,7,player,1,85.5,5.7,121.2,53.9,30.17,-0.88
610,8,player,1,20.4,4.4,52.8,54.2,9.91,-0.8
610,483,player,1,2.7,208.2,100.2,336.8,13.98,45.76
610,484,player,2,309.7,220.9,352.6,300.6,99.49,39.43
610,485,player,2,187.3,234.0,244.6,299.3,64.38,39.35
610,492,player,1,150.1,239.2,188.1,297.0,50.06,39.01
610,488,player,2,276.3,248.1,296.6,288.9,85.88,37.54
610,499,player,1,35.7,285.6,43.2,305.4,10.34,40.55
611,10,player,1,295.7,6.1,329.5,54.2,93.42,-0.92
611,6,player,1,230.9,5.0,266.7,53.1,74.18,-1.08
611,9,player,2,157.0,8.6,189.7,53.7,51.38,-0.94
611,7,player,1,85.5,5.7,121.2,53.9,30.17,-0.88
611,8,player,1,20.4,4.4,52.8,54.2,9.91,-0.8
611,483,player,1,2.3,205.3,102.5,336.9,14.26,45.78
611,484,player,2,309.8,221.0,352.6,300.6,99.5,39.43
611,485,player,2,185.4,229.7,245.4,299.8,64.22,39.42
611,492,player,1,150.5,239.1,188.1,297.1,50.14,39.03
611,488,player,2,276.5,247.7,296.9,288.8,85.94,37.54
612,10,player,1,295.7,6.1,329.5,54.2,93.42,-0.92
612,6,player,1,230.9,5.0,266.7,53.1,74.18,-1.08
612,9,player,2,157.0,8.6,189.7,53.7,51.38,-0.94
612,7,player,1,85.5,5.7,121.2,53.9,30.17,-0.88
612,8,player,1,20.4,4.4,52.8,54.2,9.91,-0.8
612,483,player,1,3.9,204.4,105.7,337.1,14.99,45.8
612,484,player,2,310.0,222.1,352.3,300.6,99.5,39.44
612,485,player,2,185.8,228.7,245.2,299.8,64.24,39.43
612,492,player,1,150.9,238.3,188.3,297.1,50.23,39.02
612,488,player,2,276.4,246.8,297.0,288.8,85.94,37.53
613,10,player,1,295.7,6.1,329.5,54.2,93.42,-0.92
613,6,player,1,230.9,5.0,266.7,53.1,74.18,-1.08
613,9,player,2,157.0,8.6,189.7,53.7,51.38,-0.94
613,7,player,1,85.5,5.7,121.2,53.9,30.17,-0.88
613,8,player,1,20.4,4.4,52.7,54.2,9.91,-0.8
613,483,player,1,5.2,203.9,108.6,337.0,15.65,45.8
613,484,player,2,310.1,222.4,352.2,300.7,99.49,39.45
613,485,player,2,188.0,224.2,247.6,298.9,64.94,39.28
613,492,player,1,151.7,238.5,188.2,297.1,50.33,39.03
613,488,player,2,277.2,247.7,297.3,289.0,86.1,37.56
614,10,player,1,295.7,6.1,329.5,54.2,93.42,-0.92
614,6,player,1,230.9,5.0,266.7,53.1,74.18,-1.08
614,9,player,2,157.0,8.6,189.7,53.7,51.38,-0.94
614,7,player,1,85.5,5.7,121.2,53.9,30.17,-0.88
614,8,player,1,20.4,4.4,52.7,54.2,9.91,-0.8
614,483,player,1,5.9,199.8,113.7,337.0,16.54,45.79
614,484,player,2,310.2,222.6,352.1,300.7,99.49,39.45
614,485,player,2,189.9,222.1,248.8,299.4,65.43,39.36
614,492,player,1,152.4,238.6,188.2,297.1,50.42,39.03
614,488,player,2,277.3,248.0,297.2,289.0,86.1,37.56
614,501,player,1,185.1,244.1,210.8,298.3,58.88,39.2
615,10,player,1,295.7,6.1,329.5,54.2,93.42,-0.92
615,6,player,1,230.9,5.0,266.7,53.1,74.18,-1.08
615,9,player,2,157.0,8.6,189.7,53.7,51.38,-0.94
615,7,player,1,85.5,5.7,121.2,53.9,30.17,-0.88
615,8,player,1,20.4,4.4,52.7,54.2,9.91,-0.8
615,483,player,1,7.6,197.8,118.7,336.9,17.55,45.77
615,484,player,2,310.3,223.1,352.0,300.7,99.5,39.45
615,485,player,2,191.4,221.4,248.1,299.3,65.55,39.35
615,492,player,1,152.8,238.6,188.1,297.1,50.47,39.04
615,488,player,2,277.3,247.8,297.2,289.0,86.11,37.56
615,502,player,2,247.6,254.1,261.0,288.8,76.06,37.57
616,10,player,1,295.7,6.1,329.5,54.2,93.42,-0.92
616,6,player,1,230.9,5.0,266.7,53.1,74.18,-1.08
616,9,player,2,157.0,8.6,189.7,53.7,51.38,-0.94
616,7,player,1,85.5,5.7,121.2,53.9,30.17,-0.88
616,8,player,1,20.4,4.4,52.7,54.2,9.91,-0.8
616,483,player,1,7.7,197.0,121.0,336.9,17.93,45.76
616,484,player,2,310.4,223.0,352.2,300.7,99.53,39.46
616,485,player,2,192.6,221.2,247.1,299.3,65.57,39.34
616,492,player,1,153.2,238.7,187.8,297.1,50.49,39.03
616,488,player,2,277.2,246.7,297.4,289.1,86.12,37.58
616,502,player,2,247.6,253.8,261.1,288.8,76.09,37.56
617,10,player,1,295.7,6.1,329.5,54.2,93.42,-0.92
617,6,player,1,230.9,5.0,266.7,53.1,74.18,-1.08
617,9,player,2,157.0,8.6,189.7,53.7,51.38,-0.94
617,7,player,1,85.5,5.7,121.2,53.9,30.17,-0.88
617,8,player,1,20.4,4.4,52.7,54.2,9.91,-0.8
617,483,player,1,8.8,197.4,123.9,337.2,18.55,45.81
617,484,player,1,310.4,223.1,352.1,300.7,99.53,39.45
617,485,player,2,194.3,221.2,246.3,298.9,65.71,39.27
617,492,player,1,153.7,238.5,187.8,297.3,50.56,39.06
617,488,player,2,277.2,246.9,297.3,289.2,86.11,37.6
617,502,player,2,247.4,255.2,260.4,288.9,75.95,37.58
618,10,player,1,295.7,6.1,329.5,54.2,93.42,-0.92
618,6,player,1,230.9,5.0,266.7,53.1,74.18,-1.08
618,9,player,2,157.0,8.6,189.7,53.7,51.38,-0.94
618,7,player,1,85.5,5.7,121.2,53.9,30.17,-0.88
618,8,player,1,20.4,4.4,52.7,54.2,9.91,-0.8
618,483,player,1,9.5,196.3,127.8,337.4,19.25,45.84
618,484,player,2,310.3,222.7,352.3,300.7,99.54,39.46
618,485,player,2,195.8,221.0,245.7,298.9,65.84,39.27
618,492,player,1,153.8,238.3,187.6,297.3,50.56,39.07
618,488,player,1,278.7,253.0,296.0,289.1,86.13,37.59
618,502,player,2,247.4,255.3,260.6,289.4,75.99,37.67
618,503,player,2,27.7,228.3,53.0,282.7,10.64,36.76
618,505,player,1,185.3,275.1,201.7,294.6,57.53,38.6
619,10,player,1,295.7,6.1,329.5,54.2,93.42,-0.92
619,6,player,1,230.9,5.0,266.7,53.1,74.18,-1.08
619,9,player,2,157.0,8.6,189.7,53.7,51.38,-0.94
619,7,player,1,85.5,5.7,121.2,53.9,30.17,-0.88
619,8,player,1,20.4,4.4,52.7,54.2,9.91,-0.8
619,483,player,1,10.0,191.7,134.2,337.4,20.3,45.84
619,484,player,2,310.3,222.5,352.3,300.7,99.55,39.45
619,485,player,2,198.7,220.3,246.5,298.5,66.4,39.2
619,492,player,1,154.0,238.3,187.2,297.4,50.51,39.08
619,488,player,1,279.4,256.0,295.4,289.2,86.15,37.59
619,503,player,2,28.1,228.5,53.8,283.8,10.84,36.96
619,505,player,,187.7,275.3,203.0,293.6,58.08,38.42
620,10,player,1,295.7,6.1,329.5,54.2,93.42,-0.92
620,6,player,1,230.9,5.0,266.7,53.1,74.18,-1.08
620,9,player,2,157.0,8.6,189.7,53.7,51.38,-0.94
620,7,player,1,85.5,5.7,121.2,53.9,30.17,-0.88
620,8,player,1,20.4,4.4,52.7,54.2,9.91,-0.8
620,483,player,1,9.6,189.3,137.7,337.2,20.79,45.81
620,484,player,2,310.2,221.5,352.6,300.7,99.57,39.46
620,485,player,2,201.1,219.6,246.6,297.4,66.78,39.02
620,492,player,1,154.1,238.4,186.7,297.4,50.46,39.08
620,488,player,1,279.8,257.1,295.1,289.0,86.18,37.56
620,503,player,2,26.9,225.3,55.0,285.9,10.83,37.3
620,502,player,,247.0,255.8,259.8,288.9,75.8,37.58
621,10,player,1,295.7,6.1,329.5,54.2,93.42,-0.92
621,6,player,1,230.9,5.0,266.7,53.1,74.18,-1.08
621,9,player,2,157.0,8.6,189.7,53.7,51.38,-0.94
621,7,player,1,85.5,5.7,121.2,53.9,30.17,-0.88
621,8,player,1,20.4,4.4,52.7,54.2,9.9,-0.8
621,483,player,1,13.0,175.1,155.4,336.7,24.03,45.71
621,484,player,1,310.4,222.4,352.4,300.7,99.57,39.46
621,485,player,2,202.3,219.7,245.7,296.8,66.84,38.93
621,492,player,1,154.5,238.3,186.7,297.4,50.53,39.09
621,488,player,1,279.9,257.6,295.1,289.0,86.19,37.56
621,503,player,2,26.4,222.9,55.7,286.1,10.86,37.34
621,502,player,2,246.9,255.8,259.7,288.9,75.76,37.58
622,10,player,1,295.7,6.1,329.5,54.2,93.42,-0.92
622,6,player,1,230.9,5.0,266.7,53.1,74.18,-1.08
622,9,player,2,157.0,8.6,189.7,53.7,51.38,-0.94
622,7,player,1,85.5,5.7,121.2,53.9,30.17,-0.88
622,8,player,1,20.4,4.4,52.7,54.2,9.9,-0.8
622,483,player,1,14.9,177.3,157.3,336.4,24.6,45.66
622,484,player,2,310.5,222.9,352.2,300.7,99.56,39.46
622,485,player,2,203.7,219.6,245.4,296.4,67.0,38.86
622,492,player,1,154.4,237.3,186.5,297.3,50.47,39.06
622,488,player,1,280.1,257.8,295.1,288.9,86.22,37.55
622,503,player,2,26.9,225.1,55.2,286.7,10.86,37.43
622,502,player,,246.1,256.1,258.7,288.8,75.49,37.58
623,10,player,1,295.7,6.1,329.5,54.2,93.43,-0.92
623,6,player,1,230.9,5.0,266.7,53.1,74.18,-1.08
623,9,player,2,157.0,8.6,189.7,53.7,51.38,-0.94
623,7,player,1,85.5,5.7,121.2,53.9,30.17,-0.88
623,8,player,1,20.4,4.4,52.7,54.2,9.9,-0.8
623,483,player,1,14.8,177.6,158.5,336.3,24.78,45.64
623,484,player,2,310.5,223.1,352.2,300.7,99.55,39.46
623,485,player,2,204.7,219.5,244.8,296.3,67.05,38.83
623,492,player,1,154.4,236.8,186.4,297.2,50.46,39.05
623,488,player,1,280.2,257.8,295.2,288.9,86.23,37.55
623,503,player,2,27.0,225.4,55.1,286.8,10.87,37.46
623,502,player,2,245.8,256.2,258.3,288.8,75.39,37.58
624,10,player,1,295.7,6.1,329.5,54.2,93.43,-0.92
624,6,player,1,230.9,5.0,266.7,53.1,74.18,-1.08
624,9,player,2,157.0,8.6,189.7,53.7,51.38,-0.94
624,7,player,1,85.5,5.7,121.1,53.9,30.17,-0.88
624,8,player,1,20.4,4.4,52.7,54.2,9.9,-0.8
624,483,player,1,16.0,180.8,157.9,336.1,24.86,45.6
624,484,player,2,310.5,223.1,352.1,300.7,99.55,39.46
624,485,player,2,205.2,219.3,244.2,296.3,67.04,38.84
624,492,player,1,154.6,236.7,186.2,297.2,50.46,39.05
624,488,player,1,280.5,258.0,295.4,288.9,86.32,37.55
624,503,player,2,27.2,226.5,55.0,287.7,10.88,37.6
624,502,player,2,245.5,256.2,257.9,288.7,75.28,37.55
625,10,player,1,295.7,6.2,329.4,54.1,93.4,-0.94
625,6,player,1,230.8,4.9,266.7,53.1,74.15,-1.07
625,9,player,1,156.8,8.6,189.4,53.6,51.31,-0.95
625,7,player,1,85.3,5.4,121.3,53.9,30.15,-0.88
625,8,player,1,20.3,4.2,52.5,53.8,9.85,-0.86
625,483,player,1,24.2,180.5,164.6,335.3,27.15,45.46
625,484,player,1,312.0,221.6,354.4,300.5,100.11,39.42
625,485,player,1,199.5,218.9,239.2,296.0,65.42,38.8
625,492,player,1,155.9,235.8,187.1,296.5,50.8,38.93
625,488,player,1,282.6,258.1,297.1,288.6,86.9,37.5
625,503,player,2,29.3,228.1,56.0,287.4,11.35,37.55
626,10,player,1,295.5,6.3,329.2,54.2,93.35,-0.92
626,6,player,1,230.7,4.9,266.7,53.2,74.15,-1.05
626,9,player,1,156.8,8.7,189.2,53.6,51.27,-0.95
626,7,player,1,85.3,5.3,121.4,53.9,30.18,-0.87
626,8,player,1,20.2,4.3,52.3,53.8,9.81,-0.87
626,483,player,1,21.6,181.6,161.5,335.2,26.29,45.46
626,484,player,1,312.4,222.9,354.0,300.6,100.11,39.45
626,485,player,1,205.2,218.8,241.6,291.2,66.64,38.0
626,492,player,1,157.0,235.9,187.1,295.7,50.96,38.79
627,10,player,1,295.6,6.2,329.3,54.1,93.37,-0.95
627,6,player,1,230.6,4.9,266.7,53.2,74.14,-1.05
627,9,player,1,156.8,8.6,189.3,53.6,51.29,-0.95
627,7,player,1,85.2,5.2,121.4,53.9,30.16,-0.87
627,8,player,1,20.2,4.3,52.2,53.7,9.79,-0.87
627,483,player,1,19.5,179.9,162.2,336.0,26.07,45.59
627,484,player,1,312.7,223.0,354.9,301.7,100.29,39.62
627,485,player,1,199.5,219.8,238.1,295.5,65.25,38.72
627,492,player,1,157.1,236.9,187.1,297.1,50.98,39.03
627,488,player,1,283.2,258.2,298.0,290.0,87.13,37.72
627,503,player,2,29.1,230.0,55.9,289.8,11.29,37.96
628,10,player,1,295.3,6.3,329.2,54.2,93.32,-0.93
628,6,player,1,230.6,4.9,266.7,53.3,74.12,-1.04
628,9,player,1,156.8,8.7,189.3,53.6,51.29,-0.95
628,7,player,1,85.2,5.2,121.4,53.9,30.16,-0.87
628,8,player,1,20.1,4.3,52.2,53.8,9.79,-0.86
628,483,player,1,19.9,181.0,162.4,336.0,26.16,45.58
628,484,player,1,312.8,223.0,354.6,301.7,100.27,39.62
628,485,player,1,205.0,220.4,241.5,294.0,66.61,38.45
628,492,player,1,157.1,237.5,186.6,297.6,50.91,39.11
629,10,player,1,295.5,6.3,329.4,54.1,93.37,-0.94
629,6,player,1,230.6,4.9,266.8,53.4,74.14,-1.03
629,9,player,1,156.8,8.6,189.4,53.7,51.3,-0.94
629,7,player,1,85.2,5.2,121.4,53.9,30.16,-0.88
629,8,player,1,20.2,4.2,52.2,53.7,9.8,-0.88
629,483,player,1,18.8,182.1,161.2,335.8,25.8,45.56
629,484,player,1,310.2,221.8,352.6,301.8,99.57,39.64
629,485,player,1,204.2,220.3,240.8,296.5,66.38,38.88
629,492,player,1,154.8,237.4,184.1,298.0,50.17,39.17
629,503,player,2,22.2,229.5,53.7,300.7,9.89,39.77
630,10,player,1,295.3,6.3,329.3,54.2,93.33,-0.93
630,6,player,1,230.6,4.9,266.7,53.3,74.13,-1.04
630,9,player,1,156.8,8.7,189.3,53.7,51.29,-0.94
630,7,player,1,85.2,5.4,121.4,54.0,30.16,-0.86
630,8,player,1,20.2,4.3,52.1,53.6,9.79,-0.89
630,483,player,1,12.1,167.9,166.4,335.7,25.57,45.54
630,484,player,1,309.6,222.1,351.8,301.9,99.36,39.66
630,485,player,1,204.0,220.9,239.3,295.9,66.11,38.77
630,492,player,1,154.2,236.6,183.6,298.0,49.99,39.17
630,503,player,2,24.7,229.9,52.6,293.6,10.11,38.58
631,10,player,1,295.2,6.3,329.3,54.2,93.31,-0.92
631,6,player,1,230.5,4.9,266.7,53.3,74.12,-1.04
631,9,player,1,156.9,8.7,189.3,53.7,51.29,-0.95
631,7,player,1,85.3,5.5,121.4,54.0,30.17,-0.86
631,8,player,1,20.2,4.4,52.1,53.6,9.78,-0.9
631,483,player,1,9.4,161.5,168.1,335.1,25.43,45.44
631,484,player,1,309.4,221.2,351.4,300.8,99.26,39.48
631,492,player,1,153.9,235.3,183.1,296.8,49.88,38.99
631,503,player,2,25.8,229.0,52.1,289.6,10.2,37.92
631,488,player,1,279.5,246.3,298.3,287.5,86.6,37.32
632,10,player,1,295.3,6.2,329.4,54.1,93.36,-0.94
632,6,player,1,230.5,4.9,266.7,53.3,74.11,-1.04
632,9,player,1,156.9,8.7,189.4,53.7,51.31,-0.94
632,7,player,1,85.2,5.5,121.4,53.9,30.16,-0.87
632,8,player,1,20.2,4.4,52.1,53.6,9.78,-0.89
632,483,player,1,11.4,170.4,162.3,335.3,24.84,45.47
632,484,player,1,308.7,220.2,350.9,300.3,99.08,39.39
632,492,player,1,153.9,234.8,182.9,296.6,49.85,38.95
632,503,player,2,23.9,228.3,51.4,291.8,9.82,38.28
632,488,player,2,279.2,245.2,297.9,286.9,86.5,37.21
632,485,player,1,203.7,219.0,239.1,296.0,66.05,38.79
633,10,player,1,295.4,6.2,329.5,54.1,93.38,-0.94
633,6,player,1,230.5,4.9,266.8,53.4,74.13,-1.03
633,9,player,1,157.1,8.6,189.7,53.8,51.4,-0.93
633,7,player,1,85.2,5.5,121.4,53.9,30.16,-0.88
633,8,player,1,20.1,4.4,52.2,53.7,9.79,-0.87
633,483,player,1,15.1,179.2,159.1,335.8,24.92,45.56
633,484,player,1,309.6,219.5,352.2,300.7,99.42,39.45
633,492,player,1,155.3,235.7,183.9,297.0,50.22,39.02
633,503,player,2,23.3,227.9,53.6,298.3,10.04,39.36
633,485,player,1,205.7,219.5,240.2,296.4,66.51,38.85
634,10,player,1,295.3,6.2,329.4,54.0,93.35,-0.95
634,6,player,1,230.5,4.8,266.8,53.4,74.12,-1.03
634,9,player,1,157.2,8.5,189.9,53.8,51.43,-0.93
634,7,player,1,85.2,5.1,121.6,53.9,30.18,-0.88
634,8,player,1,20.2,4.3,52.2,53.6,9.79,-0.89
634,483,player,1,11.2,167.0,165.2,335.3,25.26,45.47
634,484,player,1,308.7,219.0,351.2,300.2,99.12,39.38
634,492,player,1,154.4,235.0,183.1,297.0,49.97,39.01
634,503,player,2,22.0,227.6,52.8,299.7,9.71,39.61
634,485,player,1,205.2,218.6,239.1,296.2,66.26,38.83
634,488,player,1,279.1,251.1,294.7,286.4,86.0,37.14
635,10,player,1,295.2,6.2,329.4,54.2,93.34,-0.92
635,6,player,1,230.4,4.8,266.7,53.3,74.1,-1.04
635,9,player,1,156.9,8.5,189.6,53.8,51.35,-0.92
635,7,player,1,85.2,4.9,121.7,53.9,30.2,-0.88
635,8,player,1,20.1,4.3,52.1,53.6,9.77,-0.9
635,483,player,1,9.4,160.3,168.4,335.2,25.47,45.45
635,484,player,1,308.6,219.3,351.0,300.1,99.08,39.36
635,492,player,1,154.2,234.7,182.8,296.9,49.89,39.0
635,503,player,2,24.4,228.1,51.7,292.2,9.93,38.35
635,485,player,1,205.1,218.2,238.3,295.3,66.12,38.68
635,488,player,1,279.3,254.4,293.3,286.4,85.81,37.14
636,10,player,1,295.2,6.2,329.4,54.2,93.33,-0.92
636,6,player,1,230.4,4.9,266.6,53.3,74.09,-1.04
636,9,player,1,156.8,8.5,189.5,53.8,51.32,-0.92
636,7,player,1,85.2,5.0,121.7,54.0,30.2,-0.86
636,8,player,1,20.1,4.3,52.1,53.5,9.77,-0.91
636,483,player,1,10.1,159.1,170.0,335.7,25.82,45.54
636,484,player,1,308.6,220.8,350.8,301.2,99.07,39.54
636,492,player,1,154.2,235.8,182.6,298.0,49.85,39.18
636,503,player,2,23.3,229.6,52.5,299.3,9.88,39.53
636,485,player,1,205.5,219.6,237.9,295.9,66.13,38.78
636,488,player,1,279.5,256.9,292.7,287.4,85.75,37.3
637,10,player,1,295.2,6.2,329.4,54.3,93.33,-0.91
637,6,player,1,230.4,4.9,266.6,53.3,74.08,-1.05
637,9,player,1,156.8,8.5,189.5,53.8,51.31,-0.92
637,7,player,1,85.2,5.1,121.7,54.0,30.19,-0.86
637,8,player,1,20.1,4.3,52.1,53.5,9.75,-0.91
637,483,player,1,10.5,158.8,170.4,336.0,25.95,45.58
637,484,player,1,308.6,221.3,350.8,301.6,99.06,39.6
637,492,player,1,154.2,236.2,182.5,298.4,49.83,39.25
637,503,player,2,23.1,230.1,52.7,301.7,9.86,39.93
637,485,player,1,205.8,220.1,237.6,296.1,66.14,38.81
637,488,player,1,279.6,257.7,292.5,287.7,85.74,37.35
638,10,player,1,295.2,6.2,329.4,54.3,93.33,-0.91
638,6,player,1,230.4,4.8,266.7,53.2,74.1,-1.05
638,9,player,1,156.5,8.4,189.2,53.8,51.23,-0.93
638,7,player,1,85.1,4.9,121.7,54.0,30.19,-0.87
638,8,player,1,20.1,4.3,52.1,53.5,9.77,-0.91
638,483,player,1,11.6,158.9,170.7,336.1,26.16,45.61
638,484,player,1,310.4,221.4,352.9,302.3,99.66,39.72
638,492,player,1,156.9,236.4,185.0,298.5,50.63,39.26
638,503,player,2,25.4,230.0,54.9,302.1,10.55,39.99
638,485,player,1,207.7,220.2,239.3,296.6,66.68,38.89
639,10,player,1,295.2,6.2,329.4,54.3,93.32,-0.91
639,6,player,1,230.4,4.8,266.7,53.2,74.11,-1.06
639,9,player,1,156.6,8.5,189.1,53.8,51.22,-0.93
639,7,player,1,85.1,5.0,121.7,53.9,30.18,-0.87
639,8,player,1,20.1,4.3,52.1,53.5,9.77,-0.91
639,483,player,1,12.2,159.0,170.5,336.2,26.23,45.62
639,484,player,1,311.1,221.4,353.7,302.6,99.89,39.77
639,492,player,1,158.0,236.5,185.9,298.5,50.93,39.26
639,503,player,2,26.4,230.0,55.7,302.2,10.83,40.01
639,485,player,1,208.4,220.3,239.9,296.8,66.88,38.92
639,517,player,1,283.9,257.9,296.0,287.9,86.93,37.38
640,10,player,1,295.2,6.2,329.4,54.3,93.32,-0.91
640,6,player,1,230.5,4.8,266.7,53.2,74.11,-1.06
640,9,player,1,156.6,8.5,189.1,53.7,51.24,-0.93
640,7,player,1,85.1,5.0,121.6,53.8,30.18,-0.89
640,8,player,1,20.1,4.3,52.1,53.5,9.77,-0.91
640,483,player,1,12.5,157.5,171.1,335.7,26.36,45.53
640,484,player,1,311.3,219.9,354.1,301.3,99.97,39.56
640,492,player,1,158.2,235.2,186.2,297.3,51.01,39.07
640,503,player,2,26.8,228.2,55.4,299.1,10.86,39.5
640,485,player,1,207.6,219.1,239.2,295.8,66.64,38.77
640,517,player,1,283.9,257.0,295.9,286.8,86.92,37.2
641,10,player,1,295.2,6.2,329.4,54.3,93.34,-0.91
641,6,player,1,230.5,4.8,266.7,53.2,74.12,-1.05
641,9,player,1,156.7,8.5,189.2,53.7,51.25,-0.94
641,7,player,1,85.2,4.9,121.6,53.7,30.19,-0.91
641,8,player,1,20.1,4.3,52.1,53.5,9.77,-0.91
641,483,player,1,12.9,158.9,169.3,335.3,26.16,45.47
641,484,player,1,311.5,219.2,354.3,300.8,100.03,39.47
641,492,player,1,158.4,234.7,186.4,296.9,51.07,39.0
641,503,player,2,28.3,227.4,54.8,292.7,11.0,38.43
641,485,player,1,208.1,218.3,239.7,295.3,66.81,38.68
641,517,player,1,284.2,257.2,296.2,286.9,86.99,37.22
642,10,player,1,295.2,6.2,329.4,54.3,93.33,-0.91
642,6,player,1,230.5,4.8,266.6,53.2,74.1,-1.06
642,9,player,1,156.7,8.5,189.1,53.8,51.25,-0.93
642,7,player,1,85.2,4.9,121.6,53.8,30.19,-0.9
642,8,player,1,20.1,4.3,52.1,53.5,9.77,-0.92
642,483,player,1,12.0,158.6,168.2,335.6,25.83,45.52
642,484,player,1,310.3,219.2,353.3,301.2,99.7,39.54
642,492,player,1,157.2,235.2,185.1,297.3,50.7,39.05
642,503,player,2,23.6,228.2,52.6,298.8,9.93,39.45
642,485,player,1,207.6,219.1,238.7,295.4,66.58,38.7
642,517,player,1,282.8,258.0,294.5,287.0,86.54,37.23
643,10,player,1,295.2,6.2,329.4,54.3,93.33,-0.91
643,6,player,1,230.5,4.8,266.6,53.2,74.11,-1.06
643,9,player,1,156.7,8.5,189.1,53.7,51.25,-0.93
643,7,player,1,85.1,4.9,121.7,53.8,30.19,-0.89
643,8,player,1,20.1,4.3,52.1,53.4,9.77,-0.92
643,483,player,1,11.8,158.6,167.5,335.7,25.7,45.54
643,484,player,1,309.9,219.2,352.9,301.1,99.57,39.53
643,492,player,1,156.8,235.4,184.7,297.4,50.56,39.08
643,503,player,2,21.9,228.5,51.9,300.9,9.56,39.8
643,485,player,1,207.5,219.4,238.4,295.5,66.51,38.71
643,517,player,1,282.2,258.2,294.1,287.6,86.38,37.33
644,10,player,1,295.2,6.2,329.4,54.3,93.33,-0.91
644,6,player,1,230.4,4.9,266.6,53.2,74.09,-1.05
644,9,player,1,156.7,8.5,189.0,53.8,51.23,-0.93
644,7,player,1,85.2,4.9,121.7,53.9,30.2,-0.88
644,8,player,1,20.1,4.3,52.1,53.6,9.76,-0.9
644,483,player,1,12.9,157.7,168.4,335.3,26.0,45.47
644,484,player,1,310.6,219.4,353.0,300.7,99.69,39.45
644,492,player,1,157.7,235.0,185.5,297.0,50.83,39.0
644,503,player,2,27.0,228.5,53.8,293.1,10.64,38.5
644,485,player,1,207.9,218.6,238.9,295.2,66.65,38.66
644,517,player,1,283.3,257.3,295.3,287.1,86.73,37.25
645,10,player,1,295.2,6.2,329.4,54.3,93.33,-0.91
645,6,player,1,230.4,4.9,266.6,53.3,74.08,-1.05
645,9,player,1,156.7,8.5,189.0,53.8,51.22,-0.93
645,7,player,1,85.2,4.9,121.8,53.9,30.21,-0.88
645,8,player,1,20.0,4.3,52.1,53.6,9.76,-0.9
645,483,player,1,13.4,157.5,168.6,335.2,26.12,45.44
645,484,player,1,310.9,219.4,353.0,300.5,99.73,39.42
645,492,player,1,158.0,234.9,185.9,296.8,50.94,38.98
645,503,player,2,29.1,228.4,54.5,289.9,11.09,37.96
645,485,player,1,208.1,218.3,239.1,295.1,66.7,38.64
645,517,player,1,283.7,256.9,295.8,287.0,86.86,37.23
646,10,player,1,295.2,6.2,329.4,54.3,93.33,-0.91
646,6,player,1,230.4,4.8,266.6,53.2,74.1,-1.05
646,9,player,1,156.7,8.5,189.0,53.7,51.23,-0.94
646,7,player,1,85.2,4.9,121.6,53.8,30.19,-0.9
646,8,player,1,20.1,4.3,52.1,53.5,9.77,-0.91
646,483,player,1,14.1,159.4,167.9,335.8,26.12,45.56
646,484,player,1,311.1,220.4,353.5,302.0,99.86,39.67
646,492,player,1,158.5,235.9,186.3,297.9,51.07,39.16
646,485,player,1,209.4,219.4,239.6,295.2,66.98,38.66
646,517,player,1,283.7,256.6,296.2,287.5,86.92,37.32
647,10,player,1,295.2,6.2,329.4,54.3,93.32,-0.91
647,6,player,1,230.4,4.8,266.6,53.2,74.1,-1.05
647,9,player,1,156.7,8.5,189.0,53.8,51.23,-0.93
647,7,player,1,85.2,5.0,121.7,53.9,30.2,-0.88
647,8,player,1,20.0,4.3,52.1,53.6,9.76,-0.9
647,483,player,1,14.5,160.3,167.4,336.2,26.11,45.62
647,484,player,1,311.2,221.2,353.2,302.3,99.83,39.72
647,492,player,1,158.6,236.6,186.2,298.3,51.07,39.23
647,485,player,1,208.9,219.9,239.3,296.6,66.85,38.9
647,517,player,1,284.0,257.9,296.2,288.0,86.98,37.4
647,521,player,,247.1,256.8,260.4,288.4,75.9,37.51
647,503,player,2,28.2,229.6,56.1,298.3,11.18,39.37
648,10,player,1,295.2,6.2,329.4,54.3,93.32,-0.9
648,6,player,1,230.4,4.9,266.6,53.2,74.09,-1.05
648,9,player,1,156.7,8.5,189.0,53.8,51.22,-0.93
648,7,player,1,85.2,5.0,121.8,54.0,30.21,-0.87
648,8,player,1,20.1,4.3,52.1,53.6,9.76,-0.89
648,483,player,1,13.0,160.8,165.5,336.4,25.58,45.65
648,484,player,1,309.0,221.5,350.8,302.2,99.12,39.71
648,492,player,1,156.1,236.6,183.8,298.5,50.32,39.27
648,485,player,1,206.5,220.1,236.6,296.7,66.09,38.91
648,521,player,,244.4,257.0,257.6,288.4,75.05,37.51
648,488,player,1,279.9,258.0,292.5,287.3,85.78,37.29
649,10,player,1,295.2,6.2,329.4,54.3,93.32,-0.9
649,6,player,1,230.4,4.9,266.6,53.2,74.09,-1.05
649,9,player,1,156.7,8.5,188.9,53.7,51.21,-0.94
649,7,player,1,85.1,4.9,121.7,53.8,30.19,-0.89
649,8,player,1,20.1,4.3,52.1,53.5,9.76,-0.92
649,483,player,1,12.4,160.5,164.9,336.2,25.39,45.62
649,484,player,1,308.9,221.5,350.5,301.9,99.05,39.66
649,492,player,1,155.0,236.0,183.0,298.8,50.03,39.32
649,485,player,1,206.5,220.0,236.2,296.6,66.02,38.89
649,521,player,,243.4,257.2,256.7,288.8,74.77,37.58
649,503,player,2,22.4,229.4,51.6,300.9,9.6,39.8
650,10,player,1,295.2,6.1,329.4,54.3,93.32,-0.91
650,6,player,1,230.4,4.8,266.6,53.2,74.1,-1.06
650,9,player,2,156.8,8.4,189.0,53.7,51.23,-0.94
650,7,player,1,85.2,5.3,121.4,53.8,30.16,-0.9
650,8,player,1,20.1,4.3,52.1,53.5,9.77,-0.91
650,483,player,1,11.9,159.4,164.3,335.4,25.22,45.49
650,484,player,1,308.6,220.1,350.4,300.7,98.99,39.45
650,492,player,1,154.8,234.7,182.6,297.7,49.94,39.12
650,485,player,1,206.1,218.7,235.7,295.3,65.89,38.67
650,521,player,,242.9,255.4,256.6,287.9,74.67,37.42
650,525,player,1,191.8,239.3,213.7,292.8,60.34,38.28
650,503,player,2,21.1,228.1,50.7,300.3,9.26,39.7
650,488,player,1,280.1,255.7,292.9,286.3,85.88,37.12
651,10,player,1,295.2,6.1,329.5,54.3,93.35,-0.91
651,6,player,1,230.3,4.8,266.5,53.1,74.05,-1.07
651,9,player,2,156.8,8.5,189.0,53.8,51.24,-0.93
651,7,player,1,85.3,5.4,121.6,53.9,30.21,-0.88
651,8,player,1,20.1,4.3,52.1,53.6,9.76,-0.9
651,483,player,1,12.5,159.1,165.1,335.7,25.43,45.53
651,484,player,1,309.8,220.9,351.4,301.0,99.32,39.5
651,492,player,1,155.8,235.4,183.4,297.5,50.21,39.09
651,521,player,,244.5,255.6,257.9,287.6,75.11,37.36
651,517,player,1,282.5,257.7,294.5,287.4,86.49,37.3
652,10,player,1,295.2,6.1,329.4,54.2,93.34,-0.92
652,6,player,1,230.4,4.8,266.6,53.1,74.08,-1.07
652,9,player,2,156.8,8.5,188.9,53.7,51.23,-0.94
652,7,player,1,85.4,5.5,121.5,53.7,30.2,-0.92
652,8,player,1,20.2,4.3,52.0,53.1,9.77,-0.97
652,483,player,1,14.4,158.6,168.0,335.7,26.18,45.54
652,484,player,1,310.1,220.8,351.7,300.9,99.42,39.49
652,492,player,1,156.3,235.1,183.9,297.3,50.37,39.07
652,521,player,,245.1,255.9,258.5,287.9,75.3,37.42
652,517,player,1,282.4,256.4,294.9,287.5,86.53,37.31
652,485,player,1,205.7,218.8,235.3,294.9,65.77,38.61
652,503,player,2,23.4,228.2,52.8,300.8,9.93,39.78
653,10,player,1,295.2,6.1,329.4,54.3,93.32,-0.91
653,6,player,1,230.4,4.8,266.6,53.1,74.08,-1.07
653,9,player,2,156.9,8.5,189.0,53.8,51.26,-0.92
653,7,player,1,85.3,5.4,121.4,53.6,30.17,-0.92
653,8,player,1,20.1,4.3,52.1,53.4,9.77,-0.93
653,483,player,1,13.1,159.2,165.5,335.2,25.6,45.45
653,484,player,1,309.0,219.9,350.8,300.2,99.11,39.37
653,492,player,1,155.1,234.1,182.9,296.9,50.04,39.0
653,521,player,,243.7,255.2,257.4,288.0,74.91,37.44
653,485,player,1,205.4,218.2,235.1,294.7,65.69,38.58
653,488,player,1,280.3,253.4,293.5,285.7,85.99,37.02
654,10,player,1,295.2,6.1,329.4,54.2,93.33,-0.92
654,6,player,1,230.4,4.8,266.6,53.1,74.08,-1.08
654,9,player,2,156.8,8.4,188.9,53.7,51.23,-0.94
654,7,player,1,85.2,5.4,121.4,53.7,30.16,-0.9
654,8,player,1,20.2,4.3,52.2,53.5,9.79,-0.92
654,483,player,1,14.6,158.7,168.4,335.3,26.27,45.47
654,484,player,1,308.5,220.0,350.3,299.9,98.96,39.33
654,492,player,1,154.9,234.1,182.5,296.7,49.94,38.96
654,521,player,,243.1,255.3,256.8,288.1,74.74,37.45
654,485,player,1,205.7,217.9,235.3,294.7,65.76,38.58
654,488,player,2,280.1,249.5,294.3,285.8,86.08,37.03
655,10,player,1,295.2,6.1,329.4,54.2,93.33,-0.93
655,6,player,1,230.4,4.8,266.6,53.1,74.08,-1.08
655,9,player,2,157.0,8.5,189.1,53.8,51.29,-0.93
655,7,player,1,85.2,5.4,121.4,53.8,30.16,-0.9
655,8,player,1,20.1,4.3,52.1,53.6,9.77,-0.9
655,483,player,1,13.0,160.1,165.8,335.8,25.63,45.56
655,484,player,2,308.4,221.0,350.1,300.8,98.92,39.47
655,492,player,1,154.8,235.3,182.4,297.9,49.91,39.17
655,521,player,,243.1,256.2,256.7,288.6,74.74,37.54
655,485,player,1,205.7,219.1,235.1,295.7,65.74,38.74
655,517,player,1,281.3,255.6,293.7,286.8,86.18,37.2
656,10,player,1,295.0,6.1,329.0,53.7,93.23,-1.0
656,6,player,1,230.3,4.9,266.4,52.9,74.05,-1.11
656,9,player,2,156.9,8.4,188.7,53.3,51.22,-1.0
656,7,player,1,85.4,5.7,121.0,53.2,30.13,-0.99
656,8,player,1,20.3,4.4,52.3,53.6,9.83,-0.9
656,485,player,1,210.7,218.7,234.2,278.4,66.34,35.87
656,488,player,1,278.1,242.7,296.9,286.5,86.17,37.14
657,10,player,1,295.2,6.1,329.2,53.7,93.3,-1.01
657,6,player,1,230.2,4.9,266.3,52.9,74.01,-1.11
657,9,player,2,156.9,8.3,188.6,53.2,51.21,-1.03
657,7,player,1,85.5,5.9,120.9,53.0,30.12,-1.02
657,8,player,1,20.3,4.4,52.4,53.4,9.84,-0.92
657,485,player,1,212.1,220.2,232.8,271.2,66.35,34.69
657,527,player,1,225.4,293.6,245.4,351.0,70.36,47.91
657,529,player,1,304.7,166.4,331.6,210.9,95.38,24.66
657,530,player,1,250.3,221.1,276.8,267.8,78.87,34.08
657,531,player,1,146.0,191.3,171.2,228.7,46.86,27.73
657,532,player,1,164.7,180.8,177.5,228.4,50.68,27.66
657,533,player,1,50.2,159.6,72.0,200.1,17.13,23.08
657,534,player,1,71.2,209.0,83.1,257.3,21.96,32.53
657,535,player,,108.2,96.0,120.8,113.1,33.52,8.77
657,488,player,1,276.0,241.5,296.9,286.7,85.86,37.18
658,10,player,1,295.1,6.0,329.2,53.8,93.29,-0.99
658,6,player,1,230.2,4.9,266.3,52.8,74.02,-1.12
658,9,player,2,156.9,8.3,188.6,53.3,51.2,-1.01
658,7,player,1,85.5,5.9,120.9,52.9,30.13,-1.04
658,8,player,1,20.2,4.5,52.4,53.6,9.84,-0.89
658,485,player,1,209.3,220.2,229.8,268.8,65.47,34.29
658,527,player,1,223.2,292.5,243.1,350.0,69.67,47.74
658,529,player,1,303.0,166.2,330.1,211.0,94.9,24.67
658,530,player,1,249.7,221.4,276.1,267.8,78.66,34.08
658,531,player,1,144.7,191.3,169.8,228.6,46.45,27.72
658,532,player,1,164.1,180.2,176.9,227.8,50.5,27.57
658,533,player,1,49.2,160.4,70.5,199.8,16.76,23.05
658,534,player,1,72.3,208.6,83.6,254.3,22.21,32.03
658,535,player,,106.7,95.7,119.1,112.6,33.02,8.69
658,488,player,1,273.8,241.1,296.3,286.5,85.44,37.16
658,536,player,1,86.5,160.7,107.2,201.9,28.05,23.35
659,10,player,1,295.2,6.1,329.3,53.6,93.33,-1.01
659,6,player,1,230.4,4.9,266.5,52.7,74.06,-1.13
659,9,player,2,156.9,8.3,188.5,53.2,51.19,-1.03
659,7,player,1,85.5,5.9,120.8,52.8,30.12,-1.05
659,8,player,1,20.4,4.5,52.7,53.8,9.91,-0.86
659,485,player,1,206.0,220.4,226.9,268.1,64.52,34.18
659,527,player,1,220.8,291.4,239.7,345.5,68.77,47.0
659,529,player,1,300.3,166.2,327.4,211.0,94.08,24.68
659,530,player,1,247.8,222.0,273.6,267.1,78.0,33.98
659,531,player,1,142.7,190.9,168.4,229.2,45.93,27.8
659,532,player,1,163.9,180.1,176.7,227.6,50.44,27.54
659,533,player,1,47.7,158.7,69.7,199.0,16.4,22.91
659,534,player,1,72.0,208.2,83.4,253.6,22.14,31.91
659,535,player,,104.2,95.9,116.4,112.4,32.23,8.66
659,488,player,1,270.0,241.5,292.9,286.3,84.33,37.12
659,536,player,1,85.6,160.8,107.1,203.8,27.9,23.68
660,10,player,1,295.4,6.1,329.4,53.5,93.36,-1.04
660,6,player,1,230.2,4.9,266.4,52.9,74.03,-1.11
660,9,player,2,156.9,8.3,188.5,53.2,51.18,-1.03
660,7,player,1,85.5,5.9,121.0,52.9,30.14,-1.03
660,8,player,1,20.3,4.5,52.6,53.6,9.88,-0.89
660,485,player,1,202.3,220.7,223.7,268.2,63.45,34.21
660,527,player,1,217.3,291.4,235.4,343.2,67.57,46.63
660,529,player,1,297.1,166.8,324.1,211.2,93.09,24.72
660,531,player,1,141.4,190.5,167.3,229.4,45.56,27.84
660,532,player,1,162.2,180.0,175.2,228.0,49.94,27.6
660,533,player,1,46.5,157.2,68.6,197.3,16.07,22.64
660,534,player,1,71.1,208.2,82.9,254.2,21.92,32.01
660,535,player,,100.0,96.0,112.4,112.7,30.99,8.72
660,488,player,1,258.7,242.1,284.3,286.1,81.3,37.11
660,536,player,1,83.7,161.8,105.4,205.9,27.35,24.03
661,10,player,1,295.4,6.1,329.4,53.4,93.35,-1.05
661,6,player,1,230.2,4.9,266.5,52.9,74.04,-1.1
661,9,player,2,156.9,8.3,188.5,53.1,51.18,-1.04
661,7,player,1,85.5,5.9,121.0,53.1,30.15,-1.01
661,485,player,1,196.7,221.0,218.8,268.9,61.86,34.32
661,527,player,1,212.7,292.5,230.2,342.2,66.07,46.47
661,529,player,1,292.7,167.6,319.4,211.4,91.7,24.75
661,531,player,1,139.6,191.8,165.5,231.0,45.03,28.11
661,532,player,1,160.2,180.8,173.5,229.3,49.38,27.81
661,533,player,1,50.5,156.9,69.7,192.2,16.85,21.79
661,534,player,1,69.8,209.0,82.3,255.4,21.63,32.21
661,535,player,,95.1,96.2,107.7,113.2,29.52,8.79
661,488,player,1,251.4,241.9,279.7,286.3,79.49,37.15
661,536,player,1,80.9,162.8,102.1,206.5,26.42,24.13
662,10,player,1,295.4,6.1,329.4,53.3,93.36,-1.07
662,6,player,1,230.2,4.9,266.5,52.9,74.05,-1.1
662,9,player,2,156.9,8.3,188.4,53.0,51.17,-1.06
662,7,player,1,85.4,5.9,121.1,53.2,30.15,-0.99
662,485,player,1,193.3,221.1,216.0,269.0,60.92,34.35
662,527,player,1,209.9,292.8,227.5,342.2,65.23,46.47
662,529,player,1,290.0,167.8,316.6,211.5,90.88,24.77
662,531,player,1,138.0,191.5,164.2,231.7,44.57,28.22
662,532,player,1,158.4,180.9,171.7,229.6,48.83,27.87
662,533,player,1,51.1,156.9,68.1,188.3,16.71,21.15
662,534,player,1,67.8,209.3,80.9,255.9,21.12,32.3
662,535,player,,92.2,96.5,105.0,113.7,28.68,8.87
662,488,player,1,247.1,241.9,277.5,286.3,78.5,37.15
662,536,player,1,79.0,163.0,99.9,206.7,25.78,24.15
663,10,player,1,295.3,6.1,329.4,53.5,93.35,-1.04
663,6,player,1,230.1,4.9,266.5,53.0,74.02,-1.09
663,9,player,2,157.0,8.3,188.4,52.9,51.19,-1.07
663,7,player,1,85.4,5.9,121.1,53.2,30.14,-0.98
663,485,player,1,188.6,221.8,211.7,270.1,59.54,34.52
663,527,player,1,205.0,294.4,222.8,343.9,63.78,46.77
663,529,player,1,285.3,168.9,311.9,212.1,89.45,24.86
663,531,player,1,134.8,192.5,160.7,233.0,43.56,28.45
663,532,player,1,156.1,182.3,169.8,231.4,48.19,28.17
663,534,player,1,64.9,210.4,79.0,257.7,20.37,32.6
663,535,player,,87.2,97.4,99.9,114.4,27.14,8.99
663,488,player,1,242.7,243.1,274.1,286.5,77.32,37.18
663,536,player,1,77.5,164.8,95.8,203.9,24.94,23.69
663,530,player,1,240.5,224.4,263.6,266.0,75.36,33.8
663,8,player,1,20.2,4.5,52.2,53.2,9.79,-0.96
664,10,player,1,295.5,6.1,329.5,53.4,93.39,-1.06
664,6,player,1,230.1,4.9,266.6,53.1,74.04,-1.07
664,9,player,2,157.0,8.3,188.5,53.0,51.19,-1.05
664,7,player,1,85.4,5.9,121.0,53.2,30.13,-0.99
664,485,player,1,183.4,222.7,206.9,271.4,58.01,34.75
664,527,player,1,199.2,296.1,217.5,346.0,62.08,47.11
664,529,player,1,279.7,170.0,306.6,213.2,87.8,25.06
664,531,player,1,130.6,193.0,157.2,235.9,42.38,28.93
664,532,player,1,153.4,184.6,167.9,234.8,47.48,28.73
664,534,player,1,60.8,212.7,75.7,259.9,19.23,32.96
664,535,player,,81.6,98.7,94.5,115.8,25.47,9.22
664,488,player,1,242.1,244.6,273.0,287.0,77.05,37.26
664,536,player,1,72.3,167.2,91.6,208.1,23.49,24.4
664,530,player,1,234.2,226.2,259.0,271.1,73.71,34.65
664,8,player,1,20.2,4.6,52.5,53.5,9.84,-0.9
664,533,player,1,41.4,159.2,61.7,195.7,14.23,22.38
665,10,player,1,295.5,6.1,329.9,53.8,93.45,-0.99
665,6,player,1,230.2,5.0,266.6,53.1,74.06,-1.07
665,9,player,2,156.9,8.3,188.5,53.2,51.19,-1.02
665,7,player,1,85.3,5.9,121.1,53.3,30.13,-0.98
665,485,player,1,177.6,224.5,201.1,273.2,56.26,35.05
665,527,player,1,192.9,297.7,211.7,348.2,60.22,47.48
665,529,player,1,273.0,169.4,302.1,215.6,86.1,25.45
665,531,player,1,125.3,192.8,153.0,239.0,40.93,29.45
665,532,player,1,150.1,187.5,165.5,238.4,46.63,29.33
665,534,player,1,56.7,215.7,72.3,262.8,18.09,33.45
665,535,player,,75.4,100.2,88.2,117.2,23.56,9.46
665,488,player,1,238.2,246.8,268.8,288.4,75.81,37.49
665,536,player,1,67.4,169.2,87.4,211.1,22.1,24.89
665,530,player,1,229.5,228.2,255.7,276.3,72.5,35.51
665,8,player,1,20.1,4.5,52.3,53.5,9.81,-0.91
665,533,player,1,36.2,160.6,58.4,199.2,12.92,22.95
666,10,player,1,295.4,6.1,329.7,53.7,93.41,-1.01
666,6,player,1,230.2,4.9,266.7,53.1,74.07,-1.07
666,9,player,2,156.9,8.3,188.5,53.2,51.18,-1.02
666,7,player,1,85.4,5.9,121.0,53.1,30.13,-1.01
666,485,player,1,173.0,227.9,195.9,275.5,54.75,35.44
666,527,player,1,186.4,299.1,205.8,350.0,58.32,47.8
666,529,player,1,267.9,173.9,296.9,219.1,84.53,26.03
666,531,player,1,121.4,194.7,147.7,240.2,39.53,29.65
666,532,player,1,147.4,191.2,163.3,240.9,45.86,29.74
666,535,player,,68.9,101.9,81.8,119.0,21.6,9.77
666,488,player,1,234.2,249.8,264.1,289.4,74.5,37.67
666,536,player,1,63.2,171.7,83.7,213.5,20.89,25.29
666,530,player,1,227.6,230.7,252.8,278.1,71.76,35.81
666,8,player,1,20.2,4.5,52.5,53.5,9.84,-0.9
666,533,player,1,31.1,161.7,54.2,200.5,11.49,23.17
667,10,player,1,295.3,6.1,329.5,53.7,93.36,-1.0
667,6,player,1,229.8,4.9,266.4,53.3,73.96,-1.04
667,9,player,2,156.9,8.3,188.4,53.1,51.17,-1.04
667,7,player,1,85.4,5.9,121.1,53.1,30.14,-1.0
667,485,player,1,167.3,229.3,190.4,277.8,53.03,35.82
667,527,player,1,179.8,300.0,199.8,352.2,56.39,48.16
667,529,player,1,263.2,178.0,291.7,221.8,83.04,26.49
667,531,player,1,117.0,196.8,142.7,243.1,38.09,30.12
667,532,player,1,143.8,194.8,160.4,243.2,44.89,30.12
667,535,player,,62.3,103.5,75.5,120.9,19.64,10.08
667,488,player,1,229.4,252.8,259.2,291.5,73.03,38.03
667,530,player,1,224.6,233.3,248.8,280.2,70.7,36.15
667,8,player,1,20.3,4.6,52.5,53.2,9.86,-0.96
667,533,player,1,27.4,162.9,51.6,202.1,10.54,23.44
668,10,player,1,295.3,6.1,329.6,53.9,93.36,-0.98
668,6,player,1,229.9,4.9,266.5,53.2,74.0,-1.06
668,9,player,2,156.9,8.3,188.4,53.1,51.17,-1.04
668,7,player,1,85.4,5.8,121.1,53.2,30.14,-1.0
668,485,player,1,164.4,230.4,187.2,278.6,52.11,35.95
668,527,player,1,176.1,300.3,196.4,352.9,55.31,48.29
668,529,player,1,260.3,179.3,289.0,222.7,82.19,26.63
668,531,player,1,114.9,197.5,139.3,243.0,37.26,30.11
668,532,player,1,141.1,196.3,158.6,244.1,44.18,30.28
668,535,player,,58.8,104.0,72.0,121.5,18.57,10.17
668,488,player,1,226.4,253.9,256.5,292.3,72.15,38.17
668,530,player,1,222.6,234.1,246.0,280.8,69.97,36.26
668,8,player,1,20.2,4.5,52.3,53.0,9.81,-0.99
668,533,player,1,24.8,163.4,49.9,202.7,9.88,23.54
668,557,player,1,64.8,174.1,73.8,195.4,19.66,22.31
668,559,player,,112.6,94.1,125.8,113.9,34.93,8.9
668,534,player,1,47.1,221.1,62.7,268.1,15.13,34.34
668,536,player,1,56.4,174.6,77.7,216.5,18.94,25.79
669,6,player,1,229.9,5.0,266.5,53.2,74.0,-1.05
669,9,player,2,156.8,8.3,188.5,53.3,51.17,-1.01
669,7,player,1,85.4,5.9,121.1,53.3,30.15,-0.98
669,485,player,1,159.7,231.8,182.6,280.7,50.68,36.31
669,527,player,1,170.5,301.2,191.6,355.6,53.71,48.74
669,529,player,1,254.9,181.7,284.0,224.4,80.6,26.93
669,531,player,1,111.1,199.9,135.0,245.9,36.0,30.59
669,532,player,1,137.2,199.5,155.2,246.1,43.08,30.61
669,535,player,,53.8,105.7,66.9,122.9,17.03,10.4
669,488,player,1,222.9,256.6,253.8,295.3,71.21,38.66
669,530,player,1,219.1,236.1,242.1,282.7,68.84,36.58
669,8,player,1,20.0,4.5,52.2,53.3,9.77,-0.95
669,533,player,1,21.4,164.9,47.1,204.2,8.92,23.79
669,534,player,1,45.7,223.3,61.1,270.1,14.67,34.68
669,536,player,1,51.4,176.2,73.4,218.3,17.52,26.1
670,6,player,1,230.0,5.0,266.6,53.2,74.02,-1.06
670,9,player,2,156.9,8.3,188.5,53.3,51.17,-1.01
670,7,player,1,85.4,5.8,121.2,53.3,30.16,-0.98
670,485,player,1,154.7,235.8,176.9,283.3,49.05,36.74
670,527,player,1,165.1,302.6,186.4,357.5,52.1,49.08
670,529,player,1,248.9,185.3,278.3,226.9,78.83,27.34
670,531,player,1,107.5,203.1,130.6,249.2,34.78,31.14
670,532,player,1,133.1,201.8,151.8,248.7,41.93,31.04
670,535,player,,48.3,107.6,61.4,124.7,15.36,10.7
670,488,player,1,223.4,259.6,253.3,296.6,71.22,38.87
670,530,player,1,215.3,237.8,238.2,285.5,67.66,37.05
670,8,player,1,20.0,4.5,52.4,53.5,9.79,-0.92
670,533,player,1,18.6,166.7,44.1,204.9,8.05,23.91
670,534,player,1,42.4,225.4,58.3,273.3,13.74,35.21
670,536,player,1,47.0,176.7,69.8,220.2,16.28,26.41
670,10,player,1,295.3,6.1,329.5,53.8,93.35,-0.99
671,6,player,1,229.9,4.9,266.5,53.1,74.0,-1.07
671,9,player,2,156.9,8.2,188.5,53.2,51.17,-1.02
671,7,player,1,85.2,5.8,121.0,53.3,30.1,-0.98
671,485,player,1,150.8,237.4,173.4,285.9,47.92,37.18
671,527,player,1,161.0,304.7,182.3,359.4,50.84,49.38
671,529,player,1,242.5,188.9,272.5,229.3,76.99,27.73
671,531,player,1,104.9,206.2,127.2,252.2,33.86,31.64
671,532,player,1,129.4,204.4,148.9,251.3,40.94,31.47
671,535,player,,43.9,109.3,57.2,126.7,14.04,11.04
671,488,player,1,224.5,262.3,254.2,298.9,71.52,39.25
671,530,player,1,212.7,240.6,234.8,287.8,66.74,37.43
671,8,player,1,20.0,4.5,52.4,53.4,9.79,-0.93
671,533,player,1,18.0,168.9,43.6,207.0,7.87,24.26
671,534,player,1,39.6,227.4,56.0,275.8,12.95,35.62
671,536,player,1,44.3,178.0,67.3,221.9,15.47,26.69
671,10,player,1,295.3,6.1,329.3,53.6,93.33,-1.02
672,6,player,1,230.1,5.0,266.6,53.1,74.05,-1.07
672,9,player,2,156.9,8.3,188.4,53.3,51.16,-1.01
672,7,player,1,85.0,5.8,120.8,53.2,30.04,-0.98
672,485,player,1,147.5,241.1,169.8,288.7,46.87,37.64
672,527,player,1,157.4,307.0,178.9,362.0,49.76,49.82
672,529,player,1,236.5,194.7,266.4,231.5,75.14,28.1
672,531,player,1,102.1,208.3,123.8,254.6,32.93,32.05
672,532,player,1,126.9,206.7,146.8,253.4,40.23,31.83
672,535,player,,40.0,111.3,53.4,128.6,12.86,11.35
672,488,player,1,220.7,263.9,251.8,302.7,70.57,39.9
672,530,player,1,210.1,243.3,232.0,291.2,65.93,38.0
672,8,player,1,20.1,4.5,52.4,53.2,9.81,-0.96
672,534,player,1,37.4,229.6,54.5,278.4,12.38,36.05
672,536,player,1,42.6,179.1,65.4,223.4,14.94,26.93
672,10,player,1,295.3,6.1,329.3,53.7,93.32,-1.01
673,6,player,1,230.1,4.9,266.6,53.0,74.05,-1.08
673,9,player,2,156.9,8.3,188.4,53.3,51.16,-1.01
673,7,player,1,85.1,5.8,121.1,53.4,30.1,-0.96
673,485,player,1,142.9,242.2,165.8,291.2,45.56,38.07
673,527,player,1,153.6,309.6,175.2,365.2,48.61,50.37
673,529,player,1,229.4,196.9,261.6,233.8,73.34,28.48
673,531,player,1,99.6,209.6,121.2,257.4,32.13,32.51
673,532,player,1,123.8,208.3,144.4,256.0,39.38,32.26
673,488,player,1,218.6,266.6,250.6,306.5,70.06,40.53
673,530,player,1,207.8,245.3,229.3,293.1,65.17,38.31
673,8,player,1,20.0,4.5,52.2,53.1,9.78,-0.97
673,534,player,1,35.2,231.8,53.2,280.6,11.84,36.42
673,10,player,1,295.2,6.1,329.4,53.8,93.33,-0.98
673,533,player,1,18.3,173.7,44.6,213.7,8.05,25.36
674,6,player,1,230.2,4.9,266.6,53.0,74.05,-1.09
674,9,player,2,156.9,8.3,188.4,53.3,51.16,-1.01
674,7,player,1,85.2,5.8,121.1,53.4,30.12,-0.96
674,485,player,1,141.3,242.5,164.5,292.1,45.11,38.22
674,527,player,1,152.3,310.5,174.0,366.4,48.23,50.57
674,529,player,1,226.3,197.6,260.8,234.5,72.75,28.61
674,531,player,1,99.0,210.1,120.1,258.4,31.86,32.68
674,532,player,1,122.7,208.9,143.6,256.9,39.08,32.41
674,488,player,1,217.8,267.6,250.2,308.0,69.89,40.76
674,530,player,1,207.2,246.0,228.2,293.7,64.92,38.41
674,8,player,1,20.0,4.5,52.2,53.1,9.78,-0.97
674,534,player,1,34.3,232.6,53.0,281.4,11.67,36.55
674,10,player,1,295.2,6.1,329.4,54.0,93.34,-0.96
674,581,player,1,186.1,108.9,200.8,144.1,57.47,13.79
674,582,player,1,89.6,103.4,102.5,123.0,27.88,10.4
674,583,player,,290.6,165.9,308.5,201.0,89.71,23.05
674,584,player,1,52.9,180.8,63.1,208.7,16.18,24.51
674,585,player,,132.0,128.3,145.5,154.4,40.85,15.52
674,586,player,,178.0,109.4,189.1,142.0,54.47,13.45
674,533,player,1,18.9,174.8,44.8,215.1,8.17,25.58
675,6,player,1,230.1,5.0,266.6,53.0,74.04,-1.08
675,9,player,2,156.9,8.3,188.4,53.3,51.16,-1.0
675,7,player,1,85.3,5.8,121.2,53.4,30.14,-0.95
675,485,player,1,138.8,243.7,162.1,294.0,44.36,38.53
675,527,player,1,149.9,312.9,171.3,368.3,47.45,50.88
675,529,player,1,220.7,199.6,257.2,235.9,71.34,28.83
675,531,player,1,97.5,211.3,118.1,260.3,31.34,32.99
675,532,player,1,120.4,210.1,141.5,258.6,38.41,32.69
675,488,player,1,216.3,268.7,249.2,309.4,69.51,41.0
675,530,player,1,205.6,247.8,226.7,297.0,64.44,38.96
675,8,player,1,20.0,4.5,52.2,53.1,9.77,-0.97
675,534,player,1,32.3,234.9,51.9,283.3,11.18,36.87
675,10,player,1,295.1,6.1,329.3,54.1,93.3,-0.93
675,581,player,1,183.6,110.0,198.5,145.7,56.74,14.06
675,533,player,1,20.8,176.0,45.4,216.0,8.56,25.73
675,535,player,,30.4,114.6,44.7,132.8,10.07,12.05
676,6,player,1,230.1,5.0,266.6,53.0,74.03,-1.08
676,9,player,2,156.9,8.2,188.5,53.4,51.17,-0.99
676,7,player,1,85.3,5.8,121.2,53.4,30.15,-0.96
676,485,player,1,135.2,246.0,158.3,295.8,43.23,38.84
676,527,player,1,148.8,315.5,170.8,371.1,47.19,51.36
676,531,player,1,95.5,212.7,115.4,262.0,30.63,33.28
676,532,player,1,118.2,211.2,139.5,260.7,37.77,33.04
676,488,player,1,214.1,271.8,247.1,312.5,68.86,41.53
676,530,player,1,202.8,249.7,223.9,299.6,63.58,39.4
676,8,player,1,20.0,4.5,52.2,53.2,9.77,-0.96
676,534,player,1,29.1,237.1,49.4,285.4,10.31,37.23
676,10,player,1,295.1,6.1,329.2,54.0,93.27,-0.96
676,581,player,1,179.7,111.8,194.6,147.4,55.56,14.34
676,533,player,1,20.1,177.2,44.4,218.3,8.29,26.12
676,536,player,1,38.0,181.7,61.6,229.9,13.64,28.01
677,6,player,1,230.1,5.0,266.6,53.1,74.04,-1.08
677,9,player,2,156.9,8.2,188.4,53.4,51.16,-1.0
677,7,player,1,85.3,5.8,121.2,53.3,30.14,-0.97
677,485,player,1,130.7,247.5,153.7,297.6,41.84,39.14
677,527,player,1,145.7,317.8,168.0,373.4,46.29,51.74
677,531,player,1,92.5,214.3,111.5,263.4,29.55,33.52
677,532,player,1,115.2,212.5,136.6,263.7,36.87,33.53
677,488,player,1,211.8,273.4,246.8,316.6,68.46,42.21
677,530,player,1,200.1,251.7,221.2,302.6,62.76,39.9
677,8,player,1,20.0,4.4,52.1,53.0,9.76,-0.99
677,534,player,1,26.5,240.4,46.9,288.1,9.52,37.67
677,10,player,1,295.1,6.1,329.3,54.0,93.3,-0.96
677,581,player,1,175.4,113.0,190.4,149.0,54.27,14.61
677,533,player,1,18.1,177.8,42.5,220.3,7.69,26.45
677,536,player,1,36.9,182.9,59.7,231.8,13.18,28.33
677,535,player,,22.0,117.3,36.2,135.5,7.47,12.49
678,6,player,1,229.7,5.0,266.4,53.2,73.96,-1.06
678,9,player,2,156.9,8.3,188.4,53.4,51.16,-0.99
678,7,player,1,85.2,5.8,121.2,53.5,30.13,-0.95
678,485,player,1,126.6,249.1,149.4,299.4,40.55,39.44
678,527,player,1,141.1,319.3,164.0,376.1,44.97,52.19
678,532,player,1,112.0,213.7,132.6,264.9,35.76,33.74
678,488,player,1,209.9,275.6,245.9,319.9,68.05,42.75
678,530,player,1,196.6,252.9,218.3,306.2,61.79,40.5
678,8,player,1,20.0,4.4,52.2,53.0,9.77,-0.98
678,534,player,1,23.8,242.2,44.6,289.9,8.76,37.98
678,10,player,1,295.3,6.1,329.4,53.7,93.35,-1.0
678,581,player,1,171.1,113.7,186.5,150.6,53.03,14.87
678,533,player,1,16.7,178.1,41.9,222.4,7.38,26.79
678,536,player,1,35.0,184.4,57.0,232.8,12.47,28.5
678,535,player,,17.2,118.7,31.6,137.1,6.05,12.75
679,6,player,1,229.5,5.0,266.3,53.1,73.91,-1.07
679,9,player,2,156.9,8.4,188.4,53.5,51.16,-0.98
679,7,player,1,85.2,5.8,121.2,53.6,30.13,-0.93
679,485,player,1,121.7,250.1,144.7,301.3,39.08,39.76
679,527,player,1,136.9,321.1,160.1,378.5,43.72,52.61
679,532,player,1,108.8,214.9,128.7,266.6,34.68,34.03
679,488,player,1,211.3,278.0,246.6,322.3,68.36,43.15
679,530,player,1,193.7,254.5,215.4,309.1,60.91,40.98
679,8,player,1,20.0,4.4,52.3,53.3,9.78,-0.95
679,534,player,1,21.2,243.8,42.2,292.2,7.99,38.36
679,10,player,1,295.5,6.1,329.6,53.6,93.41,-1.02
679,581,player,1,167.3,115.1,182.6,151.8,51.84,15.07
679,533,player,1,15.9,178.2,39.8,220.9,6.94,26.55
679,536,player,1,33.7,186.0,55.3,234.4,12.0,28.77
679,531,player,1,85.7,218.1,103.7,266.3,27.32,34.0
680,6,player,1,229.5,4.9,266.4,53.1,73.92,-1.07
680,9,player,2,156.9,8.4,188.4,53.5,51.17,-0.97
680,7,player,1,85.2,5.8,121.2,53.6,30.13,-0.92
680,485,player,1,120.1,250.4,142.9,302.0,38.56,39.88
680,527,player,1,135.4,321.8,158.7,379.4,43.29,52.76
680,532,player,1,107.8,215.3,127.1,267.3,34.29,34.14
680,488,player,1,212.0,278.9,246.8,323.2,68.51,43.29
680,530,player,1,192.8,255.1,214.3,310.1,60.59,41.15
680,8,player,1,20.0,4.4,52.3,53.4,9.78,-0.93
680,534,player,1,20.4,244.4,41.4,293.0,7.72,38.5
680,10,player,1,295.5,6.1,329.7,53.6,93.42,-1.02
680,581,player,1,166.0,115.6,181.3,152.1,51.46,15.12
680,533,player,1,15.8,178.2,38.9,220.2,6.79,26.44
680,536,player,1,33.3,186.5,54.6,235.0,11.84,28.87
680,596,player,1,233.9,127.5,248.6,148.7,71.97,14.52
680,597,player,1,158.0,114.9,170.7,149.7,48.63,14.74
680,531,player,1,84.8,218.9,102.0,266.7,26.93,34.06
681,6,player,1,229.8,4.9,266.5,53.1,73.98,-1.08
681,9,player,2,156.9,8.3,188.4,53.5,51.16,-0.97
681,7,player,1,85.3,5.8,121.3,53.6,30.16,-0.93
681,485,player,1,116.2,252.4,138.4,303.3,37.27,40.11
681,527,player,1,133.0,323.1,156.3,379.4,42.55,52.77
681,532,player,1,105.4,216.5,124.3,269.0,33.48,34.42
681,488,player,1,212.5,279.9,247.3,325.0,68.66,43.6
681,530,player,1,190.1,256.2,211.6,312.6,59.77,41.57
681,8,player,1,20.0,4.4,52.2,53.4,9.77,-0.93
681,534,player,1,18.5,245.4,39.2,294.5,7.1,38.74
681,10,player,1,295.3,6.1,329.4,53.6,93.35,-1.03
681,581,player,1,162.8,116.3,178.1,152.9,50.48,15.26
681,533,player,1,14.8,178.9,38.2,222.6,6.52,26.83
681,536,player,1,32.1,188.2,52.8,236.4,11.38,29.1
681,597,player,1,154.9,117.0,167.0,150.0,47.61,14.79
681,531,player,1,81.9,220.4,99.1,269.4,26.04,34.52
681,535,player,,6.3,120.4,21.3,139.6,2.8,13.18
682,6,player,1,230.0,4.9,266.7,52.9,74.03,-1.1
682,9,player,2,156.9,8.3,188.4,53.5,51.16,-0.98
682,7,player,1,85.4,5.8,121.2,53.5,30.16,-0.95
682,485,player,1,111.3,254.2,133.2,305.7,35.72,40.5
682,527,player,1,129.6,324.3,153.1,380.6,41.52,52.97
682,532,player,1,102.8,217.7,121.1,270.5,32.59,34.68
682,488,player,1,213.2,280.5,248.2,327.2,68.89,43.96
682,530,player,1,187.3,257.4,208.7,314.7,58.89,41.91
682,8,player,1,19.9,4.4,52.2,53.4,9.76,-0.93
682,534,player,1,16.3,246.5,36.7,296.8,6.37,39.13
682,10,player,1,295.6,6.1,329.9,53.5,93.47,-1.03
682,581,player,1,159.1,116.4,174.7,154.1,49.41,15.45
682,533,player,1,14.8,179.9,38.1,224.9,6.5,27.22
682,536,player,1,29.7,190.3,49.7,238.5,10.54,29.45
682,531,player,1,79.3,222.3,96.1,271.9,25.19,34.94
682,535,player,,2.4,121.3,17.3,140.4,1.6,13.31
683,6,player,1,229.9,4.9,266.6,52.9,74.02,-1.11
683,9,player,2,156.9,8.4,188.4,53.5,51.15,-0.97
683,7,player,1,85.4,5.8,121.2,53.4,30.17,-0.95
683,485,player,1,106.8,258.0,127.7,308.4,34.18,40.96
683,527,player,1,125.1,325.9,148.6,382.2,40.15,53.25
683,532,player,1,99.9,219.6,117.7,272.8,31.63,35.06
683,488,player,1,212.5,280.8,248.4,330.1,68.82,44.44
683,530,player,1,184.3,258.5,205.7,316.9,57.97,42.29
683,8,player,1,20.0,4.5,52.3,53.5,9.78,-0.91
683,534,player,1,14.1,247.4,34.7,299.8,5.72,39.64
683,10,player,1,295.4,6.1,329.7,53.4,93.41,-1.05
683,581,player,1,155.7,117.3,171.4,154.9,48.39,15.59
683,533,player,1,15.4,181.3,36.0,222.4,6.29,26.8
683,536,player,1,29.1,191.8,48.4,240.5,10.24,29.78
683,531,player,1,76.8,224.0,93.5,274.4,24.39,35.36
683,600,player,,265.6,177.3,284.5,214.5,82.31,25.28
683,515,player,1,138.4,118.6,166.6,152.7,45.03,15.23
684,6,player,1,229.9,4.9,266.6,53.0,74.01,-1.09
684,9,player,2,156.9,8.3,188.3,53.4,51.15,-0.99
684,7,player,1,85.4,5.8,121.2,53.5,30.17,-0.94
684,485,player,1,102.8,259.2,123.8,311.4,32.98,41.47
684,527,player,1,120.6,327.4,144.4,384.9,38.81,53.7
684,532,player,1,97.9,221.6,115.3,274.9,30.96,35.42
684,488,player,1,213.9,284.8,247.8,332.0,68.94,44.76
684,530,player,1,182.2,260.0,203.5,319.2,57.32,42.67
684,8,player,1,20.0,4.5,52.3,53.7,9.79,-0.88
684,534,player,1,12.7,249.3,33.0,301.8,5.25,39.96
684,10,player,1,295.3,6.1,329.6,53.4,93.38,-1.05
684,533,player,1,15.7,183.2,36.6,226.4,6.4,27.46
684,536,player,1,28.8,192.5,47.7,241.6,10.08,29.97
684,531,player,1,74.5,226.0,90.8,276.6,23.62,35.73
684,600,player,,264.7,178.2,283.9,216.0,82.07,25.53
684,529,player,1,179.0,220.0,210.3,246.6,57.86,30.65
685,6,player,1,229.9,4.9,266.6,53.0,74.0,-1.09
685,9,player,2,156.9,8.3,188.3,53.4,51.16,-1.0
685,7,player,1,85.4,5.8,121.3,53.5,30.18,-0.94
685,485,player,1,100.6,261.2,121.4,314.2,32.26,41.93
685,527,player,1,118.7,328.9,142.5,386.8,38.22,54.01
685,532,player,1,97.1,223.0,114.1,276.8,30.65,35.72
685,488,player,1,216.4,287.8,248.8,333.2,69.49,44.95
685,530,player,1,181.4,261.8,202.5,321.2,57.05,43.01
685,8,player,1,20.0,4.4,52.3,53.7,9.77,-0.88
685,534,player,1,12.6,250.9,33.4,304.1,5.28,40.34
685,10,player,1,295.3,6.1,329.6,53.4,93.38,-1.05
685,533,player,1,17.6,184.8,37.0,225.9,6.77,27.38
685,536,player,1,29.6,192.9,48.4,242.4,10.3,30.09
685,531,player,1,73.4,227.7,89.5,279.6,23.26,36.21
685,600,player,,264.2,179.2,283.6,217.1,81.95,25.72
685,581,player,1,151.4,117.7,167.6,156.8,47.17,15.89
686,6,player,1,229.9,4.9,266.6,53.0,74.01,-1.09
686,9,player,2,156.9,8.3,188.3,53.3,51.15,-1.0
686,7,player,1,85.4,5.7,121.3,53.5,30.18,-0.94
686,485,player,1,100.1,261.8,120.4,315.2,32.03,42.1
686,527,player,1,118.1,329.4,141.8,387.4,38.04,54.12
686,532,player,1,97.0,223.5,113.6,277.4,30.56,35.83
686,488,player,1,217.5,288.9,249.1,333.5,69.7,45.01
686,530,player,1,181.3,262.4,202.1,321.9,56.97,43.13
686,8,player,1,20.0,4.4,52.2,53.7,9.77,-0.89
686,534,player,1,12.5,251.5,33.6,304.9,5.31,40.48
686,10,player,1,295.3,6.1,329.6,53.4,93.37,-1.05
686,533,player,1,18.6,185.4,37.2,225.6,6.94,27.33
686,536,player,1,30.0,193.0,48.6,242.6,10.4,30.13
686,531,player,1,73.2,228.3,89.0,280.6,23.14,36.39
686,600,player,,264.1,179.5,283.6,217.4,81.93,25.77
686,581,player,1,150.9,117.8,167.1,157.0,47.0,15.94
687,6,player,1,229.8,4.9,266.6,53.0,74.01,-1.08
687,9,player,2,156.9,8.3,188.3,53.3,51.15,-1.01
687,7,player,1,85.4,5.7,121.3,53.5,30.18,-0.94
687,485,player,1,99.9,263.4,119.6,316.5,31.88,42.32
687,527,player,1,117.1,330.9,140.8,389.5,37.72,54.48
687,532,player,1,97.6,224.6,114.0,278.8,30.72,36.05
687,488,player,1,219.9,290.4,252.4,336.0,70.57,45.43
687,530,player,1,181.6,263.8,202.2,324.1,57.03,43.49
687,8,player,1,20.0,4.4,52.2,53.6,9.76,-0.89
687,534,player,1,13.1,253.1,34.9,306.6,5.6,40.77
687,10,player,1,295.2,6.1,329.5,53.4,93.34,-1.05
687,536,player,1,30.5,194.0,48.8,243.0,10.51,30.19
687,531,player,1,73.2,229.8,88.8,282.7,23.12,36.73
687,581,player,1,150.6,118.4,166.9,158.0,46.93,16.09
687,597,player,1,142.3,120.8,154.8,155.3,43.84,15.66
687,529,player,1,171.4,229.1,201.7,251.3,55.4,31.43
688,6,player,1,229.9,4.9,266.6,53.0,74.01,-1.09
688,9,player,2,156.9,8.2,188.3,53.2,51.15,-1.02
688,7,player,1,85.4,5.8,121.2,53.5,30.17,-0.95
688,485,player,1,100.3,265.9,119.3,318.4,31.89,42.63
688,527,player,1,116.5,332.9,140.1,392.3,37.53,54.93
688,532,player,1,98.3,226.0,114.8,280.4,30.94,36.33
688,488,player,1,222.8,292.9,254.4,337.0,71.32,45.58
688,530,player,1,182.5,265.2,203.2,326.5,57.32,43.89
688,8,player,1,20.1,4.4,52.2,53.5,9.78,-0.92
688,534,player,1,13.8,255.7,36.4,309.4,5.92,41.22
688,10,player,1,295.2,6.1,329.6,53.5,93.36,-1.04
688,536,player,1,32.6,194.8,50.5,243.6,11.1,30.28
688,531,player,1,73.5,231.7,89.0,285.0,23.18,37.11
688,581,player,1,151.4,119.1,167.7,158.8,47.17,16.23
688,607,player,,83.1,138.8,109.3,170.1,27.88,18.13
688,597,player,1,142.3,121.0,155.2,156.8,43.89,15.91
688,529,player,1,169.5,232.3,202.1,254.0,55.15,31.87
688,600,player,,265.7,181.9,285.9,221.0,82.54,26.35
689,6,player,1,230.1,4.9,266.7,52.9,74.06,-1.1
689,9,player,2,156.9,8.3,188.3,53.3,51.15,-1.01
689,7,player,1,85.4,5.8,121.2,53.5,30.17,-0.95
689,485,player,1,99.6,265.3,119.3,321.2,31.78,43.09
689,527,player,1,116.3,335.3,139.8,395.2,37.44,55.42
689,532,player,1,99.6,227.6,116.2,282.1,31.36,36.6
689,488,player,1,226.9,296.1,258.6,340.1,72.6,46.09
689,530,player,1,183.5,267.3,204.1,329.1,57.63,44.33
689,8,player,1,20.1,4.4,52.1,53.3,9.78,-0.94
689,534,player,1,13.7,258.2,37.1,312.0,6.01,41.65
689,10,player,1,295.0,6.1,329.4,53.4,93.31,-1.04
689,536,player,1,34.9,195.8,52.4,244.2,11.73,30.38
689,531,player,1,74.2,233.8,89.5,287.2,23.36,37.47
689,581,player,1,151.8,119.5,168.5,160.1,47.35,16.43
689,607,player,,83.1,139.5,109.7,171.3,27.95,18.33
689,597,player,1,142.4,120.8,155.7,157.9,43.98,16.08
689,529,player,1,169.8,235.7,201.0,254.2,55.03,31.92
689,611,player,,66.3,147.0,77.1,164.3,20.43,17.18
689,600,player,,266.5,183.1,286.9,222.6,82.81,26.62
689,586,player,1,175.0,114.9,185.1,143.4,53.41,13.69
690,6,player,1,230.0,4.9,266.7,53.0,74.04,-1.09
690,9,player,2,156.9,8.4,188.3,53.4,51.14,-0.98
690,7,player,1,85.5,5.8,121.2,53.5,30.17,-0.95
690,485,player,1,99.6,265.3,119.3,323.0,31.79,43.39
690,527,player,1,116.2,337.6,139.8,398.2,37.43,55.94
690,532,player,1,100.9,229.0,117.7,283.6,31.77,36.86
690,488,player,1,229.8,295.5,266.0,345.9,74.16,47.06
690,530,player,1,184.9,269.2,205.3,331.4,58.01,44.71
690,8,player,1,20.1,4.4,52.1,53.2,9.77,-0.96
690,534,player,1,13.7,260.6,37.8,314.3,6.11,42.04
690,10,player,1,295.1,6.1,329.6,53.4,93.35,-1.05
690,536,player,1,33.4,195.3,52.1,246.7,11.44,30.8
690,531,player,1,74.8,235.5,90.2,289.3,23.57,37.82
690,581,player,1,152.3,119.9,169.2,161.2,47.54,16.62
690,607,player,,83.4,140.6,110.1,172.5,28.05,18.51
690,597,player,1,143.6,122.7,156.3,158.8,44.26,16.24
690,529,player,1,169.1,238.1,201.9,256.3,55.08,32.27
690,611,player,,66.3,147.6,77.1,164.8,20.43,17.27
690,600,player,1,268.5,184.1,289.1,223.8,83.45,26.82
690,586,player,1,175.2,115.3,185.9,144.1,53.56,13.8
691,6,player,1,230.0,4.9,266.7,53.0,74.04,-1.09
691,9,player,2,156.9,8.4,188.3,53.4,51.14,-0.98
691,7,player,1,85.5,5.8,121.2,53.4,30.18,-0.95
691,485,player,1,99.2,267.2,118.6,324.7,31.62,43.69
691,527,player,1,115.9,339.4,139.5,401.0,37.33,56.39
691,532,player,1,101.6,230.2,119.0,285.8,32.08,37.22
691,488,player,1,234.6,297.0,271.6,349.4,75.75,47.62
691,530,player,1,186.1,270.8,206.4,333.4,58.38,45.04
691,8,player,1,20.1,4.4,52.0,53.1,9.76,-0.97
691,534,player,1,14.3,262.4,38.4,315.9,6.3,42.3
691,10,player,1,295.2,6.1,329.7,53.5,93.38,-1.03
691,536,player,1,34.8,195.8,54.3,248.3,12.0,31.07
691,531,player,1,75.5,236.6,91.0,291.0,23.79,38.11
691,581,player,1,153.2,121.0,169.9,161.7,47.78,16.7
691,607,player,,83.5,141.2,110.6,173.5,28.14,18.68
691,597,player,1,144.5,123.7,157.0,159.5,44.5,16.35
691,529,player,1,168.0,239.8,202.1,257.9,54.93,32.52
691,611,player,,66.2,148.1,77.1,165.6,20.41,17.4
692,6,player,1,229.9,4.9,266.7,53.0,74.03,-1.08
692,9,player,2,156.9,8.4,188.3,53.5,51.15,-0.97
692,7,player,1,85.5,5.8,121.2,53.4,30.18,-0.96
692,485,player,1,99.1,269.8,118.3,327.1,31.55,44.08
692,527,player,1,115.8,340.9,139.5,402.9,37.32,56.71
692,532,player,1,103.0,231.6,120.4,285.9,32.51,37.23
692,488,player,1,239.8,297.2,277.4,351.7,77.44,48.0
692,530,player,1,187.1,272.2,207.4,335.2,58.68,45.33
692,8,player,1,20.1,4.4,52.0,53.2,9.76,-0.97
692,534,player,1,15.0,263.6,39.3,317.6,6.54,42.59
692,10,player,1,295.1,6.1,329.7,53.6,93.36,-1.02
692,536,player,1,38.0,196.3,58.6,249.8,13.16,31.31
692,531,player,1,75.8,237.4,91.4,292.3,23.9,38.32
692,581,player,1,153.8,121.2,170.5,162.0,47.96,16.75
692,607,player,,83.6,141.5,110.7,173.9,28.17,18.75
692,597,player,1,145.1,124.1,157.5,159.8,44.67,16.4
692,611,player,,66.1,148.5,77.0,166.0,20.38,17.46
692,586,player,1,176.5,115.4,187.8,144.6,54.05,13.88
693,6,player,1,230.0,4.9,266.7,53.1,74.04,-1.08
693,9,player,2,156.9,8.3,188.3,53.5,51.16,-0.98
693,7,player,1,85.5,5.8,121.2,53.4,30.17,-0.96
693,485,player,1,99.2,270.7,118.1,327.9,31.55,44.22
693,527,player,1,115.9,341.4,139.5,403.5,37.34,56.82
693,532,player,1,103.6,232.0,121.0,285.9,32.69,37.22
693,488,player,1,242.0,297.2,279.4,352.5,78.1,48.14
693,530,player,1,187.6,272.7,207.8,335.8,58.81,45.43
693,8,player,1,20.1,4.4,52.0,53.2,9.76,-0.96
693,534,player,1,15.4,263.9,39.7,318.2,6.64,42.69
693,10,player,1,295.0,6.1,329.6,53.7,93.34,-1.01
693,536,player,1,39.1,196.4,60.5,250.4,13.6,31.4
693,531,player,1,75.9,237.6,91.7,292.7,23.96,38.39
693,581,player,1,154.0,121.3,170.7,162.1,48.03,16.77
693,607,player,,83.6,141.6,110.7,174.0,28.18,18.77
693,597,player,1,145.4,124.2,157.7,159.9,44.74,16.41
693,611,player,,66.1,148.6,77.0,166.1,20.37,17.48
693,586,player,1,176.7,115.4,188.4,144.7,54.16,13.89
694,6,player,1,230.0,4.9,266.8,53.0,74.06,-1.08
694,9,player,2,156.9,8.3,188.3,53.5,51.16,-0.98
694,7,player,1,85.5,5.8,121.1,53.3,30.17,-0.97
694,485,player,1,99.9,271.2,119.1,329.4,31.8,44.47
694,527,player,1,115.2,342.3,138.8,404.8,37.1,57.03
694,532,player,1,104.4,232.3,121.0,282.8,32.81,36.71
694,488,player,1,250.9,298.4,284.7,350.9,80.25,47.87
694,530,player,1,188.1,273.3,208.1,336.6,58.93,45.57
694,8,player,1,20.2,4.4,52.0,53.1,9.77,-0.97
694,534,player,1,16.1,264.1,40.4,319.2,6.87,42.86
694,10,player,1,295.3,6.1,329.9,53.6,93.41,-1.02
694,536,player,1,42.8,199.5,64.1,251.1,14.72,31.53
694,531,player,1,75.9,237.9,91.8,293.5,23.96,38.51
694,581,player,1,153.9,120.5,171.0,162.1,48.06,16.77
694,597,player,1,145.6,124.1,157.7,159.8,44.77,16.4
694,611,player,,66.0,148.7,76.8,166.1,20.32,17.48
694,586,player,1,176.6,115.3,188.8,144.7,54.2,13.91
695,6,player,1,230.0,4.9,266.6,53.0,74.03,-1.09
695,9,player,2,157.0,8.4,188.3,53.4,51.15,-1.0
695,7,player,1,85.5,5.8,121.1,53.3,30.16,-0.98
695,485,player,1,98.6,270.7,118.2,330.9,31.46,44.71
695,527,player,1,114.1,342.9,138.3,407.0,36.87,57.41
695,532,player,1,104.4,232.9,122.0,286.0,32.96,37.24
695,488,player,1,254.9,298.1,290.1,355.4,81.7,48.6
695,530,player,1,188.6,274.2,208.7,338.4,59.11,45.85
695,8,player,1,20.2,4.4,52.0,53.2,9.77,-0.96
695,534,player,1,17.3,264.4,41.6,320.5,7.23,43.08
695,10,player,1,295.2,6.1,329.7,53.5,93.38,-1.03
695,536,player,1,45.0,201.7,66.8,251.5,15.48,31.59
695,531,player,1,75.4,238.4,91.8,294.6,23.9,38.71
695,581,player,1,154.5,119.8,171.9,162.1,48.28,16.77
695,597,player,1,145.2,122.3,157.8,159.9,44.73,16.41
695,586,player,1,176.3,115.1,189.0,144.5,54.2,13.87
695,615,player,1,38.5,192.8,51.1,226.0,12.11,27.38
695,607,player,,82.3,141.5,109.5,173.9,27.78,18.75
696,6,player,1,230.0,4.9,266.7,53.0,74.04,-1.09
696,9,player,2,157.0,8.4,188.2,53.3,51.15,-1.0
696,7,player,1,85.5,5.8,121.1,53.3,30.15,-0.98
696,485,player,1,97.6,270.7,117.3,332.4,31.16,44.97
696,527,player,1,112.8,344.1,137.1,408.9,36.48,57.73
696,532,player,1,104.2,233.6,122.4,287.8,32.99,37.55
696,488,player,1,257.9,298.7,293.4,358.5,82.67,49.12
696,530,player,1,188.5,275.2,208.4,339.3,59.05,46.01
696,8,player,1,20.1,4.4,52.0,53.2,9.76,-0.96
696,534,player,1,18.9,265.0,42.7,321.3,7.65,43.2
696,10,player,1,295.1,6.1,329.7,53.6,93.37,-1.03
696,536,player,1,43.5,196.5,67.9,251.2,15.4,31.53
696,531,player,1,74.6,239.1,91.4,295.8,23.71,38.9
696,581,player,1,154.4,119.7,172.1,162.4,48.3,16.81
696,597,player,1,144.9,120.8,157.8,159.8,44.68,16.4
696,586,player,1,176.0,115.2,188.9,144.4,54.14,13.85
696,615,player,1,39.7,192.0,52.3,225.2,12.49,27.25
696,607,player,,81.7,141.3,109.0,174.1,27.62,18.78
696,529,player,1,158.8,240.6,199.4,262.2,53.11,33.24
696,611,player,,63.6,148.5,74.5,166.0,19.62,17.47
697,6,player,1,230.1,4.9,266.7,53.0,74.05,-1.09
697,9,player,2,156.9,8.4,188.3,53.4,51.15,-0.98
697,7,player,1,85.5,5.8,121.0,53.2,30.14,-0.99
697,485,player,1,96.7,271.5,116.2,333.9,30.86,45.22
697,527,player,1,111.3,345.0,135.8,410.8,36.05,58.05
697,532,player,1,103.6,234.5,122.3,289.9,32.9,37.9
697,488,player,1,261.1,299.6,295.9,359.7,83.54,49.31
697,530,player,1,188.1,276.2,208.1,340.9,58.95,46.27
697,8,player,1,20.1,4.4,52.1,53.3,9.76,-0.94
697,534,player,1,19.6,265.8,43.6,322.8,7.9,43.44
697,10,player,1,295.1,6.1,329.7,53.5,93.36,-1.03
697,536,player,1,42.0,193.9,68.2,252.3,15.22,31.72
697,531,player,1,73.5,240.0,90.5,296.9,23.4,39.09
697,581,player,1,153.4,119.0,171.3,162.5,48.03,16.84
697,597,player,1,144.0,120.6,156.8,160.0,44.38,16.43
697,586,player,1,175.4,115.1,188.6,144.8,54.01,13.91
697,607,player,,80.2,141.3,107.8,174.4,27.21,18.83
697,611,player,,62.1,148.5,73.1,166.2,19.18,17.5
698,6,player,1,230.1,5.0,266.8,53.0,74.07,-1.09
698,9,player,2,157.0,8.3,188.3,53.4,51.16,-0.99
698,7,player,1,85.5,5.8,121.0,53.2,30.15,-0.99
698,485,player,1,94.8,273.0,114.3,335.3,30.27,45.45
698,527,player,1,109.0,345.9,133.6,412.0,35.35,58.26
698,532,player,1,102.6,234.9,121.5,291.2,32.61,38.11
698,488,player,1,264.7,300.7,299.8,361.6,84.68,49.63
698,530,player,1,187.6,277.2,207.6,342.2,58.79,46.5
698,8,player,1,20.1,4.4,52.1,53.3,9.76,-0.94
698,534,player,1,19.4,266.6,43.6,324.1,7.86,43.68
698,10,player,1,294.9,6.1,329.5,53.6,93.31,-1.02
698,531,player,1,71.9,240.7,89.1,297.9,22.93,39.25
698,581,player,1,152.9,119.6,170.6,162.4,47.85,16.82
698,597,player,1,143.2,121.0,155.7,159.8,44.11,16.39
698,586,player,1,174.4,115.2,187.7,144.4,53.71,13.85
698,607,player,,79.0,141.1,106.7,174.5,26.86,18.85
698,611,player,,60.7,148.6,71.6,166.0,18.73,17.48
699,6,player,1,230.1,5.0,266.7,53.1,74.06,-1.08
699,9,player,2,157.1,8.4,188.5,53.6,51.22,-0.96
699,7,player,1,85.4,5.6,121.3,53.4,30.18,-0.95
699,8,player,1,20.1,4.5,52.2,53.6,9.77,-0.89
699,10,player,1,294.7,6.1,329.6,54.2,93.29,-0.93
700,6,player,1,230.1,5.1,266.7,53.1,74.06,-1.07
700,9,player,2,157.1,8.3,188.7,53.6,51.24,-0.96
700,7,player,1,85.4,5.5,121.4,53.5,30.19,-0.94
700,8,player,1,20.1,4.5,52.2,53.7,9.77,-0.88
700,10,player,1,294.7,6.1,329.5,54.4,93.28,-0.9
701,6,player,1,230.1,5.1,266.7,53.1,74.06,-1.07
701,9,player,2,157.1,8.2,188.8,53.6,51.25,-0.95
701,7,player,1,85.5,5.5,121.4,53.6,30.2,-0.93
701,8,player,1,20.0,4.5,52.2,53.7,9.77,-0.87
701,10,player,1,294.8,6.1,329.5,54.4,93.28,-0.89
702,6,player,1,230.1,5.1,266.7,53.1,74.06,-1.07
702,9,player,2,157.1,8.3,188.7,53.7,51.25,-0.95
702,7,player,1,85.5,5.5,121.4,53.6,30.2,-0.93
702,8,player,1,20.0,4.4,52.2,53.7,9.77,-0.87
702,10,player,1,294.8,6.1,329.4,54.4,93.28,-0.88
703,6,player,1,230.1,5.0,266.9,53.3,74.09,-1.05
703,9,player,2,157.1,8.4,188.7,53.7,51.24,-0.93
703,7,player,1,85.3,5.4,121.6,53.9,30.21,-0.88
703,8,player,1,20.1,4.3,52.3,53.7,9.79,-0.88
703,10,player,1,294.7,6.2,329.3,54.6,93.25,-0.85
704,6,player,1,230.2,4.9,267.0,53.3,74.11,-1.04
704,9,player,2,157.1,8.4,188.7,53.8,51.24,-0.93
704,7,player,1,85.3,5.3,121.7,54.0,30.22,-0.86
704,8,player,1,20.1,4.3,52.3,53.6,9.8,-0.89
704,10,player,1,294.7,6.2,329.3,54.7,93.24,-0.84
705,6,player,1,230.2,4.9,266.9,53.3,74.11,-1.04
705,9,player,2,157.5,8.4,189.3,53.7,51.39,-0.94
705,7,player,1,85.1,5.2,121.4,53.8,30.14,-0.9
705,8,player,1,20.1,4.2,52.3,53.6,9.81,-0.89
705,10,player,1,294.7,6.2,329.1,54.7,93.21,-0.84
706,6,player,1,230.2,4.9,266.9,53.3,74.1,-1.04
706,9,player,2,157.3,8.4,189.1,53.8,51.33,-0.93
706,7,player,1,85.2,5.2,121.6,53.9,30.19,-0.87
706,8,player,1,20.2,4.2,52.3,53.6,9.81,-0.89
706,10,player,1,294.8,6.2,329.1,54.7,93.23,-0.84
707,6,player,1,229.4,4.9,266.4,53.4,73.9,-1.03
707,9,player,2,157.0,8.4,188.9,53.9,51.25,-0.91
707,7,player,1,85.0,5.2,121.4,53.8,30.14,-0.9
707,8,player,1,20.1,4.3,52.3,53.7,9.79,-0.88
707,10,player,1,294.7,6.2,329.0,54.7,93.21,-0.84
707,624,player,1,0.0,132.5,104.6,376.3,14.17,52.36
708,6,player,1,229.8,4.9,266.7,53.3,74.02,-1.03
708,9,player,2,158.0,8.4,190.0,53.8,51.57,-0.93
708,7,player,1,84.9,5.2,121.4,53.7,30.12,-0.9
708,8,player,1,20.1,4.3,52.2,53.7,9.79,-0.88
708,10,player,1,294.8,6.2,329.0,54.7,93.2,-0.85
708,624,player,1,0.0,132.7,103.3,371.7,13.96,51.6
709,6,player,1,229.7,4.9,266.7,53.4,74.0,-1.03
709,9,player,2,157.7,8.4,189.9,53.8,51.52,-0.92
709,7,player,1,84.9,5.2,121.5,53.8,30.13,-0.89
709,8,player,1,20.1,4.2,52.3,53.7,9.81,-0.87
709,10,player,1,294.7,6.2,328.8,54.6,93.18,-0.85
709,627,player,1,12.8,195.6,291.6,473.0,44.84,68.46
710,6,player,1,229.9,4.9,266.8,53.4,74.05,-1.03
710,9,player,2,158.0,8.4,190.4,53.8,51.64,-0.92
710,7,player,1,84.8,5.2,121.4,53.7,30.11,-0.9
710,8,player,1,20.1,4.3,52.3,53.7,9.8,-0.87
710,10,player,1,294.8,6.2,328.8,54.6,93.19,-0.86
710,627,player,1,3.5,197.3,281.8,474.5,41.89,68.73
711,6,player,1,230.0,4.9,266.9,53.3,74.08,-1.03
711,9,player,2,158.2,8.4,190.8,53.8,51.72,-0.93
711,7,player,1,84.8,5.2,121.4,53.7,30.11,-0.91
711,8,player,1,20.1,4.3,52.2,53.7,9.79,-0.87
711,10,player,1,294.8,6.2,328.9,54.6,93.2,-0.86
711,624,player,1,0.7,132.3,105.0,372.7,14.33,51.75
712,6,player,1,230.1,4.9,266.9,53.3,74.09,-1.04
712,9,player,2,158.2,8.5,191.0,53.7,51.75,-0.94
712,7,player,1,84.8,5.2,121.4,53.7,30.11,-0.91
712,8,player,1,20.1,4.3,52.2,53.7,9.78,-0.87
712,10,player,1,294.9,6.2,328.9,54.6,93.2,-0.85
712,624,player,1,0.8,132.2,105.2,372.8,14.38,51.77
712,627,player,1,8.2,199.1,281.7,471.6,42.61,68.23
713,6,player,1,230.0,4.9,266.9,53.3,74.08,-1.03
713,9,player,2,157.9,8.4,191.0,53.8,51.71,-0.93
713,7,player,1,84.8,5.2,121.4,53.7,30.1,-0.91
713,8,player,1,20.1,4.3,52.2,53.7,9.78,-0.87
713,10,player,1,294.9,6.2,328.8,54.6,93.2,-0.86
713,624,player,1,0.3,131.6,103.9,370.3,14.11,51.36
713,627,player,1,9.0,198.2,284.6,472.6,43.17,68.4
714,6,player,1,230.2,4.9,267.0,53.3,74.11,-1.04
714,9,player,2,157.3,8.4,190.4,53.8,51.53,-0.93
714,7,player,1,84.0,5.2,120.9,53.8,29.9,-0.89
714,8,player,1,20.2,4.2,52.3,53.7,9.8,-0.89
714,10,player,1,294.9,6.2,328.8,54.5,93.2,-0.87
714,624,player,1,0.1,131.7,102.2,367.1,13.82,50.83
714,627,player,1,4.9,191.2,286.6,472.4,42.85,68.36
714,629,player,1,168.8,113.3,349.8,390.7,77.69,54.51
715,6,player,1,230.2,4.9,266.9,53.3,74.11,-1.05
715,9,player,2,157.1,8.4,190.1,53.8,51.46,-0.93
715,7,player,1,83.4,5.2,120.7,53.9,29.78,-0.88
715,8,player,1,20.2,4.2,52.3,53.6,9.81,-0.89
715,10,player,1,294.9,6.2,328.7,54.5,93.18,-0.87
715,624,player,1,1.5,131.9,102.5,364.2,14.08,50.34
715,627,player,1,2.7,191.9,286.3,475.8,42.47,68.95
716,6,player,1,230.2,4.9,266.9,53.3,74.11,-1.05
716,9,player,2,157.0,8.4,190.0,53.7,51.42,-0.93
716,7,player,1,83.3,5.2,120.8,53.9,29.78,-0.88
716,8,player,1,20.2,4.2,52.3,53.6,9.81,-0.89
716,10,player,1,294.9,6.2,328.8,54.5,93.2,-0.87
716,624,player,1,1.8,132.1,104.5,367.9,14.45,50.95
716,627,player,1,3.3,196.1,281.3,474.8,41.77,68.78
717,6,player,1,230.3,4.9,266.9,53.2,74.11,-1.05
717,9,player,2,157.0,8.4,190.0,53.7,51.41,-0.93
717,7,player,1,83.7,5.2,121.2,53.8,29.9,-0.89
717,8,player,1,20.2,4.1,52.3,53.6,9.82,-0.89
717,10,player,1,294.9,6.2,328.7,54.5,93.19,-0.87
717,624,player,1,1.8,132.2,105.4,369.7,14.58,51.25
717,627,player,1,3.1,197.5,278.3,473.9,41.29,68.62
717,629,player,1,176.1,110.4,351.8,378.9,79.11,52.53
718,6,player,1,230.3,4.9,266.9,53.3,74.12,-1.05
718,9,player,2,156.9,8.4,189.9,53.8,51.39,-0.93
718,7,player,1,83.9,5.2,121.4,53.8,29.96,-0.89
718,8,player,1,20.2,4.1,52.3,53.6,9.82,-0.89
718,10,player,1,295.0,6.2,328.8,54.5,93.2,-0.88
718,624,player,1,2.0,132.0,105.4,368.3,14.6,51.02
718,627,player,1,3.6,198.3,278.3,474.0,41.38,68.65
719,6,player,1,230.2,4.9,266.9,53.3,74.11,-1.04
719,9,player,2,157.2,8.4,190.1,53.8,51.47,-0.93
719,7,player,1,84.3,5.2,121.7,53.8,30.06,-0.9
719,8,player,1,20.2,4.1,52.3,53.6,9.81,-0.89
719,10,player,1,295.0,6.2,328.8,54.5,93.21,-0.87
719,624,player,1,1.7,130.8,106.5,369.6,14.73,51.24
719,627,player,1,0.0,194.8,272.2,473.9,39.87,68.64
719,629,player,1,171.0,108.5,354.5,388.2,78.76,54.09
720,6,player,1,230.5,4.9,267.1,53.3,74.17,-1.04
720,9,player,2,156.9,8.5,189.6,53.7,51.35,-0.94
720,7,player,1,84.6,5.5,121.7,53.8,30.11,-0.9
720,8,player,1,20.3,4.3,52.4,53.7,9.83,-0.88
720,10,player,1,295.3,6.1,329.3,54.8,93.33,-0.82
720,627,player,1,1.8,192.7,274.8,468.2,40.55,67.66
721,6,player,1,230.6,4.9,267.1,53.3,74.19,-1.04
721,9,player,2,156.8,8.5,189.6,53.7,51.33,-0.94
721,7,player,1,84.7,5.6,121.7,53.7,30.14,-0.9
721,8,player,1,20.3,4.3,52.4,53.7,9.85,-0.87
721,10,player,1,295.3,6.1,329.6,55.0,93.38,-0.8
721,627,player,1,4.4,193.4,275.6,466.2,41.09,67.33
721,629,player,1,166.5,118.4,360.0,415.5,78.94,58.65
722,6,player,1,230.7,4.9,267.1,53.3,74.21,-1.04
722,9,player,2,157.4,8.6,190.2,53.7,51.51,-0.93
722,7,player,1,84.8,5.7,121.7,53.7,30.14,-0.9
722,8,player,1,20.5,4.4,52.7,53.8,9.91,-0.86
722,10,player,1,295.4,6.0,329.6,55.0,93.4,-0.79
722,627,player,1,9.1,195.1,273.2,458.5,41.44,66.03
722,629,player,1,167.4,122.1,360.0,420.4,79.09,59.47
722,624,player,1,0.0,131.8,105.9,374.4,14.36,52.03
723,6,player,1,230.7,4.9,267.1,53.3,74.2,-1.04
723,9,player,2,157.0,8.5,189.8,53.7,51.4,-0.94
723,7,player,1,84.9,5.7,121.6,53.7,30.14,-0.9
723,8,player,1,20.3,4.3,52.6,53.8,9.87,-0.87
723,10,player,1,295.4,6.0,329.7,55.0,93.4,-0.79
723,627,player,1,9.0,195.2,275.5,459.3,41.78,66.16
723,629,player,1,166.8,121.4,360.0,422.6,78.99,59.84
724,6,player,1,230.7,4.9,267.0,53.3,74.2,-1.04
724,9,player,2,156.9,8.5,189.6,53.7,51.34,-0.94
724,7,player,1,84.9,5.7,121.6,53.7,30.14,-0.91
724,8,player,1,20.3,4.3,52.5,53.7,9.86,-0.87
724,10,player,1,295.4,6.0,329.7,55.1,93.41,-0.78
724,627,player,1,10.7,197.1,275.5,457.3,42.05,65.83
724,629,player,1,167.5,121.6,360.0,422.3,79.09,59.78
725,6,player,1,230.7,4.9,267.0,53.3,74.19,-1.03
725,9,player,2,156.9,8.5,189.7,53.7,51.35,-0.93
725,7,player,1,84.9,5.6,121.6,53.8,30.14,-0.89
725,8,player,1,20.3,4.4,52.6,53.8,9.87,-0.86
725,10,player,1,295.5,6.0,329.7,54.9,93.41,-0.8
725,627,player,1,6.1,195.5,279.6,464.1,41.96,66.98
726,6,player,1,230.7,4.9,267.0,53.4,74.19,-1.03
726,9,player,2,156.9,8.5,189.7,53.8,51.36,-0.93
726,7,player,1,84.9,5.6,121.6,53.8,30.14,-0.89
726,8,player,1,20.3,4.4,52.6,53.9,9.87,-0.85
726,10,player,1,295.5,6.0,329.7,54.9,93.41,-0.81
726,627,player,1,5.7,196.5,280.9,465.8,42.09,67.26
726,624,player,1,0.0,132.8,105.7,383.2,14.31,53.51
727,6,player,1,230.8,4.9,267.0,53.3,74.2,-1.04
727,9,player,2,156.9,8.5,189.6,53.8,51.35,-0.93
727,7,player,1,84.9,5.6,121.6,53.8,30.15,-0.9
727,8,player,1,20.3,4.4,52.6,53.9,9.87,-0.85
727,10,player,1,295.4,6.0,329.6,54.9,93.4,-0.81
727,627,player,1,8.4,197.1,282.2,463.1,42.71,66.8
727,624,player,1,0.0,132.8,104.0,379.2,14.06,52.84
727,629,player,1,165.3,121.7,360.0,422.1,78.76,59.75
728,6,player,1,230.8,4.9,267.0,53.3,74.2,-1.04
728,9,player,2,156.9,8.5,189.6,53.8,51.35,-0.93
728,7,player,1,85.0,5.7,121.5,53.7,30.15,-0.9
728,8,player,1,20.3,4.4,52.6,53.9,9.88,-0.85
728,10,player,1,295.4,6.0,329.6,54.8,93.4,-0.82
728,627,player,1,8.1,198.2,281.9,462.4,42.62,66.69
729,6,player,1,230.8,4.9,266.9,53.3,74.2,-1.04
729,9,player,2,156.9,8.5,189.5,53.7,51.33,-0.93
729,7,player,1,84.9,5.7,121.6,53.8,30.15,-0.89
729,8,player,1,20.3,4.4,52.7,53.9,9.89,-0.84
729,10,player,1,295.5,6.0,329.7,54.8,93.42,-0.83
729,627,player,1,0.0,193.4,282.9,468.7,41.52,67.76
729,624,player,1,0.0,131.9,103.3,373.4,13.97,51.88
730,6,player,1,230.8,4.9,266.9,53.3,74.2,-1.04
730,9,player,2,156.9,8.5,189.5,53.7,51.33,-0.93
730,7,player,1,85.0,5.6,121.6,53.8,30.15,-0.9
730,8,player,1,20.2,4.5,52.5,53.8,9.85,-0.86
730,10,player,1,295.5,6.0,329.6,54.8,93.41,-0.83
730,627,player,1,1.2,196.1,281.5,468.0,41.5,67.64
731,6,player,1,230.8,4.9,266.9,53.3,74.19,-1.04
731,9,player,2,156.8,8.5,189.5,53.7,51.31,-0.93
731,7,player,1,85.0,5.7,121.6,53.8,30.16,-0.9
731,8,player,1,20.2,4.4,52.6,53.9,9.86,-0.85
731,10,player,1,295.5,6.0,329.7,54.7,93.42,-0.83
731,627,player,1,2.3,194.6,285.1,468.4,42.21,67.69
731,629,player,1,165.9,124.4,358.8,420.6,78.68,59.51
732,6,player,1,230.8,4.9,266.9,53.3,74.19,-1.04
732,9,player,2,156.8,8.4,189.4,53.7,51.3,-0.94
732,7,player,1,85.0,5.6,121.5,53.8,30.15,-0.89
732,8,player,1,20.1,4.4,52.6,54.0,9.83,-0.83
732,10,player,1,295.4,6.0,329.6,54.8,93.41,-0.83
732,627,player,1,0.0,191.8,283.1,466.7,41.55,67.41
733,6,player,1,230.8,4.9,266.8,53.3,74.18,-1.04
733,9,player,2,156.9,8.4,189.4,53.7,51.31,-0.94
733,7,player,1,85.0,5.6,121.6,53.8,30.15,-0.89
733,8,player,1,20.0,4.4,52.6,54.2,9.83,-0.8
733,10,player,1,295.4,6.0,329.6,54.8,93.4,-0.83
733,629,player,1,171.8,112.8,349.4,379.5,78.09,52.63
734,6,player,1,230.8,4.9,266.8,53.3,74.18,-1.04
734,9,player,2,156.8,8.4,189.2,53.7,51.27,-0.94
734,7,player,1,84.9,5.6,121.5,53.9,30.13,-0.87
734,8,player,1,20.1,4.4,52.5,54.1,9.83,-0.81
734,10,player,1,295.5,6.0,329.6,54.8,93.41,-0.83
734,629,player,1,167.3,119.0,358.3,407.0,78.79,57.23
734,624,player,1,0.4,132.0,102.5,369.1,13.91,51.16
734,627,player,1,0.5,194.8,279.5,465.7,41.08,67.24
735,6,player,1,230.8,5.0,266.6,53.0,74.15,-1.09
735,9,player,2,157.0,8.4,189.2,53.3,51.3,-1.0
735,7,player,1,85.2,6.0,121.2,53.4,30.13,-0.95
735,8,player,1,20.5,4.4,52.5,53.4,9.89,-0.93
735,10,player,1,294.9,6.0,329.0,54.2,93.22,-0.93
736,6,player,1,230.7,5.0,266.4,52.8,74.1,-1.12
736,9,player,2,157.1,8.4,189.1,53.0,51.3,-1.05
736,7,player,1,85.0,6.0,120.8,53.1,30.03,-1.0
736,8,player,1,20.6,4.6,52.6,53.2,9.92,-0.96
736,10,player,1,294.9,6.1,328.9,53.9,93.21,-0.97
736,630,player,1,2.8,261.1,22.1,309.8,2.04,41.31
736,631,player,1,109.4,230.6,130.2,284.4,34.99,36.97
736,632,player,1,199.8,203.9,217.3,252.2,62.1,31.56
736,633,player,1,238.9,208.5,262.5,258.7,74.95,32.59
736,634,player,1,64.0,227.6,89.3,276.0,21.79,35.63
737,6,player,1,230.6,5.0,266.4,52.8,74.09,-1.12
737,9,player,2,157.3,8.4,189.3,53.0,51.36,-1.05
737,7,player,1,85.1,6.0,121.0,53.2,30.09,-1.0
737,8,player,1,20.7,4.5,52.6,53.0,9.92,-0.99
737,10,player,1,295.1,6.1,329.0,53.6,93.26,-1.02
737,630,player,1,8.4,263.0,27.3,310.4,3.69,41.4
737,631,player,1,114.9,231.8,135.3,284.6,36.62,37.0
737,632,player,1,204.8,204.4,222.7,254.1,63.68,31.87
737,633,player,1,245.7,209.0,269.5,259.6,77.05,32.73
737,634,player,1,65.1,228.5,89.9,276.1,22.06,35.64
738,6,player,1,230.7,5.0,266.6,52.8,74.13,-1.11
738,9,player,2,157.1,8.4,189.1,53.0,51.3,-1.05
738,7,player,1,85.3,6.1,121.1,53.2,30.12,-0.99
738,8,player,1,20.7,4.5,52.7,53.1,9.96,-0.97
738,10,player,1,295.0,6.0,329.1,53.7,93.25,-1.0
738,630,player,1,16.0,264.5,35.1,311.8,6.05,41.63
738,631,player,1,121.6,232.1,141.6,283.8,38.59,36.87
738,632,player,1,210.9,206.2,228.6,255.0,65.51,32.01
738,633,player,1,253.2,209.1,277.3,260.3,79.38,32.85
738,634,player,1,67.9,228.4,94.0,278.6,23.1,36.05
738,644,player,1,2.8,236.5,23.5,289.5,2.3,37.93
738,648,player,1,80.3,227.1,93.5,276.2,24.92,35.65
739,6,player,1,230.7,5.0,266.7,52.9,74.14,-1.11
739,9,player,2,157.1,8.4,189.0,52.9,51.29,-1.07
739,7,player,1,85.3,6.1,121.1,53.1,30.12,-1.0
739,8,player,1,20.5,4.5,52.7,53.3,9.92,-0.95
739,10,player,1,293.9,6.0,328.2,53.6,92.96,-1.01
739,630,player,1,23.4,265.4,42.7,312.4,8.37,41.72
739,631,player,1,127.8,232.0,147.5,283.3,40.46,36.77
739,632,player,1,217.1,207.8,234.9,256.1,67.41,32.19
739,633,player,1,260.5,208.7,284.9,260.5,81.65,32.87
739,634,player,1,71.0,229.1,96.2,277.6,23.91,35.89
739,644,player,1,5.0,236.7,25.3,288.9,2.91,37.83
739,648,player,1,82.8,227.4,95.9,275.9,25.67,35.59
740,6,player,1,230.7,5.0,266.7,52.9,74.15,-1.11
740,9,player,2,157.0,8.4,188.9,52.9,51.27,-1.07
740,7,player,1,85.3,6.1,121.0,53.1,30.12,-1.0
740,8,player,1,20.5,4.5,52.7,53.3,9.92,-0.94
740,10,player,1,293.1,6.0,327.8,53.6,92.78,-1.02
740,630,player,1,25.9,265.7,45.4,312.4,9.14,41.72
740,631,player,1,129.8,232.0,149.4,283.0,41.06,36.72
740,632,player,1,219.1,208.3,237.0,256.4,68.04,32.23
740,633,player,1,263.0,208.4,287.4,260.3,82.4,32.83
740,634,player,1,72.0,229.4,96.6,277.1,24.13,35.8
740,644,player,1,5.9,236.7,26.0,288.5,3.15,37.76
740,648,player,1,83.9,227.6,96.9,275.9,26.0,35.59
740,659,player,1,241.6,193.8,269.1,283.0,76.37,36.61
740,661,player,,0.1,202.7,12.1,239.6,0.24,29.66
741,6,player,1,230.7,5.0,266.7,52.9,74.14,-1.1
741,9,player,2,157.0,8.4,188.9,52.9,51.26,-1.07
741,7,player,1,85.2,6.0,121.1,53.3,30.11,-0.98
741,8,player,1,20.3,4.6,52.9,54.0,9.92,-0.83
741,10,player,1,293.6,6.0,328.5,53.6,92.96,-1.02
741,630,player,1,31.7,265.9,51.4,312.0,10.97,41.65
741,631,player,1,134.2,230.8,154.0,282.3,42.41,36.6
741,632,player,1,223.2,208.2,241.4,256.1,69.33,32.18
741,633,player,1,267.9,208.3,292.0,259.5,83.85,32.69
741,634,player,1,73.9,229.4,98.1,276.6,24.65,35.72
741,644,player,1,9.0,236.8,28.9,288.2,4.07,37.71
741,648,player,1,86.9,227.9,101.0,279.1,27.08,36.13
741,659,player,1,252.9,221.0,272.2,283.2,78.58,36.63
742,6,player,1,230.6,5.0,266.7,53.0,74.14,-1.09
742,9,player,2,157.1,8.4,189.0,52.9,51.28,-1.06
742,7,player,1,85.3,6.0,121.1,53.1,30.12,-1.01
742,8,player,1,20.6,4.6,53.2,53.9,10.01,-0.85
742,10,player,1,294.4,6.1,329.6,54.0,93.25,-0.96
742,630,player,1,38.3,265.8,58.7,312.1,13.1,41.66
742,631,player,1,138.8,229.5,158.4,280.9,43.8,36.36
742,632,player,1,228.8,208.0,247.1,255.5,71.06,32.07
742,633,player,1,275.5,208.5,299.3,259.4,86.11,32.67
742,634,player,1,77.3,229.4,100.1,274.0,25.48,35.28
742,644,player,1,9.4,235.6,30.0,288.3,4.31,37.73
742,648,player,1,89.4,227.9,103.6,279.5,27.87,36.19
742,659,player,1,263.2,231.2,279.6,283.3,81.27,36.63
743,6,player,1,230.7,5.0,266.7,52.8,74.14,-1.11
743,9,player,2,157.1,8.3,189.1,53.0,51.29,-1.06
743,7,player,1,85.3,6.1,121.1,53.1,30.13,-1.01
743,8,player,1,20.7,4.6,53.1,53.6,10.01,-0.9
743,10,player,1,294.8,6.0,330.0,53.8,93.36,-0.98
743,630,player,1,45.1,266.3,66.2,312.3,15.29,41.68
743,631,player,1,143.7,227.1,164.0,280.4,45.4,36.27
743,632,player,1,234.8,207.4,253.5,255.0,72.93,31.99
743,633,player,1,277.1,198.0,306.0,260.2,87.38,32.79
743,634,player,1,80.2,229.8,102.2,273.2,26.24,35.14
743,644,player,1,15.0,234.9,37.0,288.5,6.24,37.76
743,648,player,1,93.3,227.6,107.3,278.0,29.02,35.93
743,669,player,1,254.0,193.5,277.3,245.0,79.49,30.31
743,670,player,1,7.3,201.8,32.1,239.3,4.4,29.6
744,6,player,1,230.7,5.0,266.7,52.9,74.15,-1.1
744,9,player,2,157.0,8.4,188.9,52.9,51.25,-1.07
744,7,player,1,85.3,6.1,121.1,53.1,30.13,-1.0
744,8,player,1,20.6,4.6,52.9,53.4,9.95,-0.94
744,10,player,1,295.0,6.1,330.1,53.7,93.41,-1.0
744,630,player,1,52.0,266.3,74.3,313.6,17.6,41.89
744,631,player,1,148.9,225.8,169.4,280.1,47.01,36.23
744,632,player,1,241.1,207.0,260.3,255.1,74.95,31.99
744,633,player,1,282.3,194.8,313.2,261.3,89.26,32.97
744,634,player,1,80.8,230.2,105.1,277.9,26.78,35.92
744,644,player,1,19.4,234.1,42.4,286.9,7.74,37.47
744,648,player,1,98.7,227.6,112.6,275.8,30.66,35.56
744,669,player,1,259.6,194.3,282.0,243.9,81.04,30.13
744,670,player,1,10.4,201.5,36.1,240.1,5.49,29.73
745,6,player,1,230.6,5.0,266.6,52.8,74.12,-1.12
745,9,player,2,156.9,8.4,188.8,52.9,51.23,-1.07
745,7,player,1,85.3,6.1,121.1,53.2,30.12,-0.99
745,8,player,1,20.5,4.6,52.7,53.2,9.93,-0.96
745,10,player,1,294.9,6.1,329.9,53.6,93.36,-1.02
745,630,player,1,58.2,265.7,82.0,314.1,19.72,41.96
745,631,player,1,154.3,224.1,174.8,278.9,48.67,36.02
745,632,player,1,247.3,207.1,266.8,255.0,76.87,31.98
745,633,player,1,288.8,192.6,321.0,262.0,91.44,33.08
745,634,player,1,82.9,230.0,107.4,277.2,27.45,35.81
745,644,player,1,18.6,232.7,42.0,285.3,7.55,37.21
745,648,player,1,100.9,227.2,115.5,277.0,31.46,35.76
745,669,player,1,264.6,194.7,287.4,245.4,82.63,30.37
745,670,player,1,12.7,201.1,39.5,241.5,6.37,29.96
746,6,player,1,230.5,5.0,266.6,52.9,74.1,-1.11
746,9,player,2,156.9,8.4,188.8,52.9,51.23,-1.07
746,7,player,1,85.3,6.0,121.1,53.2,30.12,-0.98
746,8,player,1,20.5,4.6,52.7,53.2,9.92,-0.96
746,10,player,1,294.3,6.0,329.7,53.9,93.24,-0.97
746,630,player,1,65.1,265.0,90.2,314.3,22.04,41.99
746,631,player,1,159.5,223.3,180.3,279.3,50.31,36.07
746,632,player,1,253.0,206.8,272.8,255.3,78.66,32.02
746,633,player,1,295.4,191.6,328.3,262.4,93.56,33.15
746,644,player,1,23.0,235.7,45.6,283.9,8.79,36.98
746,648,player,1,102.0,225.8,116.8,276.2,31.81,35.62
746,669,player,1,271.1,195.1,293.7,246.0,84.58,30.46
746,670,player,1,15.8,200.8,43.4,242.5,7.43,30.12
746,678,player,1,285.9,228.8,315.1,284.2,90.12,36.76
746,680,player,1,0.3,264.5,7.8,301.1,-0.54,39.86
747,6,player,1,230.5,5.0,266.6,52.9,74.09,-1.1
747,9,player,2,156.9,8.3,188.8,52.9,51.23,-1.07
747,7,player,1,85.3,6.0,121.1,53.3,30.13,-0.98
747,8,player,1,20.4,4.6,52.7,53.2,9.92,-0.96
747,630,player,1,67.4,264.8,93.5,314.4,22.9,42.0
747,631,player,1,161.7,223.0,182.3,279.2,50.94,36.07
747,632,player,1,255.0,206.7,275.1,255.4,79.31,32.03
747,633,player,1,298.0,191.4,331.1,262.6,94.38,33.18
747,644,player,1,22.9,235.9,45.8,283.5,8.81,36.91
747,648,player,1,102.5,226.1,117.2,275.6,31.95,35.52
747,669,player,1,273.3,195.2,295.7,246.1,85.21,30.48
747,670,player,1,17.3,200.7,45.2,242.8,7.95,30.16
747,678,player,1,288.4,228.8,317.7,284.2,90.91,36.75
747,680,player,1,0.3,264.4,7.9,300.9,-0.52,39.84
747,634,player,1,84.7,229.0,110.1,276.5,28.15,35.68
748,6,player,1,230.6,5.0,266.6,52.9,74.12,-1.11
748,9,player,2,157.1,8.3,189.1,52.9,51.3,-1.07
748,7,player,1,85.2,6.0,121.1,53.3,30.12,-0.97
748,8,player,1,20.3,4.6,52.7,53.2,9.89,-0.95
748,630,player,1,72.8,264.5,99.9,314.7,24.71,42.04
748,631,player,1,165.6,222.6,186.4,279.6,52.17,36.13
748,632,player,1,258.6,206.3,279.3,255.6,80.49,32.07
748,633,player,1,297.6,192.1,337.0,277.3,95.25,35.6
748,644,player,1,25.7,233.8,50.3,283.9,9.92,36.97
748,648,player,1,104.9,224.8,120.1,273.9,32.76,35.25
748,669,player,1,278.5,194.9,300.9,246.4,86.79,30.53
748,670,player,1,20.4,200.8,47.9,242.3,8.82,30.08
748,680,player,1,0.0,258.7,7.9,298.9,-0.55,39.51
748,634,player,1,87.8,228.0,115.2,276.8,29.39,35.73
748,10,player,1,294.4,6.0,329.8,53.8,93.27,-0.99
749,6,player,1,230.7,5.0,266.7,52.9,74.14,-1.1
749,9,player,2,156.9,8.3,188.9,52.9,51.25,-1.07
749,7,player,1,85.2,6.0,121.1,53.4,30.11,-0.96
749,8,player,1,20.1,4.5,52.9,54.0,9.88,-0.83
749,630,player,1,80.9,264.6,108.7,315.2,27.29,42.12
749,631,player,1,169.1,222.6,190.1,279.8,53.28,36.16
749,632,player,1,262.6,206.3,283.5,256.0,81.74,32.12
749,633,player,1,306.8,190.8,342.9,268.8,97.51,34.19
749,644,player,1,28.6,234.2,54.1,285.2,10.96,37.19
749,669,player,1,286.1,194.4,308.3,246.4,89.08,30.52
749,680,player,1,0.0,253.4,8.2,297.5,-0.5,39.28
749,634,player,1,89.8,227.0,118.5,275.5,30.21,35.52
749,10,player,1,294.5,6.1,329.7,53.6,93.27,-1.03
750,6,player,1,230.5,5.0,266.6,53.0,74.1,-1.09
750,9,player,2,157.0,8.4,188.9,52.9,51.26,-1.07
750,7,player,1,85.3,6.0,121.2,53.4,30.13,-0.96
750,8,player,1,20.3,4.5,52.7,53.6,9.89,-0.9
750,630,player,1,90.0,264.2,118.2,315.1,30.15,42.09
750,631,player,1,173.5,223.6,194.5,280.4,54.61,36.24
750,632,player,1,267.2,205.9,288.1,256.1,83.15,32.14
750,633,player,1,313.1,209.5,346.7,280.4,99.07,36.1
750,644,player,1,30.4,233.4,57.2,286.2,11.71,37.34
750,669,player,1,292.3,194.0,313.8,245.8,90.86,30.42
750,680,player,1,0.0,250.4,9.4,296.2,-0.32,39.06
750,634,player,1,91.6,226.1,121.6,274.0,30.97,35.26
750,10,player,1,294.4,6.1,329.7,53.6,93.26,-1.03
750,670,player,1,26.3,201.7,53.4,242.7,10.58,30.15
751,6,player,1,230.5,5.0,266.6,53.0,74.11,-1.09
751,9,player,2,157.0,8.4,189.0,53.0,51.27,-1.06
751,7,player,1,85.3,6.0,121.2,53.4,30.14,-0.96
751,8,player,1,20.3,4.6,52.7,53.5,9.89,-0.91
751,630,player,1,99.3,259.3,129.3,314.3,33.28,41.94
751,631,player,1,180.2,223.8,201.0,280.2,56.63,36.2
751,632,player,1,272.1,205.8,292.7,255.5,84.59,32.04
751,644,player,1,34.2,231.9,62.0,286.4,13.02,37.38
751,680,player,2,1.4,248.9,10.8,293.9,0.12,38.68
751,634,player,1,94.3,224.6,125.7,272.9,31.99,35.08
751,10,player,1,294.5,6.1,329.7,53.6,93.27,-1.03
751,670,player,1,29.9,201.9,55.6,241.2,11.46,29.9
752,6,player,1,230.7,5.0,266.7,52.9,74.14,-1.11
752,9,player,2,157.4,8.4,189.5,52.9,51.41,-1.06
752,7,player,1,85.4,6.1,121.2,53.4,30.16,-0.96
752,8,player,1,20.4,4.5,52.8,53.4,9.93,-0.93
752,630,player,1,109.6,261.8,138.0,313.9,36.19,41.86
752,631,player,1,185.1,223.7,206.0,280.1,58.15,36.18
752,632,player,1,277.2,205.6,297.8,256.1,86.13,32.13
752,644,player,1,36.5,230.8,65.3,285.9,13.87,37.29
752,680,player,2,3.0,247.7,13.1,293.0,0.72,38.53
752,634,player,1,96.9,221.8,133.7,278.2,33.62,35.95
752,10,player,1,294.9,6.0,329.9,53.3,93.35,-1.07
752,669,player,1,307.9,193.0,323.9,231.5,94.73,28.05
753,6,player,1,230.7,5.0,266.7,52.8,74.15,-1.12
753,9,player,2,157.6,8.4,189.7,52.9,51.47,-1.07
753,7,player,1,85.4,6.1,121.2,53.4,30.15,-0.96
753,8,player,1,20.5,4.5,52.9,53.4,9.95,-0.93
753,630,player,1,113.5,262.8,141.2,313.7,37.27,41.83
753,631,player,1,186.8,223.7,207.9,280.0,58.7,36.17
753,632,player,1,279.4,205.6,299.9,256.3,86.79,32.16
753,644,player,1,39.6,230.5,68.6,285.9,14.86,37.29
753,680,player,1,3.6,247.4,14.2,292.7,0.98,38.47
753,634,player,1,98.0,220.7,135.7,278.1,34.09,35.93
753,10,player,1,295.1,6.0,330.0,53.2,93.41,-1.09
753,669,player,1,310.6,192.9,325.1,228.1,95.31,27.48
754,6,player,1,230.8,4.9,266.7,52.9,74.17,-1.11
754,9,player,2,157.2,8.4,189.4,53.0,51.37,-1.05
754,7,player,1,85.5,6.1,121.2,53.3,30.16,-0.97
754,8,player,1,20.4,4.6,52.7,53.2,9.91,-0.95
754,631,player,1,191.7,223.0,212.6,280.0,60.15,36.16
754,632,player,1,284.0,205.2,304.5,256.4,88.18,32.17
754,644,player,1,42.2,228.6,71.8,284.1,15.76,36.99
754,680,player,2,4.3,246.8,15.5,292.4,1.29,38.41
754,634,player,1,100.4,218.5,140.3,279.1,35.16,36.09
754,10,player,1,294.9,6.1,329.8,53.3,93.35,-1.07
754,669,player,1,315.9,192.7,330.0,226.9,96.86,27.28
754,670,player,,32.5,203.1,58.5,242.9,12.3,30.17
755,6,player,1,230.7,4.9,266.6,52.8,74.14,-1.12
755,9,player,2,157.1,8.4,189.3,53.1,51.32,-1.03
755,7,player,1,85.4,6.1,121.2,53.4,30.15,-0.96
755,8,player,1,20.4,4.6,52.9,53.5,9.94,-0.92
755,630,player,1,126.4,263.0,153.7,314.8,41.17,42.01
755,631,player,1,197.7,224.0,217.3,279.1,61.79,36.01
755,632,player,1,289.9,205.2,310.6,256.6,90.02,32.2
755,644,player,1,46.5,225.7,77.1,282.3,17.24,36.68
755,680,player,2,5.4,246.1,17.5,291.5,1.77,38.27
755,634,player,1,98.9,216.5,136.2,275.0,34.3,35.41
755,10,player,1,295.9,6.0,331.4,53.4,93.74,-1.05
755,669,player,1,319.6,192.7,338.5,239.2,98.74,29.3
756,6,player,1,230.7,5.0,266.6,52.8,74.13,-1.12
756,9,player,2,157.0,8.4,189.3,53.2,51.31,-1.03
756,7,player,1,85.3,6.1,121.2,53.5,30.15,-0.94
756,8,player,1,20.4,4.6,52.9,53.5,9.93,-0.91
756,631,player,1,203.3,223.8,222.4,278.0,63.41,35.82
756,632,player,1,295.6,205.1,316.5,256.7,91.78,32.21
756,644,player,1,51.1,223.7,81.9,280.1,18.67,36.32
756,680,player,2,6.5,245.4,20.1,292.0,2.33,38.35
756,634,player,1,104.1,213.7,143.6,274.8,36.24,35.38
756,10,player,1,295.0,6.1,330.5,53.6,93.46,-1.01
756,669,player,1,325.3,192.5,345.5,242.9,100.67,29.9
757,6,player,1,230.7,4.9,266.6,52.8,74.13,-1.12
757,9,player,2,157.0,8.3,189.3,53.2,51.31,-1.02
757,7,player,1,85.3,6.0,121.3,53.7,30.15,-0.9
757,630,player,1,141.0,264.4,169.2,318.7,45.77,42.64
757,631,player,1,209.1,220.2,228.4,276.1,65.22,35.5
757,632,player,1,301.0,205.2,322.5,257.4,93.51,32.31
757,644,player,1,53.8,220.8,86.1,280.2,19.73,36.33
757,680,player,2,8.2,245.4,22.6,291.2,2.98,38.21
757,634,player,1,107.4,211.8,146.1,270.2,37.12,34.61
757,10,player,1,294.6,6.1,330.1,53.7,93.35,-1.01
757,669,player,1,330.7,191.4,352.1,244.7,102.49,30.19
757,670,player,,37.7,202.1,66.1,246.5,14.25,30.76
758,6,player,1,230.7,4.9,266.6,52.8,74.13,-1.12
758,9,player,2,157.2,8.4,189.6,53.3,51.4,-1.01
758,7,player,1,85.3,6.1,121.2,53.6,30.14,-0.92
758,631,player,1,213.9,217.5,233.1,274.4,66.67,35.22
758,632,player,1,306.5,205.6,328.4,258.0,95.26,32.42
758,644,player,1,57.2,218.5,89.6,280.0,20.78,36.29
758,680,player,1,10.2,245.0,25.6,292.1,3.74,38.35
758,634,player,1,109.0,210.1,147.8,267.1,37.64,34.1
758,10,player,1,294.8,6.0,330.2,53.7,93.39,-1.0
758,669,player,1,335.8,190.6,357.7,245.2,104.12,30.28
758,670,player,,40.5,200.5,69.1,246.6,15.14,30.78
758,8,player,1,20.2,4.7,52.6,53.5,9.87,-0.91
759,6,player,1,230.7,4.9,266.6,52.8,74.13,-1.12
759,9,player,2,157.3,8.4,189.8,53.3,51.44,-1.01
759,7,player,1,85.3,6.1,121.1,53.6,30.14,-0.92
759,630,player,1,151.1,264.2,179.8,319.7,48.94,42.79
759,631,player,1,215.9,216.6,234.9,273.9,67.26,35.12
759,632,player,1,308.6,205.8,330.8,258.3,95.92,32.46
759,644,player,1,58.1,217.6,90.3,280.1,21.03,36.31
759,680,player,1,10.8,244.8,27.0,292.2,4.05,38.38
759,634,player,1,109.3,209.6,148.6,266.0,37.8,33.91
759,10,player,1,294.9,6.0,330.3,53.8,93.41,-0.99
759,669,player,1,337.9,190.4,359.8,245.4,104.75,30.31
759,670,player,,41.9,199.8,70.1,246.7,15.5,30.79
759,8,player,1,20.2,4.8,52.6,53.5,9.86,-0.91
760,6,player,1,230.7,4.9,266.6,52.8,74.13,-1.12
760,9,player,2,156.9,8.4,189.4,53.5,51.32,-0.98
760,7,player,1,85.3,6.1,121.1,53.6,30.14,-0.93
760,630,player,1,156.9,263.6,186.1,319.9,50.78,42.82
760,631,player,1,219.5,215.9,238.1,273.1,68.28,35.0
760,632,player,1,312.7,206.1,334.9,258.5,97.18,32.49
760,644,player,1,60.4,217.6,91.6,279.7,21.58,36.23
760,680,player,1,12.6,244.1,29.3,292.0,4.69,38.34
760,634,player,1,109.8,210.3,149.5,266.4,38.02,33.99
760,10,player,1,294.6,6.1,329.9,53.6,93.32,-1.02
760,669,player,1,340.8,190.0,360.0,245.5,105.23,30.32
760,670,player,,44.6,199.7,71.8,246.1,16.18,30.68
760,8,player,1,20.4,4.8,53.0,53.8,9.95,-0.87
761,6,player,1,230.8,5.0,266.6,52.8,74.14,-1.13
761,9,player,2,156.8,8.5,189.2,53.5,51.27,-0.97
761,7,player,1,85.3,6.1,121.1,53.5,30.13,-0.94
761,630,player,1,164.1,263.2,193.1,319.4,52.96,42.72
761,631,player,1,223.9,214.8,242.1,271.5,69.56,34.72
761,632,player,1,317.4,206.2,339.7,258.7,98.63,32.52
761,644,player,1,62.4,216.1,94.3,279.8,22.31,36.26
761,680,player,1,15.4,243.5,31.8,289.5,5.49,37.92
761,634,player,1,109.5,210.6,151.4,269.1,38.26,34.42
761,670,player,,46.2,199.0,73.0,245.8,16.6,30.63
761,8,player,1,20.3,4.6,52.9,53.6,9.92,-0.9
762,6,player,1,230.8,5.0,266.6,52.7,74.14,-1.14
762,9,player,2,156.8,8.4,189.2,53.5,51.28,-0.97
762,7,player,1,85.3,6.0,121.1,53.7,30.14,-0.91
762,630,player,1,171.7,263.0,200.8,319.6,55.31,42.75
762,631,player,1,229.0,213.8,247.0,270.7,71.09,34.59
762,632,player,1,322.3,206.0,344.2,258.5,100.05,32.48
762,644,player,1,66.2,215.5,99.0,279.9,23.6,36.27
762,680,player,1,17.0,243.2,34.0,289.8,6.08,37.97
762,634,player,1,108.3,208.3,153.7,271.3,38.42,34.78
762,670,player,2,47.7,198.8,74.4,246.0,17.06,30.67
762,10,player,1,294.5,6.1,329.8,53.9,93.29,-0.97
763,6,player,1,230.7,5.0,266.6,52.8,74.13,-1.12
763,9,player,2,157.0,8.4,189.4,53.5,51.34,-0.98
763,7,player,1,85.2,6.1,121.1,53.8,30.12,-0.89
763,630,player,1,180.4,264.0,209.4,320.8,57.95,42.93
763,631,player,1,232.6,213.4,250.5,270.5,72.17,34.55
763,632,player,1,326.9,205.7,348.2,257.8,101.36,32.37
763,644,player,1,66.6,215.1,99.6,280.2,23.76,36.31
763,680,player,1,17.9,243.1,36.7,294.3,6.63,38.71
763,634,player,1,109.0,208.8,155.3,271.9,38.78,34.89
763,670,player,2,47.7,198.7,74.7,246.8,17.1,30.81
763,8,player,1,20.3,4.5,53.0,53.6,9.94,-0.89
764,6,player,1,230.8,5.0,266.5,52.7,74.13,-1.13
764,9,player,2,157.1,8.4,189.5,53.5,51.36,-0.97
764,7,player,1,85.4,6.1,121.1,53.7,30.14,-0.9
764,630,player,1,188.7,264.9,218.2,322.9,60.57,43.27
764,631,player,1,236.6,213.5,254.3,270.2,73.35,34.5
764,632,player,1,331.8,205.2,352.9,258.0,102.82,32.38
764,680,player,1,18.8,243.3,38.5,296.1,7.03,39.01
764,670,player,2,47.6,198.8,75.6,248.5,17.22,31.09
764,8,player,1,20.3,4.6,53.0,53.8,9.93,-0.87
764,10,player,1,294.3,6.0,329.7,54.0,93.24,-0.95
765,6,player,1,230.8,5.0,266.5,52.7,74.13,-1.13
765,9,player,2,157.1,8.4,189.4,53.4,51.34,-0.98
765,7,player,1,85.4,6.1,121.2,53.8,30.15,-0.9
765,630,player,1,191.8,265.2,221.5,323.6,61.54,43.39
765,631,player,1,238.0,213.5,255.7,270.1,73.77,34.47
765,632,player,1,333.7,205.0,354.4,258.1,103.33,32.4
765,680,player,1,19.2,243.3,39.2,295.4,7.21,38.89
765,670,player,2,47.7,198.9,76.4,249.2,17.36,31.19
765,8,player,1,20.3,4.7,53.0,54.0,9.94,-0.83
765,714,player,2,195.4,84.3,218.2,112.8,61.51,8.66
765,10,player,1,294.6,6.0,329.8,53.9,93.29,-0.97
765,644,player,1,71.9,216.8,103.5,279.8,25.18,36.24
765,634,player,1,118.4,224.2,154.6,270.6,40.11,34.68
766,6,player,1,230.7,5.0,266.5,52.7,74.12,-1.14
766,9,player,2,157.2,8.4,189.5,53.3,51.38,-1.0
766,7,player,1,85.4,6.1,121.1,53.6,30.14,-0.93
766,630,player,1,198.1,265.9,228.0,324.3,63.51,43.51
766,631,player,1,241.6,213.9,259.3,270.4,74.88,34.53
766,632,player,1,338.0,204.7,358.3,258.2,104.58,32.42
766,680,player,1,20.2,243.6,40.5,294.7,7.57,38.78
766,8,player,1,20.5,4.6,53.3,53.9,10.0,-0.85
766,714,player,2,199.9,83.9,222.7,112.3,62.89,8.58
766,10,player,1,294.6,6.0,329.6,53.7,93.26,-1.0
766,644,player,1,74.2,216.5,105.8,279.8,25.87,36.24
766,634,player,1,116.1,218.0,157.2,269.9,40.16,34.56
767,6,player,1,230.7,5.0,266.6,52.9,74.13,-1.11
767,9,player,2,157.2,8.4,189.5,53.3,51.37,-1.01
767,7,player,1,85.4,6.1,121.0,53.5,30.14,-0.94
767,630,player,1,205.9,267.4,235.9,325.1,65.9,43.62
767,631,player,1,245.3,214.8,263.1,270.7,76.02,34.57
767,632,player,1,343.0,205.3,360.0,259.6,105.59,32.64
767,680,player,1,20.9,242.8,41.5,293.0,7.83,38.5
767,8,player,1,20.5,4.6,53.2,53.7,9.98,-0.89
767,714,player,2,206.2,83.4,229.3,112.1,64.83,8.55
767,10,player,1,294.9,6.1,329.7,53.6,93.34,-1.02
767,644,player,1,78.9,220.8,108.3,279.0,26.98,36.11
767,634,player,1,117.1,216.4,160.5,270.1,40.8,34.59
767,670,player,2,52.7,199.2,81.0,249.5,18.83,31.25
768,6,player,1,230.7,5.0,266.6,52.9,74.13,-1.1
768,9,player,2,157.2,8.4,189.3,53.2,51.34,-1.02
768,7,player,1,85.4,6.1,121.1,53.5,30.14,-0.94
768,630,player,1,212.9,269.0,243.2,325.9,68.08,43.75
768,631,player,1,250.5,215.7,268.4,271.3,77.61,34.66
768,680,player,1,22.5,243.0,43.7,292.7,8.41,38.45
768,8,player,1,20.5,4.7,53.2,53.5,10.0,-0.9
768,714,player,2,212.4,83.1,235.6,112.0,66.72,8.53
768,10,player,1,295.1,6.1,329.7,53.4,93.35,-1.04
768,644,player,1,82.2,221.7,111.7,279.5,27.99,36.19
768,634,player,1,120.9,215.8,164.6,269.3,42.01,34.45
768,670,player,2,58.0,199.6,86.1,249.7,20.42,31.27
769,6,player,1,230.7,5.0,266.6,53.0,74.13,-1.09
769,9,player,2,157.2,8.4,189.3,53.2,51.35,-1.02
769,7,player,1,85.4,6.1,121.0,53.5,30.13,-0.94
769,630,player,1,218.8,271.0,249.6,327.7,69.96,44.05
769,631,player,1,255.6,216.2,273.7,271.5,79.2,34.7
769,680,player,1,25.9,243.1,47.6,292.2,9.53,38.35
769,8,player,1,20.5,4.6,53.1,53.3,9.97,-0.94
769,10,player,1,295.0,6.1,329.8,53.8,93.37,-0.99
769,644,player,1,85.5,222.4,115.8,281.0,29.12,36.43
769,670,player,2,60.5,199.5,88.5,249.1,21.17,31.18
770,6,player,1,230.7,5.0,266.6,52.9,74.14,-1.1
770,9,player,2,157.1,8.4,189.2,53.2,51.32,-1.02
770,7,player,1,85.5,6.1,120.9,53.3,30.13,-0.98
770,630,player,1,225.5,271.8,256.5,328.4,72.05,44.15
770,631,player,1,260.8,215.5,278.9,270.3,80.79,34.49
770,680,player,1,29.6,243.4,51.5,291.8,10.7,38.29
770,8,player,1,20.2,4.6,52.8,53.4,9.89,-0.93
770,10,player,1,295.0,6.1,329.7,53.7,93.35,-1.0
770,644,player,1,88.5,223.1,119.4,282.1,30.14,36.61
770,717,player,1,0.5,257.8,15.7,313.2,0.7,41.88
771,6,player,1,230.8,5.0,266.6,52.9,74.14,-1.1
771,9,player,2,157.1,8.5,189.2,53.3,51.32,-1.01
771,7,player,1,85.5,6.1,120.9,53.2,30.13,-0.99
771,630,player,1,227.7,272.1,259.0,328.7,72.76,44.19
771,631,player,1,262.5,215.3,280.8,269.9,81.33,34.41
771,680,player,1,30.8,243.5,53.1,291.7,11.13,38.26
771,8,player,1,20.1,4.6,52.7,53.4,9.86,-0.93
771,10,player,1,295.0,6.1,329.7,53.7,93.34,-1.0
771,644,player,1,89.5,223.3,120.6,282.5,30.48,36.67
771,717,player,1,0.6,257.5,15.9,313.3,0.74,41.9
771,718,player,,68.1,226.0,76.3,256.3,20.44,32.37
772,6,player,1,230.7,5.0,266.6,52.9,74.14,-1.1
772,9,player,2,157.3,8.4,189.4,53.0,51.37,-1.05
772,7,player,1,85.4,6.1,120.9,53.3,30.13,-0.98
772,630,player,1,233.2,271.7,265.0,328.9,74.53,44.22
772,631,player,1,266.4,214.2,284.9,269.2,82.54,34.31
772,680,player,1,33.7,241.7,57.0,291.1,12.17,38.17
772,8,player,1,20.1,4.6,52.7,53.4,9.87,-0.93
772,10,player,1,294.7,6.1,329.3,53.7,93.24,-1.01
772,644,player,1,91.4,223.8,122.2,283.5,31.01,36.84
772,717,player,1,1.0,254.7,17.2,313.6,0.99,41.94
772,670,player,2,65.7,194.0,96.5,248.0,23.18,30.98
773,6,player,1,230.8,5.0,266.6,52.9,74.15,-1.1
773,9,player,2,157.2,8.5,189.2,53.0,51.33,-1.06
773,7,player,1,85.3,6.1,121.0,53.5,30.12,-0.94
773,630,player,1,241.2,270.8,273.5,329.0,77.03,44.22
773,631,player,1,270.8,213.1,289.2,268.5,83.88,34.18
773,680,player,1,37.0,240.3,60.4,289.7,13.2,37.93
773,8,player,1,20.2,4.5,52.8,53.4,9.88,-0.92
773,10,player,1,294.4,6.1,329.2,53.9,93.18,-0.97
773,644,player,1,96.6,221.9,128.3,283.3,32.74,36.8
773,717,player,1,0.2,252.2,17.0,313.0,0.84,41.84
773,719,player,1,114.7,226.9,131.0,281.0,35.93,36.4
773,670,player,2,63.0,190.0,94.4,247.5,22.45,30.9
773,634,player,1,142.1,236.3,171.8,270.0,46.34,34.54
774,6,player,1,230.8,5.0,266.6,52.9,74.16,-1.1
774,9,player,2,157.1,8.4,189.2,53.0,51.32,-1.06
774,7,player,1,85.4,6.1,121.1,53.5,30.14,-0.94
774,630,player,1,249.6,269.8,282.0,329.0,79.61,44.22
774,631,player,1,275.1,211.5,293.9,268.3,85.24,34.14
774,680,player,1,38.6,238.5,63.0,291.1,13.84,38.16
774,8,player,1,20.1,4.5,52.9,53.7,9.89,-0.88
774,10,player,1,294.4,6.1,329.2,54.0,93.18,-0.96
774,644,player,1,102.4,223.1,134.0,282.8,34.5,36.72
774,717,player,1,0.4,249.2,17.8,312.4,0.99,41.74
774,670,player,2,66.1,189.7,95.8,245.5,23.14,30.58
774,634,player,1,146.0,236.4,176.0,269.1,47.59,34.4
775,6,player,1,230.9,5.0,266.6,52.8,74.17,-1.11
775,9,player,2,157.0,8.5,189.1,53.1,51.29,-1.05
775,7,player,1,85.3,6.1,121.1,53.6,30.13,-0.93
775,630,player,1,257.5,269.7,290.1,330.2,82.06,44.41
775,631,player,1,279.0,210.3,297.9,268.1,86.45,34.11
775,680,player,1,40.7,236.0,66.7,292.3,14.73,38.35
775,8,player,1,20.3,4.5,52.8,53.3,9.89,-0.94
775,10,player,1,294.9,6.1,329.6,53.8,93.31,-0.99
775,644,player,1,105.9,223.7,138.5,284.3,35.72,36.95
775,717,player,1,1.1,247.9,18.9,311.7,1.28,41.62
775,634,player,1,149.8,235.2,181.6,270.4,49.04,34.61
775,719,player,1,122.2,225.9,138.9,280.5,38.27,36.32
776,6,player,1,230.9,5.0,266.7,52.9,74.17,-1.11
776,9,player,2,157.2,8.4,189.5,53.1,51.38,-1.04
776,7,player,1,85.3,6.1,121.1,53.7,30.13,-0.9
776,630,player,1,264.2,269.9,297.1,331.3,84.15,44.59
776,631,player,1,283.4,209.9,302.0,267.8,87.73,34.06
776,680,player,1,42.2,235.8,68.5,293.4,15.22,38.54
776,10,player,1,294.8,6.1,329.5,53.9,93.29,-0.97
776,644,player,1,107.9,223.3,141.8,285.2,36.54,37.1
776,634,player,1,151.5,234.0,185.7,273.1,49.91,35.06
776,719,player,1,125.0,218.0,144.5,281.6,39.57,36.5
776,670,player,2,71.0,196.4,96.5,246.1,23.99,30.67
777,6,player,1,230.9,5.0,266.7,52.9,74.18,-1.1
777,9,player,2,157.3,8.4,189.7,53.1,51.43,-1.04
777,7,player,1,85.3,6.2,121.1,53.9,30.13,-0.88
777,630,player,1,266.6,269.9,299.5,331.7,84.87,44.65
777,631,player,1,285.1,209.8,303.2,267.8,88.18,34.05
777,680,player,1,42.7,235.7,69.0,293.9,15.39,38.61
777,10,player,1,294.8,6.1,329.5,53.9,93.29,-0.96
777,644,player,1,108.4,223.1,143.1,285.5,36.82,37.15
777,634,player,1,152.3,233.5,186.8,274.1,50.21,35.23
777,719,player,1,125.9,215.4,146.4,281.9,39.99,36.55
777,670,player,2,72.2,198.1,96.0,246.3,24.1,30.7
778,6,player,1,230.9,5.0,266.7,52.9,74.17,-1.11
778,9,player,2,157.7,8.4,190.3,53.2,51.56,-1.03
778,7,player,1,85.3,6.1,121.1,53.8,30.14,-0.9
778,630,player,1,271.3,270.7,304.3,332.9,86.34,44.85
778,631,player,1,287.7,209.6,305.7,268.0,88.97,34.08
778,680,player,1,45.4,236.4,71.5,294.2,16.19,38.67
778,10,player,1,294.9,6.1,329.5,53.8,93.29,-0.98
778,644,player,1,108.8,224.4,144.1,286.7,37.03,37.35
778,634,player,1,154.1,232.6,188.7,274.8,50.77,35.33
778,719,player,1,129.7,221.7,148.5,281.5,40.88,36.48
778,8,player,1,20.4,4.6,52.6,53.1,9.89,-0.98
778,717,player,1,3.5,253.6,20.2,311.3,1.84,41.55
779,6,player,1,230.9,5.0,266.6,52.9,74.16,-1.11
779,9,player,2,157.8,8.4,190.6,53.2,51.63,-1.03
779,7,player,1,85.4,6.1,121.2,53.7,30.16,-0.91
779,630,player,1,277.2,271.6,310.2,333.6,88.15,44.95
779,631,player,1,288.2,209.6,306.7,268.2,89.17,34.12
779,680,player,1,46.9,236.9,73.4,294.9,16.69,38.79
779,10,player,1,294.8,6.1,329.6,54.1,93.31,-0.94
779,644,player,1,109.9,223.8,146.9,287.2,37.62,37.42
779,634,player,1,157.9,230.6,189.1,269.7,51.41,34.48
779,719,player,1,133.3,222.4,152.3,281.6,42.02,36.48
779,8,player,1,20.5,4.7,52.9,53.2,9.96,-0.96
779,717,player,1,4.0,254.5,21.0,310.6,2.05,41.44
779,670,player,2,77.0,206.1,97.9,249.2,25.12,31.18
780,6,player,1,230.9,5.0,266.6,52.9,74.16,-1.1
780,9,player,2,157.2,8.5,189.9,53.2,51.43,-1.03
780,7,player,1,85.6,6.1,121.2,53.5,30.18,-0.94
780,630,player,1,282.5,273.0,316.1,335.4,89.85,45.25
780,631,player,1,289.3,210.4,308.4,268.7,89.61,34.2
780,680,player,1,47.6,237.6,74.2,294.8,16.94,38.75
780,10,player,1,294.8,6.1,329.5,54.2,93.29,-0.93
780,644,player,1,109.1,223.5,146.4,287.3,37.42,37.44
780,634,player,1,160.8,229.1,190.3,267.3,52.04,34.08
780,719,player,1,137.7,225.9,155.9,281.8,43.26,36.52
780,8,player,1,20.7,4.5,53.2,53.2,10.02,-0.96
780,717,player,1,4.0,252.0,22.1,309.8,2.22,41.31
781,6,player,1,230.8,5.0,266.6,53.0,74.15,-1.09
781,9,player,2,156.9,8.4,189.4,53.0,51.31,-1.05
781,7,player,1,85.5,6.0,121.2,53.5,30.18,-0.94
781,630,player,1,286.0,274.7,320.7,338.2,91.1,45.71
781,631,player,1,291.5,210.7,311.1,269.3,90.36,34.29
781,680,player,1,47.9,238.7,75.1,295.5,17.11,38.88
781,10,player,1,294.9,6.1,329.6,54.3,93.32,-0.91
781,644,player,1,112.3,225.2,149.0,286.9,38.31,37.37
781,634,player,1,162.4,228.3,190.9,266.4,52.38,33.93
781,719,player,1,140.6,227.7,158.4,282.1,44.08,36.56
781,8,player,1,20.7,4.5,53.3,53.2,10.03,-0.96
781,717,player,1,3.5,249.9,23.1,310.8,2.28,41.48
782,6,player,1,230.8,5.0,266.6,53.0,74.15,-1.08
782,9,player,2,156.8,8.5,189.1,52.9,51.26,-1.07
782,7,player,1,85.5,6.1,121.1,53.5,30.16,-0.94
782,630,player,1,290.5,276.9,325.4,340.1,92.49,46.02
782,631,player,1,293.4,210.8,312.9,269.0,90.91,34.24
782,680,player,1,47.8,239.3,75.5,295.6,17.15,38.89
782,10,player,1,296.8,6.0,332.3,54.5,94.01,-0.87
782,644,player,1,112.8,226.8,148.6,287.1,38.32,37.41
782,634,player,1,164.1,228.5,191.4,266.1,52.71,33.88
782,719,player,1,142.0,223.8,161.0,282.0,44.7,36.54
782,8,player,1,20.6,4.4,53.4,53.3,10.04,-0.94
782,717,player,1,3.1,248.4,23.7,311.1,2.32,41.53
783,6,player,1,230.8,5.0,266.6,53.1,74.15,-1.07
783,9,player,2,156.7,8.5,189.0,52.9,51.24,-1.08
783,7,player,1,85.5,6.1,121.1,53.5,30.15,-0.94
783,630,player,1,291.8,277.7,327.1,340.8,92.95,46.13
783,631,player,1,293.9,210.9,313.4,268.9,91.08,34.22
783,680,player,1,47.5,239.6,75.7,295.6,17.15,38.89
783,10,player,1,295.7,6.1,330.9,54.5,93.63,-0.87
783,644,player,1,112.9,227.4,148.4,287.1,38.3,37.42
783,634,player,1,164.9,228.5,191.2,266.0,52.8,33.86
783,719,player,1,142.5,222.5,161.9,281.9,44.9,36.53
783,8,player,1,21.5,4.6,54.6,53.5,10.37,-0.92
783,717,player,1,2.8,247.8,24.1,311.3,2.34,41.55
783,730,player,1,75.9,227.3,108.2,256.4,26.53,32.36
784,6,player,1,230.8,5.0,266.6,53.1,74.14,-1.07
784,9,player,2,156.9,8.5,189.3,52.9,51.31,-1.07
784,7,player,1,85.5,6.1,121.1,53.4,30.16,-0.95
784,630,player,1,294.8,278.7,329.9,340.6,93.84,46.1
784,631,player,1,294.3,210.0,313.9,267.5,91.21,34.0
784,680,player,1,47.7,240.0,75.9,295.0,17.2,38.8
784,10,player,1,295.3,6.1,330.4,54.5,93.5,-0.87
784,644,player,1,113.1,226.5,148.3,286.5,38.33,37.31
784,634,player,1,165.3,227.5,191.6,266.2,52.92,33.91
784,719,player,1,144.7,221.5,164.4,282.1,45.61,36.55
784,8,player,1,20.7,4.5,53.8,53.4,10.11,-0.93
784,717,player,1,2.6,248.4,24.2,311.2,2.32,41.53
785,6,player,1,230.8,5.0,266.6,53.2,74.14,-1.06
785,9,player,2,157.0,8.5,189.3,52.9,51.31,-1.07
785,7,player,1,85.5,6.1,121.1,53.3,30.16,-0.97
785,630,player,1,298.2,279.1,333.3,340.7,94.87,46.1
785,631,player,1,294.9,208.9,314.1,266.1,91.32,33.77
785,680,player,1,47.2,240.3,74.9,294.3,16.97,38.68
785,10,player,1,295.0,6.1,330.1,54.6,93.41,-0.86
785,644,player,1,114.7,225.9,149.0,284.4,38.68,36.96
785,634,player,1,166.2,226.9,192.1,265.8,53.12,33.83
785,719,player,1,145.8,220.8,165.4,281.3,45.95,36.42
785,8,player,1,20.4,4.6,53.4,53.4,10.01,-0.92
785,717,player,1,2.4,249.8,23.8,310.9,2.23,41.49
786,6,player,1,230.8,5.0,266.6,53.1,74.15,-1.08
786,9,player,2,156.9,8.5,189.2,52.9,51.28,-1.07
786,7,player,1,85.5,6.1,121.0,53.2,30.15,-0.98
786,630,player,1,301.1,278.8,336.3,341.1,95.78,46.17
786,631,player,1,294.5,208.0,313.8,265.2,91.22,33.62
786,680,player,1,47.4,242.4,73.8,294.0,16.84,38.63
786,10,player,1,294.9,6.1,329.9,54.7,93.37,-0.84
786,644,player,1,114.4,224.8,148.0,283.2,38.47,36.76
786,634,player,1,167.4,226.9,192.8,266.0,53.43,33.86
786,719,player,1,148.4,220.4,168.4,281.2,46.79,36.4
786,8,player,1,20.4,4.5,53.4,53.3,10.01,-0.94
786,717,player,1,1.4,250.6,23.8,313.8,2.08,41.97
787,6,player,1,230.9,5.0,266.6,53.0,74.16,-1.09
787,9,player,2,157.0,8.4,189.3,53.0,51.32,-1.06
787,7,player,1,85.5,6.1,121.1,53.3,30.17,-0.98
787,630,player,1,304.3,278.3,339.7,341.1,96.78,46.16
787,631,player,1,294.6,205.9,314.4,264.2,91.32,33.45
787,680,player,1,47.3,239.9,74.4,293.8,16.93,38.6
787,10,player,1,295.0,6.1,329.8,54.6,93.36,-0.86
787,644,player,1,115.0,223.7,148.2,282.5,38.6,36.65
787,634,player,1,167.1,227.1,192.5,266.5,53.33,33.95
787,719,player,1,150.0,220.7,170.2,281.1,47.3,36.39
787,8,player,1,20.4,4.4,53.4,53.4,10.0,-0.94
787,717,player,1,0.5,251.0,23.1,314.9,1.83,42.16
788,6,player,1,230.9,5.0,266.6,53.0,74.16,-1.09
788,9,player,2,157.0,8.5,189.3,53.0,51.31,-1.06
788,7,player,1,85.5,6.1,121.1,53.3,30.15,-0.97
788,630,player,1,306.2,277.5,342.1,341.0,97.43,46.16
788,631,player,1,294.6,205.0,314.7,263.9,91.36,33.4
788,680,player,1,47.6,238.9,74.7,293.8,17.0,38.6
788,10,player,1,295.1,6.1,329.7,54.5,93.35,-0.87
788,644,player,1,116.0,223.7,148.5,282.6,38.81,36.66
788,634,player,1,169.2,227.5,193.9,266.5,53.88,33.95
788,719,player,1,150.0,221.1,170.2,281.3,47.3,36.42
788,8,player,1,20.5,4.4,53.5,53.4,10.03,-0.93
788,717,player,1,0.0,251.1,21.3,312.8,1.48,41.81
788,735,player,1,84.5,231.7,122.7,268.1,30.05,34.3
789,6,player,1,230.9,5.0,266.6,52.9,74.16,-1.1
789,9,player,2,157.0,8.5,189.2,53.0,51.3,-1.05
789,7,player,1,85.5,6.1,121.1,53.3,30.15,-0.97
789,630,player,1,306.8,277.2,342.8,341.0,97.63,46.15
789,631,player,1,294.4,204.7,314.8,263.8,91.35,33.39
789,680,player,1,47.7,238.5,74.6,293.8,17.02,38.6
789,10,player,1,295.1,6.1,329.6,54.5,93.35,-0.87
789,644,player,1,116.5,223.7,148.5,282.6,38.87,36.66
789,634,player,1,170.1,227.6,194.3,266.5,54.07,33.95
789,719,player,1,149.9,221.3,170.1,281.4,47.27,36.44
789,8,player,1,20.5,4.4,53.5,53.4,10.04,-0.93
789,717,player,1,0.0,251.1,20.6,312.0,1.36,41.68
789,735,player,1,84.3,231.7,122.6,268.2,29.99,34.3
790,6,player,1,230.9,5.0,266.6,53.0,74.16,-1.09
790,9,player,2,157.1,8.5,189.3,52.9,51.33,-1.06
790,7,player,1,85.5,6.1,121.1,53.2,30.16,-0.99
790,630,player,1,308.4,277.0,344.6,340.9,98.15,46.13
790,631,player,1,294.7,204.6,314.7,262.3,91.37,33.14
790,680,player,1,48.2,238.2,74.7,293.6,17.1,38.56
790,10,player,1,295.2,6.1,329.6,54.5,93.37,-0.87
790,644,player,1,117.4,223.5,149.1,283.2,39.1,36.76
790,634,player,1,172.5,228.1,196.0,267.0,54.69,34.02
790,719,player,1,150.5,222.7,170.3,281.7,47.4,36.48
790,8,player,1,20.5,4.4,53.5,53.4,10.05,-0.93
790,717,player,1,0.0,250.9,19.0,311.6,1.12,41.62
790,735,player,1,83.1,231.8,121.9,268.6,29.72,34.37
791,6,player,1,230.9,5.0,266.5,52.9,74.16,-1.1
791,9,player,2,157.0,8.5,189.2,53.0,51.3,-1.06
791,7,player,1,85.5,6.1,121.1,53.3,30.17,-0.98
791,630,player,1,309.3,276.8,345.7,340.8,98.46,46.11
791,631,player,1,294.4,204.2,314.4,261.5,91.28,33.0
791,680,player,1,48.5,238.1,74.6,293.4,17.14,38.53
791,10,player,1,295.2,6.1,329.5,54.3,93.35,-0.9
791,644,player,1,117.8,223.5,149.2,283.9,39.19,36.87
791,634,player,1,173.5,227.9,196.8,267.2,54.97,34.06
791,719,player,1,151.9,225.6,170.9,281.4,47.71,36.44
791,8,player,1,20.7,4.4,53.7,53.4,10.1,-0.93
791,717,player,1,0.0,250.9,17.0,312.7,0.81,41.79
791,735,player,1,81.7,231.3,121.0,268.4,29.36,34.34
792,6,player,1,231.0,5.0,266.5,52.9,74.16,-1.1
792,9,player,2,156.9,8.5,189.1,53.0,51.26,-1.05
792,7,player,1,85.5,6.1,121.2,53.4,30.17,-0.97
792,630,player,1,310.0,276.8,346.5,340.8,98.69,46.1
792,631,player,1,293.5,203.7,313.5,259.9,91.02,32.75
792,680,player,1,48.7,237.9,74.5,293.2,17.16,38.5
792,10,player,1,295.2,6.1,329.4,54.4,93.33,-0.9
792,644,player,1,118.4,223.5,149.0,284.1,39.24,36.91
792,634,player,1,174.8,227.7,197.8,267.3,55.31,34.08
792,719,player,1,152.1,222.6,172.2,281.3,47.94,36.42
792,8,player,1,20.9,4.4,54.0,53.4,10.17,-0.93
792,735,player,1,80.6,230.8,120.5,268.2,29.11,34.31
793,6,player,1,230.9,5.0,266.5,52.9,74.15,-1.1
793,9,player,2,156.9,8.5,189.0,53.1,51.25,-1.04
793,7,player,1,85.5,6.1,121.2,53.2,30.17,-0.99
793,630,player,1,311.2,277.2,348.0,341.1,99.11,46.16
793,631,player,1,292.1,203.9,312.6,260.0,90.66,32.76
793,680,player,1,49.0,237.9,74.2,292.8,17.16,38.43
793,10,player,1,295.3,6.1,329.6,54.5,93.38,-0.88
793,644,player,1,118.6,223.4,148.5,284.1,39.19,36.91
793,634,player,1,176.0,227.6,198.5,267.3,55.61,34.08
793,719,player,1,152.6,220.5,173.5,281.4,48.21,36.43
793,8,player,1,20.9,4.4,54.1,53.3,10.2,-0.94
793,735,player,1,79.6,230.7,119.8,267.5,28.84,34.2
793,717,player,1,0.0,248.5,15.8,312.1,0.62,41.7
794,6,player,1,230.6,5.1,266.3,53.1,74.08,-1.07
794,7,player,1,81.1,6.2,125.6,66.7,30.17,1.2
794,10,player,1,295.5,6.1,329.7,54.3,93.42,-0.9
794,8,player,1,20.4,4.6,53.7,53.9,10.06,-0.85
795,6,player,1,230.6,5.1,266.4,53.2,74.09,-1.06
795,7,player,1,83.6,6.2,123.0,59.5,30.15,0.04
795,8,player,1,20.2,4.6,53.6,53.8,10.02,-0.85
795,737,player,1,18.0,197.3,105.3,368.3,17.06,51.01
795,740,player,1,114.8,238.9,285.3,436.7,59.56,62.28
795,9,player,2,156.9,8.5,189.2,53.4,51.29,-0.99
795,630,player,1,300.5,274.6,360.0,410.2,99.44,57.67
796,6,player,1,230.5,5.0,266.4,53.1,74.07,-1.08
796,7,player,1,84.9,6.2,121.8,56.0,30.17,-0.53
796,8,player,1,20.0,4.5,53.2,53.7,9.93,-0.87
796,737,player,1,5.2,196.2,93.0,368.3,13.18,51.03
796,740,player,1,104.3,236.6,277.4,437.6,56.72,62.44
796,9,player,2,151.1,8.8,205.1,85.8,52.81,4.28
796,630,player,1,298.1,279.3,360.0,425.0,99.09,60.15
796,10,player,1,294.2,6.1,328.7,54.3,93.09,-0.9
797,6,player,1,230.5,5.0,266.6,53.1,74.1,-1.07
797,7,player,1,85.3,6.0,121.4,54.8,30.17,-0.74
797,8,player,1,20.1,4.5,53.4,53.8,9.96,-0.86
797,737,player,1,0.0,194.8,82.2,368.5,10.73,51.08
797,740,player,1,98.8,259.4,253.4,438.8,52.21,62.68
797,630,player,1,293.1,281.9,360.0,432.1,98.35,61.34
797,10,player,1,294.6,6.1,329.1,54.3,93.19,-0.91
798,6,player,1,229.8,5.0,266.1,53.2,73.92,-1.06
798,7,player,1,85.3,6.1,121.2,54.4,30.13,-0.79
798,8,player,1,20.7,4.6,54.6,54.6,10.23,-0.73
798,737,player,1,0.0,193.5,73.8,369.1,9.44,51.18
798,740,player,1,86.1,237.0,260.8,441.0,51.38,63.05
798,630,player,1,285.6,267.2,360.0,435.3,97.2,61.87
798,9,player,2,140.0,9.4,199.5,96.7,50.3,6.06
799,6,player,1,230.3,5.0,266.6,53.2,74.07,-1.06
799,7,player,1,85.4,6.1,121.1,54.1,30.15,-0.85
799,8,player,1,20.2,4.6,53.9,54.5,10.05,-0.75
799,737,player,1,0.0,192.2,65.8,370.0,8.2,51.32
799,740,player,1,73.9,228.4,254.2,440.3,48.49,62.95
799,630,player,1,278.8,260.6,360.0,436.8,96.16,62.14
799,10,player,1,294.9,6.0,329.4,54.3,93.28,-0.91
800,6,player,1,230.5,5.0,266.8,53.2,74.13,-1.06
800,7,player,1,85.5,6.1,121.2,54.0,30.17,-0.85
800,8,player,1,17.2,4.4,56.4,63.9,9.95,0.78
800,737,player,1,0.0,191.7,62.6,370.3,7.71,51.38
800,740,player,1,70.2,225.1,251.6,440.0,47.52,62.89
800,630,player,1,276.0,257.8,360.0,437.2,95.74,62.21
800,745,player,2,156.8,8.6,189.5,53.4,51.32,-0.99
800,746,player,1,0.0,279.4,19.2,370.0,1.03,51.35
800,10,player,1,295.0,6.0,329.5,54.3,93.31,-0.91
801,6,player,1,230.4,5.0,266.7,53.1,74.1,-1.07
801,7,player,1,85.5,6.0,120.9,53.6,30.13,-0.93
801,8,player,1,19.0,4.5,54.5,58.3,9.96,-0.13
801,740,player,1,63.2,220.9,246.9,440.1,45.72,62.92
801,630,player,1,269.3,236.4,360.0,437.1,94.71,62.19
801,745,player,2,156.7,8.5,189.4,53.3,51.29,-1.0
801,10,player,1,294.5,6.1,329.4,54.2,93.23,-0.93
802,6,player,1,230.6,5.0,266.8,53.1,74.13,-1.07
802,7,player,1,85.3,6.1,120.8,53.5,30.09,-0.94
802,8,player,1,19.7,4.6,53.4,55.5,9.9,-0.59
802,740,player,1,56.8,216.6,243.3,441.3,44.2,63.14
802,630,player,1,268.3,250.1,360.0,437.5,94.57,62.27
802,10,player,1,294.6,6.1,329.5,54.3,93.26,-0.91
803,6,player,1,230.7,5.0,266.8,52.8,74.17,-1.11
803,7,player,1,85.4,6.1,120.8,53.4,30.1,-0.96
803,8,player,1,20.2,4.4,53.4,54.7,9.98,-0.72
803,740,player,1,48.9,215.4,234.7,440.9,41.65,63.06
803,630,player,1,262.6,250.6,357.4,437.3,93.29,62.23
803,10,player,1,294.2,6.1,329.0,53.9,93.12,-0.97
803,9,player,2,143.8,9.8,199.8,90.7,50.91,5.09
804,6,player,1,230.3,5.0,266.4,52.7,74.04,-1.13
804,7,player,1,85.4,6.1,120.7,53.1,30.09,-1.0
804,8,player,1,20.6,4.7,54.2,55.1,10.15,-0.65
804,740,player,1,41.0,212.2,226.2,438.4,39.12,62.67
804,630,player,1,259.1,257.1,353.2,437.7,92.12,62.31
804,10,player,1,282.4,6.0,339.6,88.1,92.99,4.59
805,6,player,1,230.0,5.0,266.3,53.0,73.98,-1.1
805,7,player,1,85.6,6.1,120.8,52.9,30.13,-1.04
805,8,player,1,20.4,4.6,53.3,54.0,10.0,-0.83
805,740,player,1,33.7,237.8,193.6,434.7,32.98,62.08
805,630,player,1,243.8,225.0,356.3,439.6,90.24,62.64
805,10,player,1,276.3,5.9,339.9,98.8,92.13,6.32
805,755,player,1,157.1,290.4,212.9,423.9,54.93,60.15
805,9,player,2,142.1,9.5,195.3,88.3,49.98,4.69
806,6,player,1,229.8,5.0,266.3,53.1,73.96,-1.08
806,7,player,1,85.7,6.1,120.8,52.8,30.15,-1.05
806,8,player,1,20.3,4.6,53.0,53.6,9.94,-0.9
806,740,player,1,31.9,248.4,181.0,433.3,30.77,61.84
806,630,player,1,238.0,213.3,357.6,440.5,89.56,62.78
806,10,player,1,273.5,5.9,339.6,103.8,91.68,7.14
806,755,player,1,156.2,291.1,212.1,424.5,54.67,60.26
806,758,player,1,64.7,54.9,102.2,92.9,24.08,5.5
806,9,player,2,142.2,9.2,194.1,87.4,49.79,4.55
807,6,player,1,230.2,5.0,266.6,52.8,74.06,-1.12
807,7,player,1,85.6,6.1,120.9,52.9,30.14,-1.03
807,8,player,1,20.4,4.5,52.9,53.2,9.93,-0.96
807,740,player,1,28.1,220.7,196.8,430.5,32.62,61.37
807,630,player,1,241.8,242.1,350.2,440.3,89.01,62.76
807,10,player,1,267.2,5.9,334.6,105.6,89.98,7.43
807,755,player,2,151.4,294.7,207.0,427.7,53.15,60.8
807,758,player,1,54.3,55.3,91.0,92.4,20.81,5.42
807,759,player,1,294.9,6.1,329.7,54.0,93.34,-0.95
807,745,player,2,158.4,8.5,191.4,53.4,51.84,-0.99
808,6,player,1,229.9,5.0,266.4,53.0,73.98,-1.09
808,7,player,1,85.5,6.1,120.9,53.0,30.14,-1.03
808,8,player,1,20.3,4.5,52.9,53.2,9.93,-0.95
808,740,player,1,56.8,210.4,201.2,391.7,37.73,54.84
808,630,player,1,241.2,255.5,346.6,441.7,88.36,63.0
808,755,player,1,144.4,300.3,199.6,432.8,50.94,61.68
808,758,player,1,40.6,55.2,76.6,91.6,16.54,5.3
808,759,player,1,295.3,6.1,330.6,54.8,93.53,-0.82
808,745,player,2,157.0,8.5,189.9,53.3,51.41,-1.0
809,6,player,1,230.1,5.0,266.6,53.0,74.04,-1.09
809,7,player,1,85.2,6.0,121.2,53.8,30.13,-0.89
809,8,player,1,15.4,4.3,63.5,78.2,10.74,3.12
809,740,player,1,67.8,206.9,202.1,377.7,39.57,52.49
809,630,player,1,236.3,262.1,340.6,442.1,86.69,63.06
809,755,player,1,137.8,303.6,193.5,437.7,48.99,62.5
809,759,player,1,294.6,6.1,330.0,54.8,93.32,-0.82
809,745,player,2,156.7,8.5,189.4,53.1,51.29,-1.03
809,760,player,1,201.4,201.7,339.0,398.3,81.04,55.76
810,6,player,1,217.9,4.9,276.1,84.8,73.67,4.09
810,7,player,1,85.2,5.8,121.5,54.0,30.18,-0.87
810,8,player,1,18.0,4.4,57.7,65.3,10.29,1.01
810,740,player,1,65.1,208.1,193.7,374.8,37.87,52.01
810,630,player,1,226.7,262.5,332.9,442.2,84.04,63.1
810,755,player,1,130.5,307.2,187.2,444.1,46.89,63.58
810,759,player,1,294.7,6.1,330.2,55.0,93.39,-0.79
810,745,player,2,156.6,8.4,189.2,53.1,51.25,-1.03
810,760,player,1,188.8,199.5,326.5,396.6,77.2,55.5
810,758,player,1,13.2,55.4,47.5,90.0,7.95,5.04
811,6,player,1,211.1,4.9,275.1,94.8,72.49,5.71
811,7,player,1,76.0,6.1,125.2,72.9,29.33,2.21
811,8,player,1,19.8,4.5,54.8,57.8,10.13,-0.22
811,740,player,1,24.2,211.0,174.0,404.8,28.53,57.07
811,630,player,1,221.5,265.7,327.2,443.0,82.37,63.24
811,755,player,1,124.1,311.6,180.6,448.9,44.88,64.4
811,759,player,1,294.8,6.1,330.3,55.1,93.4,-0.78
811,745,player,2,156.9,8.5,189.8,53.4,51.38,-0.99
811,760,player,1,182.8,197.5,320.6,394.4,75.38,55.14
812,6,player,1,204.0,4.8,270.9,99.0,70.78,6.4
812,7,player,1,81.2,6.1,122.9,62.5,29.76,0.53
812,8,player,1,20.2,4.5,53.5,55.1,9.99,-0.65
812,740,player,1,36.5,208.4,177.8,393.4,31.01,55.16
812,630,player,1,217.1,266.9,322.4,443.5,80.96,63.32
812,755,player,1,119.0,316.3,175.5,454.8,43.31,65.4
812,759,player,1,294.6,6.1,330.1,55.3,93.35,-0.75
812,745,player,2,156.9,8.4,189.5,53.1,51.32,-1.04
812,760,player,1,169.0,195.6,302.8,387.3,70.53,53.97
812,762,player,1,230.4,5.1,266.7,53.3,74.11,-1.05
812,758,player,1,0.0,55.3,26.5,88.7,2.75,4.84
813,6,player,1,200.9,4.7,269.1,100.7,70.04,6.67
813,7,player,1,83.9,6.0,121.6,57.0,30.0,-0.37
813,8,player,1,20.3,4.4,53.1,54.2,9.95,-0.8
813,740,player,1,42.9,207.5,179.3,388.3,32.24,54.29
813,630,player,1,215.5,267.4,320.6,443.5,80.45,63.34
813,755,player,1,117.4,317.9,173.7,456.8,42.8,65.74
813,759,player,1,294.6,6.1,330.1,55.3,93.34,-0.74
813,745,player,2,156.9,8.4,189.4,53.0,51.31,-1.06
813,760,player,1,165.0,195.0,297.1,385.1,69.05,53.6
813,762,player,1,230.4,5.1,266.7,53.3,74.11,-1.05
813,764,player,1,343.1,273.3,359.9,409.4,105.93,57.52
814,6,player,1,195.3,4.6,264.7,100.7,68.53,6.68
814,7,player,1,85.0,6.1,121.1,54.8,30.09,-0.74
814,740,player,1,41.5,206.1,177.0,387.1,31.68,54.1
814,630,player,1,190.8,263.4,301.9,442.9,73.79,63.26
814,755,player,1,113.0,322.0,169.0,461.1,41.38,66.47
814,759,player,1,294.8,6.1,330.1,55.2,93.38,-0.75
814,745,player,2,157.3,8.5,189.9,53.1,51.46,-1.04
814,760,player,1,161.9,193.6,296.6,386.9,68.5,53.9
814,762,player,1,230.5,5.0,266.7,53.1,74.12,-1.07
814,764,player,1,339.4,264.7,357.4,409.5,104.98,57.54
815,7,player,1,85.3,6.1,120.9,53.9,30.1,-0.87
815,740,player,1,34.4,199.3,173.3,386.0,30.01,53.91
815,630,player,1,178.4,266.0,291.7,443.4,70.32,63.37
815,755,player,1,106.4,327.0,162.3,466.2,39.33,67.34
815,759,player,1,294.7,6.1,329.9,54.9,93.34,-0.81
815,762,player,1,230.5,5.0,266.9,53.4,74.15,-1.03
815,8,player,1,20.3,4.6,52.8,54.0,9.89,-0.82
816,7,player,1,85.6,6.1,120.8,53.4,30.13,-0.96
816,740,player,1,29.2,194.4,171.6,385.8,28.94,53.89
816,630,player,1,169.9,267.3,285.0,443.6,67.97,63.4
816,755,player,1,103.8,332.6,159.1,470.3,38.44,68.04
816,759,player,1,295.1,6.1,330.1,54.7,93.43,-0.85
816,762,player,1,230.4,5.0,266.7,53.2,74.1,-1.05
816,766,player,1,318.2,216.2,358.9,413.0,101.97,58.13
816,8,player,1,20.4,4.6,52.7,53.6,9.91,-0.9
816,745,player,2,156.9,8.5,189.5,53.2,51.33,-1.02
816,760,player,1,144.4,190.4,282.2,391.1,63.61,54.63
817,7,player,1,85.0,6.1,120.7,53.7,30.03,-0.9
817,740,player,1,17.2,189.2,161.2,384.4,25.5,53.67
817,630,player,1,162.1,268.4,279.0,444.2,65.85,63.51
817,755,player,1,100.6,338.3,147.9,452.7,36.22,65.07
817,759,player,1,295.0,6.1,330.1,54.8,93.4,-0.82
817,762,player,1,230.1,5.0,266.7,53.5,74.06,-1.01
817,766,player,1,308.6,184.0,356.4,413.9,100.14,58.28
817,8,player,1,20.4,4.6,52.6,53.6,9.89,-0.89
817,9,player,2,146.2,8.9,200.0,95.4,51.3,5.85
818,7,player,1,85.3,6.1,120.8,53.4,30.08,-0.95
818,740,player,1,6.8,182.6,155.4,386.4,23.01,54.01
818,630,player,1,153.5,268.8,272.5,444.6,63.55,63.59
818,755,player,1,96.5,343.9,141.5,449.5,34.62,64.55
818,759,player,1,294.4,6.1,329.5,54.7,93.23,-0.84
818,762,player,1,230.1,5.0,266.7,53.5,74.05,-1.01
818,766,player,1,304.9,174.3,355.2,415.4,99.38,58.54
818,8,player,1,20.7,4.6,53.2,53.6,10.02,-0.89
818,9,player,2,142.2,8.8,194.4,94.8,49.84,5.76
818,745,player,2,156.5,8.5,189.4,53.7,51.26,-0.94
819,7,player,1,85.3,6.1,120.8,53.3,30.09,-0.98
819,740,player,1,3.4,180.2,152.9,387.1,22.1,54.14
819,630,player,1,149.9,268.9,270.9,444.6,62.74,63.61
819,755,player,1,95.0,345.6,140.0,448.5,34.16,64.38
819,759,player,1,294.2,6.1,329.3,54.7,93.17,-0.84
819,762,player,1,230.1,5.0,266.8,53.5,74.07,-1.01
819,766,player,1,303.9,172.2,355.1,415.9,99.23,58.62
819,8,player,1,20.8,4.6,53.3,53.6,10.05,-0.9
819,9,player,2,140.9,8.8,192.1,94.6,49.31,5.72
819,745,player,2,156.4,8.5,189.3,53.8,51.23,-0.93
820,7,player,1,85.4,6.0,121.0,53.5,30.13,-0.95
820,740,player,1,0.0,178.5,148.8,385.4,20.96,53.86
820,630,player,1,143.2,268.6,266.6,444.7,61.05,63.62
820,755,player,1,89.5,350.6,141.2,467.0,33.47,67.51
820,759,player,1,294.1,6.1,329.4,54.8,93.17,-0.82
820,762,player,1,229.9,5.0,266.5,53.4,73.99,-1.02
820,766,player,1,306.3,210.8,350.6,415.9,98.89,58.63
820,8,player,1,20.6,4.6,53.3,53.6,10.03,-0.89
820,9,player,2,136.5,8.7,188.3,94.4,48.05,5.68
820,745,player,2,156.5,8.5,189.2,53.7,51.23,-0.94
821,7,player,1,85.4,5.9,121.1,53.3,30.15,-0.97
821,740,player,1,0.0,181.9,144.0,384.5,20.21,53.71
821,630,player,1,138.4,269.9,263.7,445.3,59.87,63.73
821,755,player,1,55.5,352.1,117.3,473.8,24.54,68.69
821,762,player,1,229.8,5.0,266.6,53.5,73.99,-1.01
821,766,player,1,305.5,227.0,348.0,416.8,98.38,58.79
821,8,player,1,20.5,4.5,53.1,53.5,9.98,-0.92
821,9,player,2,131.2,8.5,184.7,93.5,46.71,5.55
821,745,player,2,156.4,8.6,189.0,53.8,51.17,-0.92
821,773,player,1,289.9,176.2,358.4,264.6,97.3,33.49
822,7,player,1,85.5,5.8,121.3,53.3,30.19,-0.97
822,740,player,1,0.0,172.2,143.5,379.5,20.14,52.87
822,630,player,1,145.4,270.7,269.8,446.0,61.88,63.84
822,755,player,1,42.1,363.3,107.7,476.7,20.98,69.2
822,762,player,1,229.7,5.0,266.5,53.5,73.97,-1.0
822,766,player,1,302.4,232.3,345.5,417.3,97.52,58.87
822,8,player,1,20.5,4.5,53.1,53.4,9.98,-0.93
822,745,player,2,156.6,8.6,189.3,53.9,51.26,-0.91
822,773,player,1,287.2,177.0,356.6,266.4,96.62,33.79
822,774,player,1,162.9,189.0,225.4,292.7,57.72,38.27
822,775,player,1,285.1,6.2,346.3,82.1,94.4,3.61
823,7,player,1,85.4,6.0,121.1,53.3,30.15,-0.98
823,740,player,1,0.0,165.1,143.6,377.2,20.16,52.49
823,630,player,1,127.7,262.6,261.3,448.0,57.86,64.18
823,755,player,1,34.3,370.4,104.0,478.1,19.2,69.44
823,762,player,1,229.9,5.0,266.7,53.5,74.03,-1.0
823,766,player,1,298.0,234.2,343.3,418.3,96.53,59.04
823,8,player,1,20.5,4.8,53.7,54.2,10.08,-0.8
823,745,player,2,156.8,8.5,189.3,53.6,51.3,-0.96
823,773,player,1,284.4,178.0,355.5,269.1,96.04,34.25
823,759,player,1,294.4,6.1,329.5,54.7,93.23,-0.84
824,7,player,1,85.4,6.1,121.1,53.5,30.14,-0.95
824,740,player,1,0.0,165.2,143.1,381.9,20.08,53.27
824,630,player,1,131.1,265.4,264.2,451.2,58.83,64.72
824,762,player,1,230.2,5.0,266.8,53.2,74.08,-1.06
824,766,player,1,293.4,235.8,341.3,419.3,95.51,59.22
824,8,player,1,20.1,4.7,53.2,53.8,9.93,-0.86
824,745,player,2,157.1,8.5,189.7,53.7,51.38,-0.95
824,773,player,1,281.9,179.3,353.8,270.9,95.4,34.54
824,759,player,1,294.3,6.0,329.4,54.6,93.2,-0.86
825,7,player,1,85.3,6.1,121.1,53.5,30.14,-0.94
825,740,player,1,0.0,165.4,142.6,383.9,20.0,53.6
825,630,player,1,133.0,266.5,265.3,452.4,59.29,64.92
825,762,player,1,230.3,5.0,266.8,53.0,74.1,-1.09
825,766,player,1,291.0,236.2,341.6,419.7,95.19,59.28
825,8,player,1,20.0,4.6,53.0,53.7,9.88,-0.87
825,745,player,2,157.2,8.5,189.8,53.7,51.42,-0.94
825,773,player,1,281.0,179.8,353.5,271.4,95.2,34.63
825,759,player,1,294.3,6.0,329.4,54.5,93.2,-0.87
825,777,player,1,68.3,380.1,138.8,476.1,29.83,69.05
825,778,player,1,84.9,5.5,129.2,90.3,31.28,5.06
826,740,player,1,0.0,168.4,140.2,385.9,19.62,53.94
826,630,player,1,109.0,246.9,257.9,454.8,54.46,65.36
826,762,player,1,230.3,5.0,266.8,53.1,74.1,-1.08
826,766,player,2,286.9,236.4,340.8,420.5,94.44,59.41
826,8,player,1,20.1,4.5,53.0,53.5,9.91,-0.91
826,745,player,2,154.0,8.3,194.7,65.0,51.68,0.9
826,773,player,1,278.5,180.9,351.7,272.5,94.57,34.82
826,759,player,1,294.4,6.0,329.5,54.7,93.22,-0.83
826,777,player,1,63.4,382.7,134.3,479.0,28.37,69.55
826,778,player,1,79.7,5.3,123.8,89.7,29.66,4.97
827,740,player,1,0.0,173.2,136.0,384.5,18.98,53.71
827,630,player,1,117.1,262.6,255.5,456.2,55.35,65.58
827,762,player,1,229.7,4.9,266.5,53.3,73.98,-1.04
827,766,player,2,280.2,236.2,337.4,421.2,92.9,59.53
827,8,player,1,19.9,4.4,53.1,53.9,9.9,-0.84
827,745,player,2,155.6,8.5,191.8,59.0,51.48,-0.08
827,773,player,1,275.2,181.7,350.0,274.5,93.8,35.15
827,777,player,1,58.2,389.0,125.8,480.0,26.27,69.73
827,778,player,1,74.0,5.9,117.5,88.7,27.84,4.8
827,775,player,1,288.0,6.2,348.5,79.6,95.16,3.2
828,630,player,1,98.9,269.0,238.0,458.2,49.84,65.95
828,762,player,1,230.0,5.0,266.8,53.1,74.06,-1.06
828,766,player,2,273.4,235.7,334.4,422.3,91.39,59.73
828,8,player,1,20.1,4.5,52.9,53.6,9.88,-0.89
828,745,player,2,156.3,8.5,190.6,56.1,51.42,-0.56
828,778,player,1,67.6,5.6,111.4,87.5,25.94,4.61
828,775,player,1,288.1,6.2,349.4,78.9,95.32,3.09
828,7,player,1,85.4,6.1,121.2,53.5,30.16,-0.94
829,630,player,1,86.2,271.2,227.1,458.6,46.2,66.03
829,762,player,1,230.1,5.0,267.0,53.3,74.11,-1.04
829,766,player,2,267.3,235.4,332.4,423.0,90.16,59.85
829,745,player,2,157.0,8.5,190.3,54.6,51.47,-0.79
829,7,player,1,85.4,6.0,121.2,53.5,30.16,-0.94
829,759,player,1,294.2,6.0,329.4,54.7,93.17,-0.84
829,740,player,1,0.0,188.9,136.6,425.6,19.01,60.6
829,777,player,1,49.5,400.5,110.6,480.0,22.56,69.75
830,630,player,1,69.4,272.3,218.1,467.5,42.23,67.55
830,762,player,1,230.2,5.0,267.1,53.3,74.14,-1.05
830,766,player,1,260.7,235.5,330.1,424.2,88.8,60.07
830,745,player,2,156.8,8.6,189.8,54.2,51.35,-0.86
830,7,player,1,85.2,5.9,121.6,54.1,30.19,-0.84
830,777,player,1,43.5,404.7,103.2,480.0,20.49,69.76
830,8,player,1,17.6,4.1,67.0,78.6,11.62,3.17
831,630,player,1,64.6,272.5,212.7,463.8,40.66,66.94
831,762,player,1,230.3,5.0,267.1,53.3,74.15,-1.04
831,766,player,1,256.1,235.7,329.3,424.7,87.97,60.14
831,745,player,2,156.7,8.6,189.5,54.1,51.31,-0.88
831,7,player,1,85.2,5.9,121.7,54.3,30.2,-0.81
831,777,player,1,41.1,405.9,101.8,480.0,19.91,69.76
831,8,player,1,17.4,4.0,69.9,83.7,12.02,4.01
831,775,player,1,296.0,6.1,356.0,76.8,97.5,2.73
831,759,player,1,294.8,6.0,330.1,54.6,93.37,-0.85
832,630,player,1,59.0,273.1,206.8,462.6,38.88,66.74
832,762,player,1,230.4,4.9,267.3,53.7,74.19,-0.98
832,766,player,1,251.1,236.8,328.7,425.2,87.12,60.23
832,745,player,2,157.1,8.6,190.3,54.7,51.48,-0.78
832,7,player,1,85.3,5.9,121.9,54.6,30.25,-0.77
832,8,player,1,13.8,4.3,65.7,85.5,10.82,4.3
832,759,player,1,294.7,6.0,329.9,54.6,93.33,-0.85
832,740,player,1,0.0,203.9,128.9,459.4,17.77,66.3
833,630,player,1,47.6,273.5,196.2,463.1,35.51,66.84
833,762,player,1,230.6,4.9,267.9,54.0,74.3,-0.93
833,766,player,1,239.2,238.8,320.2,426.0,83.99,60.38
833,7,player,1,85.2,5.9,121.6,54.4,30.19,-0.79
833,8,player,1,5.9,4.1,57.8,85.3,8.42,4.27
833,759,player,1,294.4,6.1,329.7,55.0,93.25,-0.8
833,740,player,1,0.0,208.7,121.3,470.8,16.58,68.22
834,630,player,1,37.1,273.5,184.8,462.6,32.12,66.78
834,762,player,1,230.4,4.9,267.5,53.7,74.22,-0.98
834,766,player,1,226.0,240.1,311.2,427.1,80.59,60.58
834,7,player,1,85.0,6.0,121.8,54.9,30.18,-0.71
834,8,player,1,14.8,4.4,54.7,66.5,9.34,1.21
834,759,player,1,294.8,6.1,329.8,54.7,93.34,-0.83
834,784,player,1,76.2,200.2,139.3,306.2,31.29,40.61
834,777,player,1,22.0,415.7,78.7,480.0,13.39,69.79
834,745,player,2,157.1,8.6,190.3,54.5,51.48,-0.81
835,630,player,1,28.5,272.9,174.3,461.9,29.18,66.67
835,762,player,1,230.4,5.0,267.3,53.8,74.2,-0.97
835,766,player,1,209.1,239.1,297.3,426.7,75.87,60.53
835,7,player,1,85.1,5.9,121.5,54.4,30.14,-0.79
835,8,player,1,18.7,4.5,53.3,58.2,9.73,-0.14
835,759,player,1,295.2,6.0,330.4,54.7,93.49,-0.84
835,784,player,1,64.1,201.3,125.4,304.1,27.3,40.28
836,630,player,1,12.8,271.9,158.4,463.0,24.31,66.87
836,762,player,1,230.3,4.9,267.0,53.5,74.13,-1.0
836,766,player,1,195.5,238.2,287.3,426.5,72.25,60.52
836,7,player,1,85.0,5.9,121.2,54.2,30.1,-0.83
836,8,player,1,23.4,4.0,57.8,55.7,11.12,-0.55
836,759,player,1,295.7,6.0,331.5,54.5,93.72,-0.87
836,784,player,1,48.4,202.3,109.3,303.9,22.43,40.25
836,745,player,2,156.8,8.6,190.1,54.7,51.41,-0.78
837,630,player,1,0.0,271.2,150.4,470.3,21.08,68.12
837,762,player,1,230.2,4.9,266.9,53.5,74.09,-1.01
837,766,player,1,191.8,238.5,287.1,426.6,71.65,60.54
837,7,player,1,85.1,5.9,121.1,53.9,30.09,-0.87
837,8,player,1,22.2,4.4,56.1,54.9,10.7,-0.69
837,759,player,1,295.4,6.1,331.5,54.4,93.68,-0.9
837,784,player,1,44.0,202.1,104.8,303.0,21.05,40.11
837,792,player,1,268.5,304.9,360.0,452.3,94.62,64.74
837,745,player,2,156.8,8.6,190.0,54.7,51.39,-0.78
838,630,player,1,0.0,270.6,140.2,472.0,19.5,68.41
838,762,player,1,230.2,5.0,266.7,53.3,74.07,-1.04
838,766,player,1,179.1,238.2,277.1,425.8,68.16,60.41
838,7,player,1,85.1,5.8,121.2,53.9,30.11,-0.87
838,8,player,1,21.0,4.5,54.4,54.4,10.25,-0.77
838,759,player,1,294.5,6.1,330.7,54.6,93.43,-0.86
838,784,player,1,32.5,202.4,91.6,299.4,17.27,39.52
838,792,player,1,267.2,307.0,354.6,447.3,93.59,63.91
838,745,player,2,157.3,8.6,190.5,54.5,51.54,-0.81
839,630,player,1,0.0,267.8,128.2,465.9,17.65,67.39
839,762,player,1,230.3,5.0,266.9,53.4,74.12,-1.02
839,766,player,1,168.1,236.3,270.0,424.4,65.39,60.2
839,7,player,1,85.3,5.8,121.5,54.0,30.18,-0.85
839,8,player,1,20.5,4.4,53.7,54.1,10.08,-0.81
839,759,player,1,294.3,6.1,330.4,54.8,93.34,-0.83
839,784,player,1,18.8,201.5,79.3,299.9,13.29,39.62
839,792,player,1,254.1,305.0,357.9,471.5,92.13,67.97
839,745,player,2,157.1,8.6,190.1,54.2,51.45,-0.86
840,630,player,1,0.0,265.1,117.7,463.6,16.04,67.02
840,762,player,1,229.9,4.9,266.8,53.8,74.04,-0.96
840,766,player,1,154.0,233.1,259.1,422.8,61.56,59.94
840,7,player,1,85.3,5.8,121.5,54.2,30.18,-0.83
840,8,player,1,20.2,4.4,53.4,54.2,9.98,-0.8
840,759,player,1,295.6,6.0,332.2,54.9,93.81,-0.81
840,784,player,1,6.2,201.9,66.2,298.6,9.35,39.42
840,792,player,1,246.8,303.7,356.7,479.4,90.82,69.32
840,745,player,2,156.9,8.5,189.7,54.0,51.35,-0.89
841,630,player,1,0.0,260.8,106.8,460.5,14.36,66.5
841,762,player,1,230.1,4.9,266.8,53.5,74.08,-1.0
841,766,player,1,141.5,229.7,249.7,420.8,58.19,59.63
841,7,player,1,85.2,5.8,121.5,54.2,30.18,-0.84
841,8,player,1,20.2,4.5,53.2,54.2,9.94,-0.8
841,759,player,1,294.8,6.1,331.3,55.0,93.56,-0.79
841,784,player,1,0.0,200.2,57.4,297.0,7.04,39.16
841,792,player,1,237.1,301.3,350.3,480.0,88.35,69.43
841,745,player,2,157.0,8.5,189.8,54.1,51.38,-0.88
842,630,player,1,0.0,252.7,97.7,458.6,12.96,66.18
842,762,player,1,230.3,4.9,267.1,53.7,74.15,-0.97
842,766,player,1,125.3,225.1,250.6,444.3,55.84,63.57
842,7,player,1,85.1,5.8,121.5,54.2,30.17,-0.83
842,8,player,1,20.2,4.4,53.1,53.9,9.93,-0.84
842,759,player,1,294.5,6.1,330.7,55.1,93.42,-0.77
842,792,player,1,213.4,297.1,331.4,480.0,81.81,69.46
842,745,player,2,157.0,8.5,189.9,54.3,51.4,-0.85
843,630,player,1,0.0,222.8,92.4,451.0,12.16,64.91
843,762,player,1,230.0,4.9,266.8,53.8,74.06,-0.95
843,766,player,1,117.8,223.9,240.5,431.8,53.13,61.5
843,7,player,1,85.1,5.8,121.4,54.2,30.15,-0.82
843,8,player,1,20.3,4.4,53.0,53.9,9.93,-0.85
843,759,player,1,293.9,6.1,330.2,55.2,93.26,-0.76
843,792,player,1,191.0,294.7,310.1,477.7,75.12,69.1
843,745,player,2,156.9,8.4,189.8,54.3,51.38,-0.85
844,630,player,1,0.0,215.9,86.5,448.7,11.26,64.52
844,762,player,1,229.8,4.9,266.7,53.8,74.03,-0.95
844,766,player,1,113.4,222.0,239.6,431.3,52.33,61.4
844,7,player,1,85.1,5.8,121.4,54.2,30.15,-0.82
844,8,player,1,20.4,4.3,52.9,53.7,9.93,-0.88
844,759,player,1,293.2,6.1,329.6,55.3,93.06,-0.75
844,792,player,1,181.5,294.1,303.5,477.7,72.63,69.11
844,745,player,2,156.9,8.3,189.8,54.3,51.38,-0.85
845,762,player,1,229.8,4.9,266.7,53.8,74.01,-0.95
845,766,player,1,104.9,215.3,230.3,419.6,49.59,59.47
845,7,player,1,85.1,5.8,121.4,54.2,30.15,-0.82
845,8,player,1,20.3,4.4,52.9,54.0,9.92,-0.83
845,759,player,1,293.1,6.1,329.7,55.3,93.06,-0.75
845,745,player,2,156.9,8.3,189.7,54.2,51.37,-0.85
846,762,player,1,229.7,4.9,266.6,53.9,73.99,-0.95
846,766,player,1,95.8,213.2,220.4,412.2,46.67,58.23
846,7,player,1,85.1,5.8,121.4,54.2,30.15,-0.82
846,8,player,1,20.2,4.5,52.9,54.1,9.9,-0.81
846,759,player,1,293.6,6.1,330.3,55.2,93.23,-0.76
846,745,player,2,156.9,8.3,189.7,54.3,51.37,-0.85
846,792,player,1,195.0,296.0,307.8,470.5,75.35,67.89
847,762,player,1,229.7,4.9,266.7,53.9,74.0,-0.95
847,766,player,1,85.7,206.2,215.3,409.4,44.34,57.77
847,7,player,1,85.0,5.8,121.4,54.3,30.12,-0.82
847,8,player,1,20.1,4.5,52.8,54.1,9.88,-0.81
847,759,player,1,293.7,6.1,330.5,55.2,93.27,-0.76
847,745,player,2,157.0,8.4,189.7,54.3,51.38,-0.85
847,792,player,1,197.8,296.7,305.1,468.5,75.39,67.56
848,762,player,1,229.6,4.9,266.6,53.9,73.96,-0.94
848,766,player,1,78.2,202.2,207.3,399.5,41.96,56.13
848,7,player,1,84.9,5.7,121.4,54.4,30.12,-0.8
848,8,player,1,20.3,4.5,52.9,54.1,9.92,-0.82
848,759,player,1,293.9,6.1,330.6,55.2,93.32,-0.76
848,745,player,2,157.0,8.5,189.6,54.3,51.36,-0.85
848,792,player,1,204.3,292.6,307.5,461.7,76.73,66.41
849,762,player,1,229.2,5.0,266.4,54.0,73.88,-0.92
849,766,player,1,66.5,194.7,201.1,397.8,39.2,55.85
849,7,player,1,85.0,5.6,121.5,54.3,30.14,-0.81
849,8,player,1,20.3,4.4,52.9,53.9,9.91,-0.84
849,759,player,1,293.9,6.1,330.9,55.3,93.36,-0.75
849,745,player,2,156.9,8.5,189.4,54.2,51.32,-0.86
850,762,player,1,229.1,5.0,266.3,54.0,73.85,-0.92
850,766,player,1,62.1,193.1,199.2,397.1,38.25,55.75
850,7,player,1,85.0,5.6,121.5,54.2,30.15,-0.82
850,8,player,1,20.3,4.4,52.9,53.9,9.92,-0.85
850,759,player,1,293.9,6.1,331.0,55.3,93.38,-0.75
850,745,player,2,156.9,8.5,189.4,54.2,51.3,-0.86
851,762,player,1,228.7,5.1,266.2,54.2,73.76,-0.89
851,766,player,1,61.7,192.6,197.9,392.9,37.98,55.04
851,7,player,1,84.2,5.5,120.9,54.2,29.93,-0.83
851,8,player,1,20.1,4.3,52.6,53.7,9.85,-0.89
851,759,player,1,294.2,5.4,331.3,55.1,93.47,-0.78
851,745,player,2,157.0,8.4,189.5,54.1,51.35,-0.88
851,792,player,1,208.7,287.6,306.2,452.3,77.2,64.82
852,762,player,1,228.3,5.2,266.0,54.3,73.68,-0.88
852,766,player,1,61.1,190.4,198.2,390.5,37.94,54.64
852,7,player,1,83.6,5.5,120.5,54.2,29.77,-0.83
852,8,player,1,20.1,4.3,52.5,53.6,9.83,-0.89
852,759,player,1,294.2,5.1,331.4,55.2,93.47,-0.77
852,745,player,2,156.8,8.5,189.3,54.1,51.29,-0.88
852,812,player,1,114.1,287.0,294.3,447.5,60.84,64.09
852,792,player,1,212.3,287.5,305.0,447.8,77.56,64.07
853,762,player,1,228.2,5.1,266.1,54.4,73.68,-0.87
853,766,player,1,56.2,190.4,193.0,390.8,36.39,54.7
853,7,player,1,83.3,5.5,120.4,54.2,29.72,-0.83
853,8,player,1,20.0,4.3,52.5,53.6,9.81,-0.9
853,759,player,1,294.2,4.8,331.4,55.1,93.49,-0.77
853,745,player,2,156.9,8.5,189.3,54.0,51.3,-0.89
853,812,player,1,110.9,282.5,298.7,449.8,61.03,64.48
854,762,player,1,229.6,5.1,266.9,53.8,74.01,-0.97
854,766,player,1,60.1,192.7,197.0,391.4,37.6,54.78
854,7,player,1,84.2,5.6,121.0,54.0,29.95,-0.86
854,8,player,1,19.9,4.3,52.5,53.8,9.81,-0.86
854,759,player,1,294.2,4.8,331.2,55.0,93.46,-0.79
854,745,player,2,156.9,8.4,189.4,54.0,51.32,-0.89
854,812,player,1,112.3,285.9,298.0,451.3,61.14,64.74
854,792,player,1,208.6,248.2,320.9,448.6,79.44,64.19
855,762,player,1,229.6,5.2,266.8,53.7,74.0,-0.98
855,766,player,1,52.2,189.8,189.6,390.7,35.25,54.68
855,7,player,1,84.3,5.6,121.1,54.0,29.98,-0.86
855,8,player,1,20.0,4.3,52.6,53.8,9.82,-0.86
855,759,player,1,294.4,4.7,331.2,55.1,93.47,-0.78
855,745,player,2,156.9,8.5,189.3,54.0,51.3,-0.89
855,812,player,1,85.9,249.9,326.2,465.8,61.42,67.16
856,762,player,1,230.1,5.2,267.1,53.5,74.12,-1.01
856,766,player,1,44.4,191.0,179.9,393.0,32.56,55.09
856,7,player,1,84.6,5.6,121.3,54.0,30.06,-0.87
856,8,player,1,20.0,4.3,52.6,54.0,9.83,-0.83
856,759,player,1,294.4,4.7,331.0,55.1,93.46,-0.78
856,745,player,2,156.9,8.5,189.2,54.0,51.28,-0.88
856,792,player,1,207.7,238.7,322.3,449.7,79.51,64.37
857,762,player,1,230.4,5.2,267.1,53.4,74.17,-1.02
857,766,player,1,42.6,191.5,175.6,393.6,31.61,55.18
857,7,player,1,84.7,5.6,121.4,53.9,30.09,-0.87
857,8,player,1,20.0,4.3,52.7,54.0,9.83,-0.82
857,759,player,1,294.4,4.7,330.9,55.1,93.45,-0.77
857,745,player,2,156.8,8.5,189.2,54.1,51.28,-0.88
857,813,player,1,110.0,374.3,188.2,400.7,43.91,56.31
857,814,player,1,114.3,130.3,200.9,372.0,46.53,51.51
857,792,player,1,209.0,237.5,321.3,449.8,79.56,64.4
858,762,player,1,228.8,5.1,266.3,54.2,73.8,-0.9
858,766,player,1,55.9,191.2,189.8,391.7,35.84,54.85
858,7,player,1,83.9,5.6,120.9,54.1,29.88,-0.84
858,8,player,1,19.9,4.3,52.5,54.0,9.8,-0.83
858,759,player,1,294.5,4.7,330.9,55.1,93.46,-0.77
858,745,player,2,156.8,8.5,189.2,54.0,51.28,-0.89
858,814,player,1,122.5,130.7,210.0,374.0,49.18,51.83
858,792,player,1,208.4,221.5,323.8,447.0,79.84,63.93
858,812,player,1,104.8,275.9,301.0,452.4,60.44,64.91
859,762,player,1,229.9,5.1,266.9,53.7,74.05,-0.97
859,766,player,1,60.5,193.5,194.3,391.4,37.25,54.79
859,7,player,1,83.5,5.6,120.7,54.2,29.8,-0.83
859,8,player,1,19.8,4.3,52.5,54.0,9.78,-0.83
859,759,player,1,294.6,4.7,330.8,55.1,93.46,-0.77
859,745,player,2,156.9,8.5,189.3,54.0,51.29,-0.89
859,814,player,1,125.6,131.1,215.2,378.5,50.45,52.58
859,812,player,1,109.8,283.1,294.6,449.5,60.22,64.43
860,762,player,1,230.3,5.2,267.1,53.5,74.14,-1.01
860,766,player,1,59.0,191.9,194.6,390.9,37.07,54.71
860,7,player,1,84.3,5.6,121.3,54.0,30.0,-0.86
860,8,player,1,19.9,4.3,52.5,54.0,9.8,-0.84
860,759,player,1,294.5,4.8,330.6,55.2,93.41,-0.77
860,745,player,2,156.9,8.4,189.3,54.0,51.3,-0.88
860,814,player,1,130.1,131.5,214.2,359.9,50.99,49.47
860,813,player,1,109.8,374.8,186.9,400.7,43.68,56.32
860,792,player,1,210.2,233.9,319.3,451.5,79.43,64.69
861,762,player,1,230.5,5.2,267.1,53.4,74.18,-1.02
861,766,player,1,58.6,191.4,195.3,390.8,37.11,54.69
861,7,player,1,84.6,5.6,121.4,53.9,30.07,-0.87
861,8,player,1,19.9,4.3,52.6,54.0,9.81,-0.83
861,759,player,1,294.5,4.8,330.5,55.2,93.4,-0.77
861,745,player,2,156.8,8.5,189.2,54.0,51.27,-0.89
861,813,player,1,110.0,374.9,186.6,400.6,43.66,56.3
861,792,player,1,211.4,237.9,317.6,453.9,79.36,65.08
862,762,player,1,230.6,5.2,267.1,53.4,74.19,-1.02
862,766,player,1,58.4,193.0,196.1,392.4,37.2,54.96
862,7,player,1,84.7,5.6,121.5,53.9,30.1,-0.87
862,8,player,1,19.9,4.2,52.6,54.0,9.81,-0.82
862,759,player,1,294.6,4.8,330.6,55.1,93.42,-0.77
862,745,player,2,156.8,8.4,189.3,54.0,51.28,-0.89
862,792,player,1,211.5,239.7,317.4,459.0,79.37,65.94
863,762,player,1,230.7,5.2,267.1,53.4,74.21,-1.02
863,766,player,1,54.8,189.2,194.3,391.6,36.37,54.83
863,7,player,1,84.3,5.5,121.2,54.0,29.99,-0.86
863,8,player,1,20.0,4.3,52.5,54.0,9.82,-0.83
863,759,player,1,294.7,4.8,330.6,55.2,93.45,-0.76
863,745,player,2,157.0,8.4,189.4,54.0,51.33,-0.89
863,792,player,1,213.2,239.9,315.5,454.6,79.31,65.19
863,812,player,1,91.0,241.6,325.8,456.8,62.13,65.64
864,762,player,1,230.8,5.2,267.0,53.4,74.21,-1.02
864,766,player,1,59.1,188.0,200.8,392.4,38.03,54.96
864,7,player,1,84.1,5.5,121.2,54.0,29.97,-0.85
864,8,player,1,20.0,4.3,52.5,54.0,9.82,-0.84
864,759,player,1,294.8,4.8,330.6,55.2,93.46,-0.76
864,745,player,2,157.0,8.4,189.5,54.0,51.35,-0.89
864,792,player,1,219.4,237.2,313.8,435.7,79.98,62.02
864,812,player,1,96.1,230.7,327.5,445.8,63.16,63.8
865,762,player,1,230.8,5.1,267.0,53.5,74.21,-1.02
865,766,player,1,62.1,190.0,203.4,392.5,38.89,54.97
865,7,player,1,84.5,5.5,121.5,54.0,30.07,-0.86
865,8,player,1,20.0,4.3,52.5,54.0,9.81,-0.83
865,759,player,1,294.8,4.8,330.5,55.2,93.43,-0.77
865,745,player,2,157.0,8.4,189.4,54.0,51.34,-0.9
865,812,player,1,106.4,259.4,309.2,448.1,61.95,64.18
866,762,player,1,230.8,5.1,266.9,53.4,74.2,-1.02
866,766,player,1,60.3,190.2,200.6,390.9,38.19,54.7
866,7,player,1,84.6,5.6,121.4,53.9,30.08,-0.87
866,8,player,1,19.9,4.4,52.5,54.0,9.8,-0.83
866,759,player,1,294.9,4.7,330.5,55.1,93.45,-0.78
866,745,player,2,157.0,8.4,189.4,54.0,51.32,-0.89
866,812,player,1,102.4,244.2,318.7,447.1,62.78,64.02
866,792,player,1,220.9,238.4,314.5,436.3,80.32,62.13
867,762,player,1,230.9,5.1,266.9,53.4,74.2,-1.02
867,766,player,1,52.8,192.0,189.4,390.3,35.32,54.62
867,7,player,1,84.7,5.6,121.4,53.9,30.09,-0.88
867,8,player,1,19.9,4.4,52.5,54.0,9.8,-0.83
867,759,player,1,294.9,4.8,330.4,55.1,93.45,-0.78
867,745,player,2,157.0,8.4,189.4,54.0,51.34,-0.9
867,812,player,1,101.6,236.3,323.5,447.2,63.4,64.03
867,792,player,1,219.8,237.9,315.4,441.3,80.3,62.97
867,814,player,1,128.8,130.9,219.3,370.1,51.57,51.18
868,762,player,1,230.9,5.1,266.8,53.5,74.19,-1.02
868,766,player,1,58.9,192.8,196.8,391.0,37.38,54.72
868,7,player,1,84.4,5.7,121.1,53.9,29.99,-0.88
868,8,player,1,19.9,4.3,52.5,54.0,9.8,-0.83
868,759,player,1,294.9,4.8,330.4,55.1,93.44,-0.78
868,745,player,2,156.9,8.5,189.2,54.0,51.29,-0.89
868,812,player,1,100.9,235.1,324.1,449.5,63.38,64.42
868,792,player,1,220.2,238.4,312.9,436.2,79.97,62.1
869,762,player,1,230.9,5.1,266.8,53.5,74.19,-1.01
869,766,player,1,60.8,193.1,200.0,391.3,38.16,54.77
869,7,player,1,84.6,5.7,121.3,53.9,30.05,-0.88
869,8,player,1,19.9,4.3,52.5,54.0,9.79,-0.83
869,759,player,1,294.9,4.8,330.4,55.1,93.44,-0.78
869,745,player,2,156.9,8.4,189.2,54.0,51.28,-0.89
869,812,player,1,101.3,234.7,323.5,450.4,63.36,64.58
869,792,player,1,220.4,238.7,311.9,434.2,79.84,61.77
870,762,player,1,230.9,5.2,266.7,53.5,74.18,-1.01
870,766,player,1,62.6,192.0,203.4,390.8,38.96,54.69
870,7,player,1,84.8,5.7,121.3,53.9,30.09,-0.88
870,8,player,1,19.9,4.3,52.5,54.0,9.79,-0.83
870,759,player,1,294.9,4.8,330.3,55.0,93.42,-0.8
870,745,player,2,156.9,8.4,189.2,54.0,51.28,-0.89
870,812,player,1,110.3,261.3,306.1,450.8,62.07,64.64
870,792,player,1,219.6,237.0,314.9,442.2,80.18,63.11
871,762,player,1,230.9,5.1,266.7,53.5,74.18,-1.01
871,766,player,1,61.1,189.1,205.8,393.5,39.1,55.14
871,7,player,1,84.8,5.7,121.3,53.9,30.09,-0.88
871,8,player,1,19.9,4.3,52.5,54.0,9.8,-0.82
871,759,player,1,295.0,4.8,330.3,55.0,93.43,-0.79
871,745,player,2,156.8,8.5,189.2,54.0,51.27,-0.88
871,812,player,1,113.8,272.4,299.0,451.2,61.53,64.71
871,792,player,1,221.8,234.7,313.2,431.3,80.26,61.29
872,762,player,1,230.9,5.1,266.7,53.5,74.18,-1.01
872,766,player,1,60.5,188.1,206.7,394.5,39.15,55.31
872,7,player,1,84.9,5.7,121.3,53.9,30.1,-0.88
872,8,player,1,19.9,4.3,52.5,54.0,9.8,-0.82
872,759,player,1,295.0,4.8,330.3,55.0,93.44,-0.79
872,745,player,2,156.8,8.5,189.1,54.1,51.26,-0.88
872,812,player,1,114.2,274.7,297.6,451.6,61.37,64.78
872,792,player,1,222.7,233.9,312.6,426.8,80.3,60.54
873,762,player,1,230.9,5.1,266.7,53.5,74.19,-1.01
873,766,player,1,51.4,189.3,193.8,392.9,35.77,55.05
873,7,player,1,84.9,5.7,121.3,53.9,30.09,-0.88
873,8,player,1,19.9,4.3,52.5,54.0,9.8,-0.83
873,759,player,1,294.8,4.8,330.1,55.1,93.38,-0.77
873,745,player,2,156.8,8.4,189.1,54.0,51.26,-0.89
873,812,player,1,112.3,277.8,291.9,450.8,60.21,64.66
873,792,player,1,216.1,227.1,314.8,441.8,79.64,63.05
874,762,player,1,231.0,5.1,266.7,53.5,74.19,-1.01
874,766,player,1,51.2,189.9,192.2,392.4,35.49,54.96
874,7,player,1,84.9,5.7,121.3,53.9,30.09,-0.88
874,8,player,1,19.9,4.3,52.5,54.0,9.8,-0.83
874,759,player,1,294.8,4.8,330.1,55.1,93.38,-0.78
874,745,player,2,156.8,8.4,189.1,54.0,51.27,-0.89
874,812,player,1,110.7,277.5,290.4,450.6,59.73,64.61
874,792,player,1,215.1,229.7,314.3,447.5,79.42,64.01
875,762,player,1,230.9,5.1,266.7,53.5,74.18,-1.01
875,766,player,1,56.2,191.2,197.0,392.4,37.0,54.95
875,7,player,1,85.0,5.7,121.3,53.9,30.12,-0.88
875,8,player,1,19.9,4.3,52.5,54.0,9.8,-0.83
875,759,player,1,294.9,4.8,330.2,55.0,93.41,-0.79
875,745,player,2,156.9,8.4,189.2,54.1,51.29,-0.88
875,812,player,1,113.2,283.4,286.8,449.8,59.54,64.49
875,792,player,1,215.3,233.2,313.3,449.9,79.29,64.4
876,762,player,1,230.9,5.1,266.7,53.5,74.18,-1.01
876,766,player,1,47.4,190.5,186.2,392.3,33.98,54.95
876,7,player,1,85.0,5.7,121.3,53.9,30.13,-0.88
876,8,player,1,19.9,4.3,52.5,54.0,9.8,-0.83
876,759,player,1,294.8,4.8,330.1,55.1,93.38,-0.78
876,745,player,2,156.9,8.4,189.2,54.1,51.28,-0.88
876,812,player,1,113.9,285.4,285.6,449.1,59.47,64.38
876,792,player,1,215.6,226.5,312.4,441.8,79.2,63.05
876,814,player,1,121.1,130.5,213.5,368.0,49.51,50.84
877,762,player,1,230.9,5.1,266.6,53.5,74.17,-1.01
877,766,player,1,58.5,192.9,196.9,391.8,37.33,54.86
877,7,player,1,85.1,5.7,121.3,53.9,30.13,-0.87
877,8,player,1,19.9,4.3,52.5,54.0,9.8,-0.83
877,759,player,1,294.9,4.8,330.2,55.0,93.42,-0.79
877,745,player,2,156.9,8.4,189.2,54.1,51.3,-0.88
877,812,player,1,116.0,286.7,288.4,450.1,60.23,64.53
877,792,player,1,215.6,223.1,314.1,444.4,79.46,63.49
878,762,player,1,231.0,5.1,266.7,53.5,74.18,-1.01
878,766,player,1,56.6,192.4,195.2,391.5,36.79,54.81
878,7,player,1,85.1,5.7,121.4,54.0,30.14,-0.86
878,8,player,1,19.9,4.3,52.5,53.9,9.8,-0.84
878,759,player,1,295.0,4.8,330.3,55.2,93.44,-0.77
878,745,player,2,156.9,8.4,189.2,54.0,51.28,-0.89
878,792,player,1,216.7,225.9,314.2,446.4,79.65,63.83
879,762,player,1,231.0,5.1,266.6,53.5,74.18,-1.01
879,766,player,1,47.9,190.9,185.2,391.7,33.92,54.85
879,7,player,1,85.1,5.7,121.3,53.9,30.13,-0.87
879,8,player,1,19.9,4.3,52.5,53.9,9.8,-0.84
879,759,player,1,294.9,4.8,330.2,55.1,93.4,-0.78
879,745,player,2,156.9,8.4,189.1,54.0,51.28,-0.89
879,814,player,1,119.3,131.0,214.9,370.3,49.45,51.21
879,812,player,1,113.3,284.6,287.5,449.2,59.67,64.39
880,762,player,1,230.5,5.1,266.4,53.5,74.07,-1.0
880,766,player,1,45.9,192.1,179.6,390.3,32.74,54.62
880,7,player,1,85.2,5.7,121.3,54.0,30.14,-0.87
880,8,player,1,19.9,4.3,52.4,53.9,9.79,-0.84
880,759,player,1,295.0,4.8,330.3,55.2,93.44,-0.77
880,745,player,2,157.1,8.4,189.4,54.0,51.34,-0.89
880,812,player,1,114.0,287.7,285.8,448.8,59.52,64.31
880,792,player,1,214.5,220.4,314.2,448.6,79.31,64.19
881,762,player,1,230.9,5.1,266.6,53.5,74.16,-1.01
881,766,player,1,46.8,191.5,180.9,392.3,33.09,54.97
881,7,player,1,85.2,5.7,121.2,53.9,30.13,-0.87
881,8,player,1,19.9,4.4,52.5,54.1,9.79,-0.82
881,759,player,1,294.9,4.5,330.3,55.1,93.42,-0.78
881,745,player,2,157.0,8.4,189.2,54.0,51.3,-0.89
881,812,player,1,111.9,286.0,288.8,451.5,59.67,64.77
881,792,player,1,216.1,225.3,311.8,445.5,79.18,63.67
881,814,player,1,121.4,130.6,217.5,362.9,50.16,49.97
882,762,player,1,230.6,5.1,266.5,53.5,74.11,-1.01
882,766,player,1,46.0,192.0,177.6,391.7,32.45,54.86
882,7,player,1,85.2,5.7,121.3,53.9,30.14,-0.87
882,8,player,1,19.9,4.4,52.5,54.1,9.8,-0.81
882,759,player,1,295.1,4.7,330.3,55.1,93.45,-0.77
882,745,player,2,156.9,8.4,189.1,54.0,51.28,-0.89
882,812,player,1,112.5,287.3,287.3,449.9,59.51,64.51
882,792,player,1,215.0,221.1,312.6,447.6,79.15,64.02
883,762,player,1,230.9,5.1,266.7,53.5,74.17,-1.01
883,766,player,1,59.4,193.8,192.3,392.6,36.77,55.0
883,7,player,1,85.2,5.6,121.2,53.9,30.13,-0.87
883,8,player,1,19.9,4.4,52.5,54.0,9.81,-0.83
883,759,player,1,295.5,5.5,330.1,55.0,93.49,-0.79
883,745,player,2,156.9,8.4,189.1,54.0,51.27,-0.89
883,812,player,1,114.9,288.1,289.6,450.0,60.23,64.52
883,814,player,1,122.0,131.1,218.3,360.3,50.38,49.54
